[2026-05-22 23:31:44] local.ERROR: SQLSTATE[42S02]: Base table or view not found: 1146 Table 'control_citas_medicas.sessions' doesn't exist (Connection: mysql, Host: 127.0.0.1, Port: 3306, Database: control_citas_medicas, SQL: select * from `sessions` where `id` = Rj0RaPjiG5lQeYZ4U8IqhHgHsIo6N7vAyp7a4xPr limit 1) {"exception":"[object] (Illuminate\\Database\\QueryException(code: 42S02): SQLSTATE[42S02]: Base table or view not found: 1146 Table 'control_citas_medicas.sessions' doesn't exist (Connection: mysql, Host: 127.0.0.1, Port: 3306, Database: control_citas_medicas, SQL: select * from `sessions` where `id` = Rj0RaPjiG5lQeYZ4U8IqhHgHsIo6N7vAyp7a4xPr limit 1) at E:/Users/Josue/UDB/2026/DSS404/Laboratorio/Desafio 3/control_citas_medica/vendor/laravel/framework/src/Illuminate/Database/Connection.php:838)
[stacktrace]
#0 E:/Users/Josue/UDB/2026/DSS404/Laboratorio/Desafio 3/control_citas_medica/vendor/laravel/framework/src/Illuminate/Database/Connection.php(794): Illuminate/Database/Connection->runQueryCallback('select * from `...', Array, Object(Closure))
#1 E:/Users/Josue/UDB/2026/DSS404/Laboratorio/Desafio 3/control_citas_medica/vendor/laravel/framework/src/Illuminate/Database/Connection.php(411): Illuminate/Database/Connection->run('select * from `...', Array, Object(Closure))
#2 E:/Users/Josue/UDB/2026/DSS404/Laboratorio/Desafio 3/control_citas_medica/vendor/laravel/framework/src/Illuminate/Database/Query/Builder.php(3505): Illuminate/Database/Connection->select('select * from `...', Array, false)
#3 E:/Users/Josue/UDB/2026/DSS404/Laboratorio/Desafio 3/control_citas_medica/vendor/laravel/framework/src/Illuminate/Database/Query/Builder.php(3490): Illuminate/Database/Query/Builder->runSelect()
#4 E:/Users/Josue/UDB/2026/DSS404/Laboratorio/Desafio 3/control_citas_medica/vendor/laravel/framework/src/Illuminate/Database/Query/Builder.php(4080): Illuminate/Database/Query/Builder->Illuminate/Database/Query/{closure}()
#5 E:/Users/Josue/UDB/2026/DSS404/Laboratorio/Desafio 3/control_citas_medica/vendor/laravel/framework/src/Illuminate/Database/Query/Builder.php(3489): Illuminate/Database/Query/Builder->onceWithColumns(Array, Object(Closure))
#6 E:/Users/Josue/UDB/2026/DSS404/Laboratorio/Desafio 3/control_citas_medica/vendor/laravel/framework/src/Illuminate/Database/Concerns/BuildsQueries.php(366): Illuminate/Database/Query/Builder->get(Array)
#7 E:/Users/Josue/UDB/2026/DSS404/Laboratorio/Desafio 3/control_citas_medica/vendor/laravel/framework/src/Illuminate/Database/Query/Builder.php(3412): Illuminate/Database/Query/Builder->first(Array)
#8 E:/Users/Josue/UDB/2026/DSS404/Laboratorio/Desafio 3/control_citas_medica/vendor/laravel/framework/src/Illuminate/Session/DatabaseSessionHandler.php(96): Illuminate/Database/Query/Builder->find('Rj0RaPjiG5lQeYZ...')
#9 E:/Users/Josue/UDB/2026/DSS404/Laboratorio/Desafio 3/control_citas_medica/vendor/laravel/framework/src/Illuminate/Session/Store.php(128): Illuminate/Session/DatabaseSessionHandler->read('Rj0RaPjiG5lQeYZ...')
#10 E:/Users/Josue/UDB/2026/DSS404/Laboratorio/Desafio 3/control_citas_medica/vendor/laravel/framework/src/Illuminate/Session/Store.php(116): Illuminate/Session/Store->readFromHandler()
#11 E:/Users/Josue/UDB/2026/DSS404/Laboratorio/Desafio 3/control_citas_medica/vendor/laravel/framework/src/Illuminate/Session/Store.php(100): Illuminate/Session/Store->loadSession()
#12 E:/Users/Josue/UDB/2026/DSS404/Laboratorio/Desafio 3/control_citas_medica/vendor/laravel/framework/src/Illuminate/Session/Middleware/StartSession.php(146): Illuminate/Session/Store->start()
#13 E:/Users/Josue/UDB/2026/DSS404/Laboratorio/Desafio 3/control_citas_medica/vendor/laravel/framework/src/Illuminate/Support/helpers.php(393): Illuminate/Session/Middleware/StartSession->Illuminate/Session/Middleware/{closure}(Object(Illuminate/Session/Store))
#14 E:/Users/Josue/UDB/2026/DSS404/Laboratorio/Desafio 3/control_citas_medica/vendor/laravel/framework/src/Illuminate/Session/Middleware/StartSession.php(143): tap(Object(Illuminate/Session/Store), Object(Closure))
#15 E:/Users/Josue/UDB/2026/DSS404/Laboratorio/Desafio 3/control_citas_medica/vendor/laravel/framework/src/Illuminate/Session/Middleware/StartSession.php(115): Illuminate/Session/Middleware/StartSession->startSession(Object(Illuminate/Http/Request), Object(Illuminate/Session/Store))
#16 E:/Users/Josue/UDB/2026/DSS404/Laboratorio/Desafio 3/control_citas_medica/vendor/laravel/framework/src/Illuminate/Session/Middleware/StartSession.php(63): Illuminate/Session/Middleware/StartSession->handleStatefulRequest(Object(Illuminate/Http/Request), Object(Illuminate/Session/Store), Object(Closure))
#17 E:/Users/Josue/UDB/2026/DSS404/Laboratorio/Desafio 3/control_citas_medica/vendor/laravel/framework/src/Illuminate/Pipeline/Pipeline.php(219): Illuminate/Session/Middleware/StartSession->handle(Object(Illuminate/Http/Request), Object(Closure))
#18 E:/Users/Josue/UDB/2026/DSS404/Laboratorio/Desafio 3/control_citas_medica/vendor/laravel/framework/src/Illuminate/Cookie/Middleware/AddQueuedCookiesToResponse.php(36): Illuminate/Pipeline/Pipeline->Illuminate/Pipeline/{closure}(Object(Illuminate/Http/Request))
#19 E:/Users/Josue/UDB/2026/DSS404/Laboratorio/Desafio 3/control_citas_medica/vendor/laravel/framework/src/Illuminate/Pipeline/Pipeline.php(219): Illuminate/Cookie/Middleware/AddQueuedCookiesToResponse->handle(Object(Illuminate/Http/Request), Object(Closure))
#20 E:/Users/Josue/UDB/2026/DSS404/Laboratorio/Desafio 3/control_citas_medica/vendor/laravel/framework/src/Illuminate/Cookie/Middleware/EncryptCookies.php(74): Illuminate/Pipeline/Pipeline->Illuminate/Pipeline/{closure}(Object(Illuminate/Http/Request))
#21 E:/Users/Josue/UDB/2026/DSS404/Laboratorio/Desafio 3/control_citas_medica/vendor/laravel/framework/src/Illuminate/Pipeline/Pipeline.php(219): Illuminate/Cookie/Middleware/EncryptCookies->handle(Object(Illuminate/Http/Request), Object(Closure))
#22 E:/Users/Josue/UDB/2026/DSS404/Laboratorio/Desafio 3/control_citas_medica/vendor/laravel/framework/src/Illuminate/Pipeline/Pipeline.php(137): Illuminate/Pipeline/Pipeline->Illuminate/Pipeline/{closure}(Object(Illuminate/Http/Request))
#23 E:/Users/Josue/UDB/2026/DSS404/Laboratorio/Desafio 3/control_citas_medica/vendor/laravel/framework/src/Illuminate/Routing/Router.php(821): Illuminate/Pipeline/Pipeline->then(Object(Closure))
#24 E:/Users/Josue/UDB/2026/DSS404/Laboratorio/Desafio 3/control_citas_medica/vendor/laravel/framework/src/Illuminate/Routing/Router.php(800): Illuminate/Routing/Router->runRouteWithinStack(Object(Illuminate/Routing/Route), Object(Illuminate/Http/Request))
#25 E:/Users/Josue/UDB/2026/DSS404/Laboratorio/Desafio 3/control_citas_medica/vendor/laravel/framework/src/Illuminate/Routing/Router.php(764): Illuminate/Routing/Router->runRoute(Object(Illuminate/Http/Request), Object(Illuminate/Routing/Route))
#26 E:/Users/Josue/UDB/2026/DSS404/Laboratorio/Desafio 3/control_citas_medica/vendor/laravel/framework/src/Illuminate/Routing/Router.php(753): Illuminate/Routing/Router->dispatchToRoute(Object(Illuminate/Http/Request))
#27 E:/Users/Josue/UDB/2026/DSS404/Laboratorio/Desafio 3/control_citas_medica/vendor/laravel/framework/src/Illuminate/Foundation/Http/Kernel.php(200): Illuminate/Routing/Router->dispatch(Object(Illuminate/Http/Request))
#28 E:/Users/Josue/UDB/2026/DSS404/Laboratorio/Desafio 3/control_citas_medica/vendor/laravel/framework/src/Illuminate/Pipeline/Pipeline.php(180): Illuminate/Foundation/Http/Kernel->Illuminate/Foundation/Http/{closure}(Object(Illuminate/Http/Request))
#29 E:/Users/Josue/UDB/2026/DSS404/Laboratorio/Desafio 3/control_citas_medica/vendor/laravel/framework/src/Illuminate/Foundation/Http/Middleware/TransformsRequest.php(21): Illuminate/Pipeline/Pipeline->Illuminate/Pipeline/{closure}(Object(Illuminate/Http/Request))
#30 E:/Users/Josue/UDB/2026/DSS404/Laboratorio/Desafio 3/control_citas_medica/vendor/laravel/framework/src/Illuminate/Foundation/Http/Middleware/ConvertEmptyStringsToNull.php(31): Illuminate/Foundation/Http/Middleware/TransformsRequest->handle(Object(Illuminate/Http/Request), Object(Closure))
#31 E:/Users/Josue/UDB/2026/DSS404/Laboratorio/Desafio 3/control_citas_medica/vendor/laravel/framework/src/Illuminate/Pipeline/Pipeline.php(219): Illuminate/Foundation/Http/Middleware/ConvertEmptyStringsToNull->handle(Object(Illuminate/Http/Request), Object(Closure))
#32 E:/Users/Josue/UDB/2026/DSS404/Laboratorio/Desafio 3/control_citas_medica/vendor/laravel/framework/src/Illuminate/Foundation/Http/Middleware/TransformsRequest.php(21): Illuminate/Pipeline/Pipeline->Illuminate/Pipeline/{closure}(Object(Illuminate/Http/Request))
#33 E:/Users/Josue/UDB/2026/DSS404/Laboratorio/Desafio 3/control_citas_medica/vendor/laravel/framework/src/Illuminate/Foundation/Http/Middleware/TrimStrings.php(51): Illuminate/Foundation/Http/Middleware/TransformsRequest->handle(Object(Illuminate/Http/Request), Object(Closure))
#34 E:/Users/Josue/UDB/2026/DSS404/Laboratorio/Desafio 3/control_citas_medica/vendor/laravel/framework/src/Illuminate/Pipeline/Pipeline.php(219): Illuminate/Foundation/Http/Middleware/TrimStrings->handle(Object(Illuminate/Http/Request), Object(Closure))
#35 E:/Users/Josue/UDB/2026/DSS404/Laboratorio/Desafio 3/control_citas_medica/vendor/laravel/framework/src/Illuminate/Http/Middleware/ValidatePostSize.php(27): Illuminate/Pipeline/Pipeline->Illuminate/Pipeline/{closure}(Object(Illuminate/Http/Request))
#36 E:/Users/Josue/UDB/2026/DSS404/Laboratorio/Desafio 3/control_citas_medica/vendor/laravel/framework/src/Illuminate/Pipeline/Pipeline.php(219): Illuminate/Http/Middleware/ValidatePostSize->handle(Object(Illuminate/Http/Request), Object(Closure))
#37 E:/Users/Josue/UDB/2026/DSS404/Laboratorio/Desafio 3/control_citas_medica/vendor/laravel/framework/src/Illuminate/Foundation/Http/Middleware/PreventRequestsDuringMaintenance.php(109): Illuminate/Pipeline/Pipeline->Illuminate/Pipeline/{closure}(Object(Illuminate/Http/Request))
#38 E:/Users/Josue/UDB/2026/DSS404/Laboratorio/Desafio 3/control_citas_medica/vendor/laravel/framework/src/Illuminate/Pipeline/Pipeline.php(219): Illuminate/Foundation/Http/Middleware/PreventRequestsDuringMaintenance->handle(Object(Illuminate/Http/Request), Object(Closure))
#39 E:/Users/Josue/UDB/2026/DSS404/Laboratorio/Desafio 3/control_citas_medica/vendor/laravel/framework/src/Illuminate/Http/Middleware/HandleCors.php(61): Illuminate/Pipeline/Pipeline->Illuminate/Pipeline/{closure}(Object(Illuminate/Http/Request))
#40 E:/Users/Josue/UDB/2026/DSS404/Laboratorio/Desafio 3/control_citas_medica/vendor/laravel/framework/src/Illuminate/Pipeline/Pipeline.php(219): Illuminate/Http/Middleware/HandleCors->handle(Object(Illuminate/Http/Request), Object(Closure))
#41 E:/Users/Josue/UDB/2026/DSS404/Laboratorio/Desafio 3/control_citas_medica/vendor/laravel/framework/src/Illuminate/Http/Middleware/TrustProxies.php(58): Illuminate/Pipeline/Pipeline->Illuminate/Pipeline/{closure}(Object(Illuminate/Http/Request))
#42 E:/Users/Josue/UDB/2026/DSS404/Laboratorio/Desafio 3/control_citas_medica/vendor/laravel/framework/src/Illuminate/Pipeline/Pipeline.php(219): Illuminate/Http/Middleware/TrustProxies->handle(Object(Illuminate/Http/Request), Object(Closure))
#43 E:/Users/Josue/UDB/2026/DSS404/Laboratorio/Desafio 3/control_citas_medica/vendor/laravel/framework/src/Illuminate/Foundation/Http/Middleware/InvokeDeferredCallbacks.php(22): Illuminate/Pipeline/Pipeline->Illuminate/Pipeline/{closure}(Object(Illuminate/Http/Request))
#44 E:/Users/Josue/UDB/2026/DSS404/Laboratorio/Desafio 3/control_citas_medica/vendor/laravel/framework/src/Illuminate/Pipeline/Pipeline.php(219): Illuminate/Foundation/Http/Middleware/InvokeDeferredCallbacks->handle(Object(Illuminate/Http/Request), Object(Closure))
#45 E:/Users/Josue/UDB/2026/DSS404/Laboratorio/Desafio 3/control_citas_medica/vendor/laravel/framework/src/Illuminate/Http/Middleware/ValidatePathEncoding.php(26): Illuminate/Pipeline/Pipeline->Illuminate/Pipeline/{closure}(Object(Illuminate/Http/Request))
#46 E:/Users/Josue/UDB/2026/DSS404/Laboratorio/Desafio 3/control_citas_medica/vendor/laravel/framework/src/Illuminate/Pipeline/Pipeline.php(219): Illuminate/Http/Middleware/ValidatePathEncoding->handle(Object(Illuminate/Http/Request), Object(Closure))
#47 E:/Users/Josue/UDB/2026/DSS404/Laboratorio/Desafio 3/control_citas_medica/vendor/laravel/framework/src/Illuminate/Pipeline/Pipeline.php(137): Illuminate/Pipeline/Pipeline->Illuminate/Pipeline/{closure}(Object(Illuminate/Http/Request))
#48 E:/Users/Josue/UDB/2026/DSS404/Laboratorio/Desafio 3/control_citas_medica/vendor/laravel/framework/src/Illuminate/Foundation/Http/Kernel.php(175): Illuminate/Pipeline/Pipeline->then(Object(Closure))
#49 E:/Users/Josue/UDB/2026/DSS404/Laboratorio/Desafio 3/control_citas_medica/vendor/laravel/framework/src/Illuminate/Foundation/Http/Kernel.php(144): Illuminate/Foundation/Http/Kernel->sendRequestThroughRouter(Object(Illuminate/Http/Request))
#50 E:/Users/Josue/UDB/2026/DSS404/Laboratorio/Desafio 3/control_citas_medica/vendor/laravel/framework/src/Illuminate/Foundation/Application.php(1220): Illuminate/Foundation/Http/Kernel->handle(Object(Illuminate/Http/Request))
#51 E:/Users/Josue/UDB/2026/DSS404/Laboratorio/Desafio 3/control_citas_medica/public/index.php(20): Illuminate/Foundation/Application->handleRequest(Object(Illuminate/Http/Request))
#52 E:/Users/Josue/UDB/2026/DSS404/Laboratorio/Desafio 3/control_citas_medica/vendor/laravel/framework/src/Illuminate/Foundation/resources/server.php(23): require_once('E://Users//Josue//...')
#53 {main}

[previous exception] [object] (PDOException(code: 42S02): SQLSTATE[42S02]: Base table or view not found: 1146 Table 'control_citas_medicas.sessions' doesn't exist at E:/Users/Josue/UDB/2026/DSS404/Laboratorio/Desafio 3/control_citas_medica/vendor/laravel/framework/src/Illuminate/Database/Connection.php:420)
[stacktrace]
#0 E:/Users/Josue/UDB/2026/DSS404/Laboratorio/Desafio 3/control_citas_medica/vendor/laravel/framework/src/Illuminate/Database/Connection.php(420): PDO->prepare('select * from `...')
#1 E:/Users/Josue/UDB/2026/DSS404/Laboratorio/Desafio 3/control_citas_medica/vendor/laravel/framework/src/Illuminate/Database/Connection.php(827): Illuminate/Database/Connection->Illuminate/Database/{closure}('select * from `...', Array)
#2 E:/Users/Josue/UDB/2026/DSS404/Laboratorio/Desafio 3/control_citas_medica/vendor/laravel/framework/src/Illuminate/Database/Connection.php(794): Illuminate/Database/Connection->runQueryCallback('select * from `...', Array, Object(Closure))
#3 E:/Users/Josue/UDB/2026/DSS404/Laboratorio/Desafio 3/control_citas_medica/vendor/laravel/framework/src/Illuminate/Database/Connection.php(411): Illuminate/Database/Connection->run('select * from `...', Array, Object(Closure))
#4 E:/Users/Josue/UDB/2026/DSS404/Laboratorio/Desafio 3/control_citas_medica/vendor/laravel/framework/src/Illuminate/Database/Query/Builder.php(3505): Illuminate/Database/Connection->select('select * from `...', Array, false)
#5 E:/Users/Josue/UDB/2026/DSS404/Laboratorio/Desafio 3/control_citas_medica/vendor/laravel/framework/src/Illuminate/Database/Query/Builder.php(3490): Illuminate/Database/Query/Builder->runSelect()
#6 E:/Users/Josue/UDB/2026/DSS404/Laboratorio/Desafio 3/control_citas_medica/vendor/laravel/framework/src/Illuminate/Database/Query/Builder.php(4080): Illuminate/Database/Query/Builder->Illuminate/Database/Query/{closure}()
#7 E:/Users/Josue/UDB/2026/DSS404/Laboratorio/Desafio 3/control_citas_medica/vendor/laravel/framework/src/Illuminate/Database/Query/Builder.php(3489): Illuminate/Database/Query/Builder->onceWithColumns(Array, Object(Closure))
#8 E:/Users/Josue/UDB/2026/DSS404/Laboratorio/Desafio 3/control_citas_medica/vendor/laravel/framework/src/Illuminate/Database/Concerns/BuildsQueries.php(366): Illuminate/Database/Query/Builder->get(Array)
#9 E:/Users/Josue/UDB/2026/DSS404/Laboratorio/Desafio 3/control_citas_medica/vendor/laravel/framework/src/Illuminate/Database/Query/Builder.php(3412): Illuminate/Database/Query/Builder->first(Array)
#10 E:/Users/Josue/UDB/2026/DSS404/Laboratorio/Desafio 3/control_citas_medica/vendor/laravel/framework/src/Illuminate/Session/DatabaseSessionHandler.php(96): Illuminate/Database/Query/Builder->find('Rj0RaPjiG5lQeYZ...')
#11 E:/Users/Josue/UDB/2026/DSS404/Laboratorio/Desafio 3/control_citas_medica/vendor/laravel/framework/src/Illuminate/Session/Store.php(128): Illuminate/Session/DatabaseSessionHandler->read('Rj0RaPjiG5lQeYZ...')
#12 E:/Users/Josue/UDB/2026/DSS404/Laboratorio/Desafio 3/control_citas_medica/vendor/laravel/framework/src/Illuminate/Session/Store.php(116): Illuminate/Session/Store->readFromHandler()
#13 E:/Users/Josue/UDB/2026/DSS404/Laboratorio/Desafio 3/control_citas_medica/vendor/laravel/framework/src/Illuminate/Session/Store.php(100): Illuminate/Session/Store->loadSession()
#14 E:/Users/Josue/UDB/2026/DSS404/Laboratorio/Desafio 3/control_citas_medica/vendor/laravel/framework/src/Illuminate/Session/Middleware/StartSession.php(146): Illuminate/Session/Store->start()
#15 E:/Users/Josue/UDB/2026/DSS404/Laboratorio/Desafio 3/control_citas_medica/vendor/laravel/framework/src/Illuminate/Support/helpers.php(393): Illuminate/Session/Middleware/StartSession->Illuminate/Session/Middleware/{closure}(Object(Illuminate/Session/Store))
#16 E:/Users/Josue/UDB/2026/DSS404/Laboratorio/Desafio 3/control_citas_medica/vendor/laravel/framework/src/Illuminate/Session/Middleware/StartSession.php(143): tap(Object(Illuminate/Session/Store), Object(Closure))
#17 E:/Users/Josue/UDB/2026/DSS404/Laboratorio/Desafio 3/control_citas_medica/vendor/laravel/framework/src/Illuminate/Session/Middleware/StartSession.php(115): Illuminate/Session/Middleware/StartSession->startSession(Object(Illuminate/Http/Request), Object(Illuminate/Session/Store))
#18 E:/Users/Josue/UDB/2026/DSS404/Laboratorio/Desafio 3/control_citas_medica/vendor/laravel/framework/src/Illuminate/Session/Middleware/StartSession.php(63): Illuminate/Session/Middleware/StartSession->handleStatefulRequest(Object(Illuminate/Http/Request), Object(Illuminate/Session/Store), Object(Closure))
#19 E:/Users/Josue/UDB/2026/DSS404/Laboratorio/Desafio 3/control_citas_medica/vendor/laravel/framework/src/Illuminate/Pipeline/Pipeline.php(219): Illuminate/Session/Middleware/StartSession->handle(Object(Illuminate/Http/Request), Object(Closure))
#20 E:/Users/Josue/UDB/2026/DSS404/Laboratorio/Desafio 3/control_citas_medica/vendor/laravel/framework/src/Illuminate/Cookie/Middleware/AddQueuedCookiesToResponse.php(36): Illuminate/Pipeline/Pipeline->Illuminate/Pipeline/{closure}(Object(Illuminate/Http/Request))
#21 E:/Users/Josue/UDB/2026/DSS404/Laboratorio/Desafio 3/control_citas_medica/vendor/laravel/framework/src/Illuminate/Pipeline/Pipeline.php(219): Illuminate/Cookie/Middleware/AddQueuedCookiesToResponse->handle(Object(Illuminate/Http/Request), Object(Closure))
#22 E:/Users/Josue/UDB/2026/DSS404/Laboratorio/Desafio 3/control_citas_medica/vendor/laravel/framework/src/Illuminate/Cookie/Middleware/EncryptCookies.php(74): Illuminate/Pipeline/Pipeline->Illuminate/Pipeline/{closure}(Object(Illuminate/Http/Request))
#23 E:/Users/Josue/UDB/2026/DSS404/Laboratorio/Desafio 3/control_citas_medica/vendor/laravel/framework/src/Illuminate/Pipeline/Pipeline.php(219): Illuminate/Cookie/Middleware/EncryptCookies->handle(Object(Illuminate/Http/Request), Object(Closure))
#24 E:/Users/Josue/UDB/2026/DSS404/Laboratorio/Desafio 3/control_citas_medica/vendor/laravel/framework/src/Illuminate/Pipeline/Pipeline.php(137): Illuminate/Pipeline/Pipeline->Illuminate/Pipeline/{closure}(Object(Illuminate/Http/Request))
#25 E:/Users/Josue/UDB/2026/DSS404/Laboratorio/Desafio 3/control_citas_medica/vendor/laravel/framework/src/Illuminate/Routing/Router.php(821): Illuminate/Pipeline/Pipeline->then(Object(Closure))
#26 E:/Users/Josue/UDB/2026/DSS404/Laboratorio/Desafio 3/control_citas_medica/vendor/laravel/framework/src/Illuminate/Routing/Router.php(800): Illuminate/Routing/Router->runRouteWithinStack(Object(Illuminate/Routing/Route), Object(Illuminate/Http/Request))
#27 E:/Users/Josue/UDB/2026/DSS404/Laboratorio/Desafio 3/control_citas_medica/vendor/laravel/framework/src/Illuminate/Routing/Router.php(764): Illuminate/Routing/Router->runRoute(Object(Illuminate/Http/Request), Object(Illuminate/Routing/Route))
#28 E:/Users/Josue/UDB/2026/DSS404/Laboratorio/Desafio 3/control_citas_medica/vendor/laravel/framework/src/Illuminate/Routing/Router.php(753): Illuminate/Routing/Router->dispatchToRoute(Object(Illuminate/Http/Request))
#29 E:/Users/Josue/UDB/2026/DSS404/Laboratorio/Desafio 3/control_citas_medica/vendor/laravel/framework/src/Illuminate/Foundation/Http/Kernel.php(200): Illuminate/Routing/Router->dispatch(Object(Illuminate/Http/Request))
#30 E:/Users/Josue/UDB/2026/DSS404/Laboratorio/Desafio 3/control_citas_medica/vendor/laravel/framework/src/Illuminate/Pipeline/Pipeline.php(180): Illuminate/Foundation/Http/Kernel->Illuminate/Foundation/Http/{closure}(Object(Illuminate/Http/Request))
#31 E:/Users/Josue/UDB/2026/DSS404/Laboratorio/Desafio 3/control_citas_medica/vendor/laravel/framework/src/Illuminate/Foundation/Http/Middleware/TransformsRequest.php(21): Illuminate/Pipeline/Pipeline->Illuminate/Pipeline/{closure}(Object(Illuminate/Http/Request))
#32 E:/Users/Josue/UDB/2026/DSS404/Laboratorio/Desafio 3/control_citas_medica/vendor/laravel/framework/src/Illuminate/Foundation/Http/Middleware/ConvertEmptyStringsToNull.php(31): Illuminate/Foundation/Http/Middleware/TransformsRequest->handle(Object(Illuminate/Http/Request), Object(Closure))
#33 E:/Users/Josue/UDB/2026/DSS404/Laboratorio/Desafio 3/control_citas_medica/vendor/laravel/framework/src/Illuminate/Pipeline/Pipeline.php(219): Illuminate/Foundation/Http/Middleware/ConvertEmptyStringsToNull->handle(Object(Illuminate/Http/Request), Object(Closure))
#34 E:/Users/Josue/UDB/2026/DSS404/Laboratorio/Desafio 3/control_citas_medica/vendor/laravel/framework/src/Illuminate/Foundation/Http/Middleware/TransformsRequest.php(21): Illuminate/Pipeline/Pipeline->Illuminate/Pipeline/{closure}(Object(Illuminate/Http/Request))
#35 E:/Users/Josue/UDB/2026/DSS404/Laboratorio/Desafio 3/control_citas_medica/vendor/laravel/framework/src/Illuminate/Foundation/Http/Middleware/TrimStrings.php(51): Illuminate/Foundation/Http/Middleware/TransformsRequest->handle(Object(Illuminate/Http/Request), Object(Closure))
#36 E:/Users/Josue/UDB/2026/DSS404/Laboratorio/Desafio 3/control_citas_medica/vendor/laravel/framework/src/Illuminate/Pipeline/Pipeline.php(219): Illuminate/Foundation/Http/Middleware/TrimStrings->handle(Object(Illuminate/Http/Request), Object(Closure))
#37 E:/Users/Josue/UDB/2026/DSS404/Laboratorio/Desafio 3/control_citas_medica/vendor/laravel/framework/src/Illuminate/Http/Middleware/ValidatePostSize.php(27): Illuminate/Pipeline/Pipeline->Illuminate/Pipeline/{closure}(Object(Illuminate/Http/Request))
#38 E:/Users/Josue/UDB/2026/DSS404/Laboratorio/Desafio 3/control_citas_medica/vendor/laravel/framework/src/Illuminate/Pipeline/Pipeline.php(219): Illuminate/Http/Middleware/ValidatePostSize->handle(Object(Illuminate/Http/Request), Object(Closure))
#39 E:/Users/Josue/UDB/2026/DSS404/Laboratorio/Desafio 3/control_citas_medica/vendor/laravel/framework/src/Illuminate/Foundation/Http/Middleware/PreventRequestsDuringMaintenance.php(109): Illuminate/Pipeline/Pipeline->Illuminate/Pipeline/{closure}(Object(Illuminate/Http/Request))
#40 E:/Users/Josue/UDB/2026/DSS404/Laboratorio/Desafio 3/control_citas_medica/vendor/laravel/framework/src/Illuminate/Pipeline/Pipeline.php(219): Illuminate/Foundation/Http/Middleware/PreventRequestsDuringMaintenance->handle(Object(Illuminate/Http/Request), Object(Closure))
#41 E:/Users/Josue/UDB/2026/DSS404/Laboratorio/Desafio 3/control_citas_medica/vendor/laravel/framework/src/Illuminate/Http/Middleware/HandleCors.php(61): Illuminate/Pipeline/Pipeline->Illuminate/Pipeline/{closure}(Object(Illuminate/Http/Request))
#42 E:/Users/Josue/UDB/2026/DSS404/Laboratorio/Desafio 3/control_citas_medica/vendor/laravel/framework/src/Illuminate/Pipeline/Pipeline.php(219): Illuminate/Http/Middleware/HandleCors->handle(Object(Illuminate/Http/Request), Object(Closure))
#43 E:/Users/Josue/UDB/2026/DSS404/Laboratorio/Desafio 3/control_citas_medica/vendor/laravel/framework/src/Illuminate/Http/Middleware/TrustProxies.php(58): Illuminate/Pipeline/Pipeline->Illuminate/Pipeline/{closure}(Object(Illuminate/Http/Request))
#44 E:/Users/Josue/UDB/2026/DSS404/Laboratorio/Desafio 3/control_citas_medica/vendor/laravel/framework/src/Illuminate/Pipeline/Pipeline.php(219): Illuminate/Http/Middleware/TrustProxies->handle(Object(Illuminate/Http/Request), Object(Closure))
#45 E:/Users/Josue/UDB/2026/DSS404/Laboratorio/Desafio 3/control_citas_medica/vendor/laravel/framework/src/Illuminate/Foundation/Http/Middleware/InvokeDeferredCallbacks.php(22): Illuminate/Pipeline/Pipeline->Illuminate/Pipeline/{closure}(Object(Illuminate/Http/Request))
#46 E:/Users/Josue/UDB/2026/DSS404/Laboratorio/Desafio 3/control_citas_medica/vendor/laravel/framework/src/Illuminate/Pipeline/Pipeline.php(219): Illuminate/Foundation/Http/Middleware/InvokeDeferredCallbacks->handle(Object(Illuminate/Http/Request), Object(Closure))
#47 E:/Users/Josue/UDB/2026/DSS404/Laboratorio/Desafio 3/control_citas_medica/vendor/laravel/framework/src/Illuminate/Http/Middleware/ValidatePathEncoding.php(26): Illuminate/Pipeline/Pipeline->Illuminate/Pipeline/{closure}(Object(Illuminate/Http/Request))
#48 E:/Users/Josue/UDB/2026/DSS404/Laboratorio/Desafio 3/control_citas_medica/vendor/laravel/framework/src/Illuminate/Pipeline/Pipeline.php(219): Illuminate/Http/Middleware/ValidatePathEncoding->handle(Object(Illuminate/Http/Request), Object(Closure))
#49 E:/Users/Josue/UDB/2026/DSS404/Laboratorio/Desafio 3/control_citas_medica/vendor/laravel/framework/src/Illuminate/Pipeline/Pipeline.php(137): Illuminate/Pipeline/Pipeline->Illuminate/Pipeline/{closure}(Object(Illuminate/Http/Request))
#50 E:/Users/Josue/UDB/2026/DSS404/Laboratorio/Desafio 3/control_citas_medica/vendor/laravel/framework/src/Illuminate/Foundation/Http/Kernel.php(175): Illuminate/Pipeline/Pipeline->then(Object(Closure))
#51 E:/Users/Josue/UDB/2026/DSS404/Laboratorio/Desafio 3/control_citas_medica/vendor/laravel/framework/src/Illuminate/Foundation/Http/Kernel.php(144): Illuminate/Foundation/Http/Kernel->sendRequestThroughRouter(Object(Illuminate/Http/Request))
#52 E:/Users/Josue/UDB/2026/DSS404/Laboratorio/Desafio 3/control_citas_medica/vendor/laravel/framework/src/Illuminate/Foundation/Application.php(1220): Illuminate/Foundation/Http/Kernel->handle(Object(Illuminate/Http/Request))
#53 E:/Users/Josue/UDB/2026/DSS404/Laboratorio/Desafio 3/control_citas_medica/public/index.php(20): Illuminate/Foundation/Application->handleRequest(Object(Illuminate/Http/Request))
#54 E:/Users/Josue/UDB/2026/DSS404/Laboratorio/Desafio 3/control_citas_medica/vendor/laravel/framework/src/Illuminate/Foundation/resources/server.php(23): require_once('E://Users//Josue//...')
#55 {main}
"} 
[2026-05-22 23:31:53] local.ERROR: SQLSTATE[42S02]: Base table or view not found: 1146 Table 'control_citas_medicas.sessions' doesn't exist (Connection: mysql, Host: 127.0.0.1, Port: 3306, Database: control_citas_medicas, SQL: select * from `sessions` where `id` = xDvbca0jVXEjuMC9tyQEEr9upjZREPEr6QCImQh6 limit 1) {"exception":"[object] (Illuminate\\Database\\QueryException(code: 42S02): SQLSTATE[42S02]: Base table or view not found: 1146 Table 'control_citas_medicas.sessions' doesn't exist (Connection: mysql, Host: 127.0.0.1, Port: 3306, Database: control_citas_medicas, SQL: select * from `sessions` where `id` = xDvbca0jVXEjuMC9tyQEEr9upjZREPEr6QCImQh6 limit 1) at E:/Users/Josue/UDB/2026/DSS404/Laboratorio/Desafio 3/control_citas_medica/vendor/laravel/framework/src/Illuminate/Database/Connection.php:838)
[stacktrace]
#0 E:/Users/Josue/UDB/2026/DSS404/Laboratorio/Desafio 3/control_citas_medica/vendor/laravel/framework/src/Illuminate/Database/Connection.php(794): Illuminate/Database/Connection->runQueryCallback('select * from `...', Array, Object(Closure))
#1 E:/Users/Josue/UDB/2026/DSS404/Laboratorio/Desafio 3/control_citas_medica/vendor/laravel/framework/src/Illuminate/Database/Connection.php(411): Illuminate/Database/Connection->run('select * from `...', Array, Object(Closure))
#2 E:/Users/Josue/UDB/2026/DSS404/Laboratorio/Desafio 3/control_citas_medica/vendor/laravel/framework/src/Illuminate/Database/Query/Builder.php(3505): Illuminate/Database/Connection->select('select * from `...', Array, false)
#3 E:/Users/Josue/UDB/2026/DSS404/Laboratorio/Desafio 3/control_citas_medica/vendor/laravel/framework/src/Illuminate/Database/Query/Builder.php(3490): Illuminate/Database/Query/Builder->runSelect()
#4 E:/Users/Josue/UDB/2026/DSS404/Laboratorio/Desafio 3/control_citas_medica/vendor/laravel/framework/src/Illuminate/Database/Query/Builder.php(4080): Illuminate/Database/Query/Builder->Illuminate/Database/Query/{closure}()
#5 E:/Users/Josue/UDB/2026/DSS404/Laboratorio/Desafio 3/control_citas_medica/vendor/laravel/framework/src/Illuminate/Database/Query/Builder.php(3489): Illuminate/Database/Query/Builder->onceWithColumns(Array, Object(Closure))
#6 E:/Users/Josue/UDB/2026/DSS404/Laboratorio/Desafio 3/control_citas_medica/vendor/laravel/framework/src/Illuminate/Database/Concerns/BuildsQueries.php(366): Illuminate/Database/Query/Builder->get(Array)
#7 E:/Users/Josue/UDB/2026/DSS404/Laboratorio/Desafio 3/control_citas_medica/vendor/laravel/framework/src/Illuminate/Database/Query/Builder.php(3412): Illuminate/Database/Query/Builder->first(Array)
#8 E:/Users/Josue/UDB/2026/DSS404/Laboratorio/Desafio 3/control_citas_medica/vendor/laravel/framework/src/Illuminate/Session/DatabaseSessionHandler.php(96): Illuminate/Database/Query/Builder->find('xDvbca0jVXEjuMC...')
#9 E:/Users/Josue/UDB/2026/DSS404/Laboratorio/Desafio 3/control_citas_medica/vendor/laravel/framework/src/Illuminate/Session/Store.php(128): Illuminate/Session/DatabaseSessionHandler->read('xDvbca0jVXEjuMC...')
#10 E:/Users/Josue/UDB/2026/DSS404/Laboratorio/Desafio 3/control_citas_medica/vendor/laravel/framework/src/Illuminate/Session/Store.php(116): Illuminate/Session/Store->readFromHandler()
#11 E:/Users/Josue/UDB/2026/DSS404/Laboratorio/Desafio 3/control_citas_medica/vendor/laravel/framework/src/Illuminate/Session/Store.php(100): Illuminate/Session/Store->loadSession()
#12 E:/Users/Josue/UDB/2026/DSS404/Laboratorio/Desafio 3/control_citas_medica/vendor/laravel/framework/src/Illuminate/Session/Middleware/StartSession.php(146): Illuminate/Session/Store->start()
#13 E:/Users/Josue/UDB/2026/DSS404/Laboratorio/Desafio 3/control_citas_medica/vendor/laravel/framework/src/Illuminate/Support/helpers.php(393): Illuminate/Session/Middleware/StartSession->Illuminate/Session/Middleware/{closure}(Object(Illuminate/Session/Store))
#14 E:/Users/Josue/UDB/2026/DSS404/Laboratorio/Desafio 3/control_citas_medica/vendor/laravel/framework/src/Illuminate/Session/Middleware/StartSession.php(143): tap(Object(Illuminate/Session/Store), Object(Closure))
#15 E:/Users/Josue/UDB/2026/DSS404/Laboratorio/Desafio 3/control_citas_medica/vendor/laravel/framework/src/Illuminate/Session/Middleware/StartSession.php(115): Illuminate/Session/Middleware/StartSession->startSession(Object(Illuminate/Http/Request), Object(Illuminate/Session/Store))
#16 E:/Users/Josue/UDB/2026/DSS404/Laboratorio/Desafio 3/control_citas_medica/vendor/laravel/framework/src/Illuminate/Session/Middleware/StartSession.php(63): Illuminate/Session/Middleware/StartSession->handleStatefulRequest(Object(Illuminate/Http/Request), Object(Illuminate/Session/Store), Object(Closure))
#17 E:/Users/Josue/UDB/2026/DSS404/Laboratorio/Desafio 3/control_citas_medica/vendor/laravel/framework/src/Illuminate/Pipeline/Pipeline.php(219): Illuminate/Session/Middleware/StartSession->handle(Object(Illuminate/Http/Request), Object(Closure))
#18 E:/Users/Josue/UDB/2026/DSS404/Laboratorio/Desafio 3/control_citas_medica/vendor/laravel/framework/src/Illuminate/Cookie/Middleware/AddQueuedCookiesToResponse.php(36): Illuminate/Pipeline/Pipeline->Illuminate/Pipeline/{closure}(Object(Illuminate/Http/Request))
#19 E:/Users/Josue/UDB/2026/DSS404/Laboratorio/Desafio 3/control_citas_medica/vendor/laravel/framework/src/Illuminate/Pipeline/Pipeline.php(219): Illuminate/Cookie/Middleware/AddQueuedCookiesToResponse->handle(Object(Illuminate/Http/Request), Object(Closure))
#20 E:/Users/Josue/UDB/2026/DSS404/Laboratorio/Desafio 3/control_citas_medica/vendor/laravel/framework/src/Illuminate/Cookie/Middleware/EncryptCookies.php(74): Illuminate/Pipeline/Pipeline->Illuminate/Pipeline/{closure}(Object(Illuminate/Http/Request))
#21 E:/Users/Josue/UDB/2026/DSS404/Laboratorio/Desafio 3/control_citas_medica/vendor/laravel/framework/src/Illuminate/Pipeline/Pipeline.php(219): Illuminate/Cookie/Middleware/EncryptCookies->handle(Object(Illuminate/Http/Request), Object(Closure))
#22 E:/Users/Josue/UDB/2026/DSS404/Laboratorio/Desafio 3/control_citas_medica/vendor/laravel/framework/src/Illuminate/Pipeline/Pipeline.php(137): Illuminate/Pipeline/Pipeline->Illuminate/Pipeline/{closure}(Object(Illuminate/Http/Request))
#23 E:/Users/Josue/UDB/2026/DSS404/Laboratorio/Desafio 3/control_citas_medica/vendor/laravel/framework/src/Illuminate/Routing/Router.php(821): Illuminate/Pipeline/Pipeline->then(Object(Closure))
#24 E:/Users/Josue/UDB/2026/DSS404/Laboratorio/Desafio 3/control_citas_medica/vendor/laravel/framework/src/Illuminate/Routing/Router.php(800): Illuminate/Routing/Router->runRouteWithinStack(Object(Illuminate/Routing/Route), Object(Illuminate/Http/Request))
#25 E:/Users/Josue/UDB/2026/DSS404/Laboratorio/Desafio 3/control_citas_medica/vendor/laravel/framework/src/Illuminate/Routing/Router.php(764): Illuminate/Routing/Router->runRoute(Object(Illuminate/Http/Request), Object(Illuminate/Routing/Route))
#26 E:/Users/Josue/UDB/2026/DSS404/Laboratorio/Desafio 3/control_citas_medica/vendor/laravel/framework/src/Illuminate/Routing/Router.php(753): Illuminate/Routing/Router->dispatchToRoute(Object(Illuminate/Http/Request))
#27 E:/Users/Josue/UDB/2026/DSS404/Laboratorio/Desafio 3/control_citas_medica/vendor/laravel/framework/src/Illuminate/Foundation/Http/Kernel.php(200): Illuminate/Routing/Router->dispatch(Object(Illuminate/Http/Request))
#28 E:/Users/Josue/UDB/2026/DSS404/Laboratorio/Desafio 3/control_citas_medica/vendor/laravel/framework/src/Illuminate/Pipeline/Pipeline.php(180): Illuminate/Foundation/Http/Kernel->Illuminate/Foundation/Http/{closure}(Object(Illuminate/Http/Request))
#29 E:/Users/Josue/UDB/2026/DSS404/Laboratorio/Desafio 3/control_citas_medica/vendor/laravel/framework/src/Illuminate/Foundation/Http/Middleware/TransformsRequest.php(21): Illuminate/Pipeline/Pipeline->Illuminate/Pipeline/{closure}(Object(Illuminate/Http/Request))
#30 E:/Users/Josue/UDB/2026/DSS404/Laboratorio/Desafio 3/control_citas_medica/vendor/laravel/framework/src/Illuminate/Foundation/Http/Middleware/ConvertEmptyStringsToNull.php(31): Illuminate/Foundation/Http/Middleware/TransformsRequest->handle(Object(Illuminate/Http/Request), Object(Closure))
#31 E:/Users/Josue/UDB/2026/DSS404/Laboratorio/Desafio 3/control_citas_medica/vendor/laravel/framework/src/Illuminate/Pipeline/Pipeline.php(219): Illuminate/Foundation/Http/Middleware/ConvertEmptyStringsToNull->handle(Object(Illuminate/Http/Request), Object(Closure))
#32 E:/Users/Josue/UDB/2026/DSS404/Laboratorio/Desafio 3/control_citas_medica/vendor/laravel/framework/src/Illuminate/Foundation/Http/Middleware/TransformsRequest.php(21): Illuminate/Pipeline/Pipeline->Illuminate/Pipeline/{closure}(Object(Illuminate/Http/Request))
#33 E:/Users/Josue/UDB/2026/DSS404/Laboratorio/Desafio 3/control_citas_medica/vendor/laravel/framework/src/Illuminate/Foundation/Http/Middleware/TrimStrings.php(51): Illuminate/Foundation/Http/Middleware/TransformsRequest->handle(Object(Illuminate/Http/Request), Object(Closure))
#34 E:/Users/Josue/UDB/2026/DSS404/Laboratorio/Desafio 3/control_citas_medica/vendor/laravel/framework/src/Illuminate/Pipeline/Pipeline.php(219): Illuminate/Foundation/Http/Middleware/TrimStrings->handle(Object(Illuminate/Http/Request), Object(Closure))
#35 E:/Users/Josue/UDB/2026/DSS404/Laboratorio/Desafio 3/control_citas_medica/vendor/laravel/framework/src/Illuminate/Http/Middleware/ValidatePostSize.php(27): Illuminate/Pipeline/Pipeline->Illuminate/Pipeline/{closure}(Object(Illuminate/Http/Request))
#36 E:/Users/Josue/UDB/2026/DSS404/Laboratorio/Desafio 3/control_citas_medica/vendor/laravel/framework/src/Illuminate/Pipeline/Pipeline.php(219): Illuminate/Http/Middleware/ValidatePostSize->handle(Object(Illuminate/Http/Request), Object(Closure))
#37 E:/Users/Josue/UDB/2026/DSS404/Laboratorio/Desafio 3/control_citas_medica/vendor/laravel/framework/src/Illuminate/Foundation/Http/Middleware/PreventRequestsDuringMaintenance.php(109): Illuminate/Pipeline/Pipeline->Illuminate/Pipeline/{closure}(Object(Illuminate/Http/Request))
#38 E:/Users/Josue/UDB/2026/DSS404/Laboratorio/Desafio 3/control_citas_medica/vendor/laravel/framework/src/Illuminate/Pipeline/Pipeline.php(219): Illuminate/Foundation/Http/Middleware/PreventRequestsDuringMaintenance->handle(Object(Illuminate/Http/Request), Object(Closure))
#39 E:/Users/Josue/UDB/2026/DSS404/Laboratorio/Desafio 3/control_citas_medica/vendor/laravel/framework/src/Illuminate/Http/Middleware/HandleCors.php(61): Illuminate/Pipeline/Pipeline->Illuminate/Pipeline/{closure}(Object(Illuminate/Http/Request))
#40 E:/Users/Josue/UDB/2026/DSS404/Laboratorio/Desafio 3/control_citas_medica/vendor/laravel/framework/src/Illuminate/Pipeline/Pipeline.php(219): Illuminate/Http/Middleware/HandleCors->handle(Object(Illuminate/Http/Request), Object(Closure))
#41 E:/Users/Josue/UDB/2026/DSS404/Laboratorio/Desafio 3/control_citas_medica/vendor/laravel/framework/src/Illuminate/Http/Middleware/TrustProxies.php(58): Illuminate/Pipeline/Pipeline->Illuminate/Pipeline/{closure}(Object(Illuminate/Http/Request))
#42 E:/Users/Josue/UDB/2026/DSS404/Laboratorio/Desafio 3/control_citas_medica/vendor/laravel/framework/src/Illuminate/Pipeline/Pipeline.php(219): Illuminate/Http/Middleware/TrustProxies->handle(Object(Illuminate/Http/Request), Object(Closure))
#43 E:/Users/Josue/UDB/2026/DSS404/Laboratorio/Desafio 3/control_citas_medica/vendor/laravel/framework/src/Illuminate/Foundation/Http/Middleware/InvokeDeferredCallbacks.php(22): Illuminate/Pipeline/Pipeline->Illuminate/Pipeline/{closure}(Object(Illuminate/Http/Request))
#44 E:/Users/Josue/UDB/2026/DSS404/Laboratorio/Desafio 3/control_citas_medica/vendor/laravel/framework/src/Illuminate/Pipeline/Pipeline.php(219): Illuminate/Foundation/Http/Middleware/InvokeDeferredCallbacks->handle(Object(Illuminate/Http/Request), Object(Closure))
#45 E:/Users/Josue/UDB/2026/DSS404/Laboratorio/Desafio 3/control_citas_medica/vendor/laravel/framework/src/Illuminate/Http/Middleware/ValidatePathEncoding.php(26): Illuminate/Pipeline/Pipeline->Illuminate/Pipeline/{closure}(Object(Illuminate/Http/Request))
#46 E:/Users/Josue/UDB/2026/DSS404/Laboratorio/Desafio 3/control_citas_medica/vendor/laravel/framework/src/Illuminate/Pipeline/Pipeline.php(219): Illuminate/Http/Middleware/ValidatePathEncoding->handle(Object(Illuminate/Http/Request), Object(Closure))
#47 E:/Users/Josue/UDB/2026/DSS404/Laboratorio/Desafio 3/control_citas_medica/vendor/laravel/framework/src/Illuminate/Pipeline/Pipeline.php(137): Illuminate/Pipeline/Pipeline->Illuminate/Pipeline/{closure}(Object(Illuminate/Http/Request))
#48 E:/Users/Josue/UDB/2026/DSS404/Laboratorio/Desafio 3/control_citas_medica/vendor/laravel/framework/src/Illuminate/Foundation/Http/Kernel.php(175): Illuminate/Pipeline/Pipeline->then(Object(Closure))
#49 E:/Users/Josue/UDB/2026/DSS404/Laboratorio/Desafio 3/control_citas_medica/vendor/laravel/framework/src/Illuminate/Foundation/Http/Kernel.php(144): Illuminate/Foundation/Http/Kernel->sendRequestThroughRouter(Object(Illuminate/Http/Request))
#50 E:/Users/Josue/UDB/2026/DSS404/Laboratorio/Desafio 3/control_citas_medica/vendor/laravel/framework/src/Illuminate/Foundation/Application.php(1220): Illuminate/Foundation/Http/Kernel->handle(Object(Illuminate/Http/Request))
#51 E:/Users/Josue/UDB/2026/DSS404/Laboratorio/Desafio 3/control_citas_medica/public/index.php(20): Illuminate/Foundation/Application->handleRequest(Object(Illuminate/Http/Request))
#52 E:/Users/Josue/UDB/2026/DSS404/Laboratorio/Desafio 3/control_citas_medica/vendor/laravel/framework/src/Illuminate/Foundation/resources/server.php(23): require_once('E://Users//Josue//...')
#53 {main}

[previous exception] [object] (PDOException(code: 42S02): SQLSTATE[42S02]: Base table or view not found: 1146 Table 'control_citas_medicas.sessions' doesn't exist at E:/Users/Josue/UDB/2026/DSS404/Laboratorio/Desafio 3/control_citas_medica/vendor/laravel/framework/src/Illuminate/Database/Connection.php:420)
[stacktrace]
#0 E:/Users/Josue/UDB/2026/DSS404/Laboratorio/Desafio 3/control_citas_medica/vendor/laravel/framework/src/Illuminate/Database/Connection.php(420): PDO->prepare('select * from `...')
#1 E:/Users/Josue/UDB/2026/DSS404/Laboratorio/Desafio 3/control_citas_medica/vendor/laravel/framework/src/Illuminate/Database/Connection.php(827): Illuminate/Database/Connection->Illuminate/Database/{closure}('select * from `...', Array)
#2 E:/Users/Josue/UDB/2026/DSS404/Laboratorio/Desafio 3/control_citas_medica/vendor/laravel/framework/src/Illuminate/Database/Connection.php(794): Illuminate/Database/Connection->runQueryCallback('select * from `...', Array, Object(Closure))
#3 E:/Users/Josue/UDB/2026/DSS404/Laboratorio/Desafio 3/control_citas_medica/vendor/laravel/framework/src/Illuminate/Database/Connection.php(411): Illuminate/Database/Connection->run('select * from `...', Array, Object(Closure))
#4 E:/Users/Josue/UDB/2026/DSS404/Laboratorio/Desafio 3/control_citas_medica/vendor/laravel/framework/src/Illuminate/Database/Query/Builder.php(3505): Illuminate/Database/Connection->select('select * from `...', Array, false)
#5 E:/Users/Josue/UDB/2026/DSS404/Laboratorio/Desafio 3/control_citas_medica/vendor/laravel/framework/src/Illuminate/Database/Query/Builder.php(3490): Illuminate/Database/Query/Builder->runSelect()
#6 E:/Users/Josue/UDB/2026/DSS404/Laboratorio/Desafio 3/control_citas_medica/vendor/laravel/framework/src/Illuminate/Database/Query/Builder.php(4080): Illuminate/Database/Query/Builder->Illuminate/Database/Query/{closure}()
#7 E:/Users/Josue/UDB/2026/DSS404/Laboratorio/Desafio 3/control_citas_medica/vendor/laravel/framework/src/Illuminate/Database/Query/Builder.php(3489): Illuminate/Database/Query/Builder->onceWithColumns(Array, Object(Closure))
#8 E:/Users/Josue/UDB/2026/DSS404/Laboratorio/Desafio 3/control_citas_medica/vendor/laravel/framework/src/Illuminate/Database/Concerns/BuildsQueries.php(366): Illuminate/Database/Query/Builder->get(Array)
#9 E:/Users/Josue/UDB/2026/DSS404/Laboratorio/Desafio 3/control_citas_medica/vendor/laravel/framework/src/Illuminate/Database/Query/Builder.php(3412): Illuminate/Database/Query/Builder->first(Array)
#10 E:/Users/Josue/UDB/2026/DSS404/Laboratorio/Desafio 3/control_citas_medica/vendor/laravel/framework/src/Illuminate/Session/DatabaseSessionHandler.php(96): Illuminate/Database/Query/Builder->find('xDvbca0jVXEjuMC...')
#11 E:/Users/Josue/UDB/2026/DSS404/Laboratorio/Desafio 3/control_citas_medica/vendor/laravel/framework/src/Illuminate/Session/Store.php(128): Illuminate/Session/DatabaseSessionHandler->read('xDvbca0jVXEjuMC...')
#12 E:/Users/Josue/UDB/2026/DSS404/Laboratorio/Desafio 3/control_citas_medica/vendor/laravel/framework/src/Illuminate/Session/Store.php(116): Illuminate/Session/Store->readFromHandler()
#13 E:/Users/Josue/UDB/2026/DSS404/Laboratorio/Desafio 3/control_citas_medica/vendor/laravel/framework/src/Illuminate/Session/Store.php(100): Illuminate/Session/Store->loadSession()
#14 E:/Users/Josue/UDB/2026/DSS404/Laboratorio/Desafio 3/control_citas_medica/vendor/laravel/framework/src/Illuminate/Session/Middleware/StartSession.php(146): Illuminate/Session/Store->start()
#15 E:/Users/Josue/UDB/2026/DSS404/Laboratorio/Desafio 3/control_citas_medica/vendor/laravel/framework/src/Illuminate/Support/helpers.php(393): Illuminate/Session/Middleware/StartSession->Illuminate/Session/Middleware/{closure}(Object(Illuminate/Session/Store))
#16 E:/Users/Josue/UDB/2026/DSS404/Laboratorio/Desafio 3/control_citas_medica/vendor/laravel/framework/src/Illuminate/Session/Middleware/StartSession.php(143): tap(Object(Illuminate/Session/Store), Object(Closure))
#17 E:/Users/Josue/UDB/2026/DSS404/Laboratorio/Desafio 3/control_citas_medica/vendor/laravel/framework/src/Illuminate/Session/Middleware/StartSession.php(115): Illuminate/Session/Middleware/StartSession->startSession(Object(Illuminate/Http/Request), Object(Illuminate/Session/Store))
#18 E:/Users/Josue/UDB/2026/DSS404/Laboratorio/Desafio 3/control_citas_medica/vendor/laravel/framework/src/Illuminate/Session/Middleware/StartSession.php(63): Illuminate/Session/Middleware/StartSession->handleStatefulRequest(Object(Illuminate/Http/Request), Object(Illuminate/Session/Store), Object(Closure))
#19 E:/Users/Josue/UDB/2026/DSS404/Laboratorio/Desafio 3/control_citas_medica/vendor/laravel/framework/src/Illuminate/Pipeline/Pipeline.php(219): Illuminate/Session/Middleware/StartSession->handle(Object(Illuminate/Http/Request), Object(Closure))
#20 E:/Users/Josue/UDB/2026/DSS404/Laboratorio/Desafio 3/control_citas_medica/vendor/laravel/framework/src/Illuminate/Cookie/Middleware/AddQueuedCookiesToResponse.php(36): Illuminate/Pipeline/Pipeline->Illuminate/Pipeline/{closure}(Object(Illuminate/Http/Request))
#21 E:/Users/Josue/UDB/2026/DSS404/Laboratorio/Desafio 3/control_citas_medica/vendor/laravel/framework/src/Illuminate/Pipeline/Pipeline.php(219): Illuminate/Cookie/Middleware/AddQueuedCookiesToResponse->handle(Object(Illuminate/Http/Request), Object(Closure))
#22 E:/Users/Josue/UDB/2026/DSS404/Laboratorio/Desafio 3/control_citas_medica/vendor/laravel/framework/src/Illuminate/Cookie/Middleware/EncryptCookies.php(74): Illuminate/Pipeline/Pipeline->Illuminate/Pipeline/{closure}(Object(Illuminate/Http/Request))
#23 E:/Users/Josue/UDB/2026/DSS404/Laboratorio/Desafio 3/control_citas_medica/vendor/laravel/framework/src/Illuminate/Pipeline/Pipeline.php(219): Illuminate/Cookie/Middleware/EncryptCookies->handle(Object(Illuminate/Http/Request), Object(Closure))
#24 E:/Users/Josue/UDB/2026/DSS404/Laboratorio/Desafio 3/control_citas_medica/vendor/laravel/framework/src/Illuminate/Pipeline/Pipeline.php(137): Illuminate/Pipeline/Pipeline->Illuminate/Pipeline/{closure}(Object(Illuminate/Http/Request))
#25 E:/Users/Josue/UDB/2026/DSS404/Laboratorio/Desafio 3/control_citas_medica/vendor/laravel/framework/src/Illuminate/Routing/Router.php(821): Illuminate/Pipeline/Pipeline->then(Object(Closure))
#26 E:/Users/Josue/UDB/2026/DSS404/Laboratorio/Desafio 3/control_citas_medica/vendor/laravel/framework/src/Illuminate/Routing/Router.php(800): Illuminate/Routing/Router->runRouteWithinStack(Object(Illuminate/Routing/Route), Object(Illuminate/Http/Request))
#27 E:/Users/Josue/UDB/2026/DSS404/Laboratorio/Desafio 3/control_citas_medica/vendor/laravel/framework/src/Illuminate/Routing/Router.php(764): Illuminate/Routing/Router->runRoute(Object(Illuminate/Http/Request), Object(Illuminate/Routing/Route))
#28 E:/Users/Josue/UDB/2026/DSS404/Laboratorio/Desafio 3/control_citas_medica/vendor/laravel/framework/src/Illuminate/Routing/Router.php(753): Illuminate/Routing/Router->dispatchToRoute(Object(Illuminate/Http/Request))
#29 E:/Users/Josue/UDB/2026/DSS404/Laboratorio/Desafio 3/control_citas_medica/vendor/laravel/framework/src/Illuminate/Foundation/Http/Kernel.php(200): Illuminate/Routing/Router->dispatch(Object(Illuminate/Http/Request))
#30 E:/Users/Josue/UDB/2026/DSS404/Laboratorio/Desafio 3/control_citas_medica/vendor/laravel/framework/src/Illuminate/Pipeline/Pipeline.php(180): Illuminate/Foundation/Http/Kernel->Illuminate/Foundation/Http/{closure}(Object(Illuminate/Http/Request))
#31 E:/Users/Josue/UDB/2026/DSS404/Laboratorio/Desafio 3/control_citas_medica/vendor/laravel/framework/src/Illuminate/Foundation/Http/Middleware/TransformsRequest.php(21): Illuminate/Pipeline/Pipeline->Illuminate/Pipeline/{closure}(Object(Illuminate/Http/Request))
#32 E:/Users/Josue/UDB/2026/DSS404/Laboratorio/Desafio 3/control_citas_medica/vendor/laravel/framework/src/Illuminate/Foundation/Http/Middleware/ConvertEmptyStringsToNull.php(31): Illuminate/Foundation/Http/Middleware/TransformsRequest->handle(Object(Illuminate/Http/Request), Object(Closure))
#33 E:/Users/Josue/UDB/2026/DSS404/Laboratorio/Desafio 3/control_citas_medica/vendor/laravel/framework/src/Illuminate/Pipeline/Pipeline.php(219): Illuminate/Foundation/Http/Middleware/ConvertEmptyStringsToNull->handle(Object(Illuminate/Http/Request), Object(Closure))
#34 E:/Users/Josue/UDB/2026/DSS404/Laboratorio/Desafio 3/control_citas_medica/vendor/laravel/framework/src/Illuminate/Foundation/Http/Middleware/TransformsRequest.php(21): Illuminate/Pipeline/Pipeline->Illuminate/Pipeline/{closure}(Object(Illuminate/Http/Request))
#35 E:/Users/Josue/UDB/2026/DSS404/Laboratorio/Desafio 3/control_citas_medica/vendor/laravel/framework/src/Illuminate/Foundation/Http/Middleware/TrimStrings.php(51): Illuminate/Foundation/Http/Middleware/TransformsRequest->handle(Object(Illuminate/Http/Request), Object(Closure))
#36 E:/Users/Josue/UDB/2026/DSS404/Laboratorio/Desafio 3/control_citas_medica/vendor/laravel/framework/src/Illuminate/Pipeline/Pipeline.php(219): Illuminate/Foundation/Http/Middleware/TrimStrings->handle(Object(Illuminate/Http/Request), Object(Closure))
#37 E:/Users/Josue/UDB/2026/DSS404/Laboratorio/Desafio 3/control_citas_medica/vendor/laravel/framework/src/Illuminate/Http/Middleware/ValidatePostSize.php(27): Illuminate/Pipeline/Pipeline->Illuminate/Pipeline/{closure}(Object(Illuminate/Http/Request))
#38 E:/Users/Josue/UDB/2026/DSS404/Laboratorio/Desafio 3/control_citas_medica/vendor/laravel/framework/src/Illuminate/Pipeline/Pipeline.php(219): Illuminate/Http/Middleware/ValidatePostSize->handle(Object(Illuminate/Http/Request), Object(Closure))
#39 E:/Users/Josue/UDB/2026/DSS404/Laboratorio/Desafio 3/control_citas_medica/vendor/laravel/framework/src/Illuminate/Foundation/Http/Middleware/PreventRequestsDuringMaintenance.php(109): Illuminate/Pipeline/Pipeline->Illuminate/Pipeline/{closure}(Object(Illuminate/Http/Request))
#40 E:/Users/Josue/UDB/2026/DSS404/Laboratorio/Desafio 3/control_citas_medica/vendor/laravel/framework/src/Illuminate/Pipeline/Pipeline.php(219): Illuminate/Foundation/Http/Middleware/PreventRequestsDuringMaintenance->handle(Object(Illuminate/Http/Request), Object(Closure))
#41 E:/Users/Josue/UDB/2026/DSS404/Laboratorio/Desafio 3/control_citas_medica/vendor/laravel/framework/src/Illuminate/Http/Middleware/HandleCors.php(61): Illuminate/Pipeline/Pipeline->Illuminate/Pipeline/{closure}(Object(Illuminate/Http/Request))
#42 E:/Users/Josue/UDB/2026/DSS404/Laboratorio/Desafio 3/control_citas_medica/vendor/laravel/framework/src/Illuminate/Pipeline/Pipeline.php(219): Illuminate/Http/Middleware/HandleCors->handle(Object(Illuminate/Http/Request), Object(Closure))
#43 E:/Users/Josue/UDB/2026/DSS404/Laboratorio/Desafio 3/control_citas_medica/vendor/laravel/framework/src/Illuminate/Http/Middleware/TrustProxies.php(58): Illuminate/Pipeline/Pipeline->Illuminate/Pipeline/{closure}(Object(Illuminate/Http/Request))
#44 E:/Users/Josue/UDB/2026/DSS404/Laboratorio/Desafio 3/control_citas_medica/vendor/laravel/framework/src/Illuminate/Pipeline/Pipeline.php(219): Illuminate/Http/Middleware/TrustProxies->handle(Object(Illuminate/Http/Request), Object(Closure))
#45 E:/Users/Josue/UDB/2026/DSS404/Laboratorio/Desafio 3/control_citas_medica/vendor/laravel/framework/src/Illuminate/Foundation/Http/Middleware/InvokeDeferredCallbacks.php(22): Illuminate/Pipeline/Pipeline->Illuminate/Pipeline/{closure}(Object(Illuminate/Http/Request))
#46 E:/Users/Josue/UDB/2026/DSS404/Laboratorio/Desafio 3/control_citas_medica/vendor/laravel/framework/src/Illuminate/Pipeline/Pipeline.php(219): Illuminate/Foundation/Http/Middleware/InvokeDeferredCallbacks->handle(Object(Illuminate/Http/Request), Object(Closure))
#47 E:/Users/Josue/UDB/2026/DSS404/Laboratorio/Desafio 3/control_citas_medica/vendor/laravel/framework/src/Illuminate/Http/Middleware/ValidatePathEncoding.php(26): Illuminate/Pipeline/Pipeline->Illuminate/Pipeline/{closure}(Object(Illuminate/Http/Request))
#48 E:/Users/Josue/UDB/2026/DSS404/Laboratorio/Desafio 3/control_citas_medica/vendor/laravel/framework/src/Illuminate/Pipeline/Pipeline.php(219): Illuminate/Http/Middleware/ValidatePathEncoding->handle(Object(Illuminate/Http/Request), Object(Closure))
#49 E:/Users/Josue/UDB/2026/DSS404/Laboratorio/Desafio 3/control_citas_medica/vendor/laravel/framework/src/Illuminate/Pipeline/Pipeline.php(137): Illuminate/Pipeline/Pipeline->Illuminate/Pipeline/{closure}(Object(Illuminate/Http/Request))
#50 E:/Users/Josue/UDB/2026/DSS404/Laboratorio/Desafio 3/control_citas_medica/vendor/laravel/framework/src/Illuminate/Foundation/Http/Kernel.php(175): Illuminate/Pipeline/Pipeline->then(Object(Closure))
#51 E:/Users/Josue/UDB/2026/DSS404/Laboratorio/Desafio 3/control_citas_medica/vendor/laravel/framework/src/Illuminate/Foundation/Http/Kernel.php(144): Illuminate/Foundation/Http/Kernel->sendRequestThroughRouter(Object(Illuminate/Http/Request))
#52 E:/Users/Josue/UDB/2026/DSS404/Laboratorio/Desafio 3/control_citas_medica/vendor/laravel/framework/src/Illuminate/Foundation/Application.php(1220): Illuminate/Foundation/Http/Kernel->handle(Object(Illuminate/Http/Request))
#53 E:/Users/Josue/UDB/2026/DSS404/Laboratorio/Desafio 3/control_citas_medica/public/index.php(20): Illuminate/Foundation/Application->handleRequest(Object(Illuminate/Http/Request))
#54 E:/Users/Josue/UDB/2026/DSS404/Laboratorio/Desafio 3/control_citas_medica/vendor/laravel/framework/src/Illuminate/Foundation/resources/server.php(23): require_once('E://Users//Josue//...')
#55 {main}
"} 
[2026-05-22 23:33:38] local.ERROR: SQLSTATE[HY000] [1049] Unknown database 'laravel' (Connection: mysql, Host: 127.0.0.1, Port: 3306, Database: laravel, SQL: select * from `sessions` where `id` = ZMMPOH4Rmm9M7DVvZOrJLRQYVOwfBkHji63GZMQ0 limit 1) {"exception":"[object] (Illuminate\\Database\\QueryException(code: 1049): SQLSTATE[HY000] [1049] Unknown database 'laravel' (Connection: mysql, Host: 127.0.0.1, Port: 3306, Database: laravel, SQL: select * from `sessions` where `id` = ZMMPOH4Rmm9M7DVvZOrJLRQYVOwfBkHji63GZMQ0 limit 1) at E:/Users/Josue/UDB/2026/DSS404/Laboratorio/Desafio 3/control_citas_medica/vendor/laravel/framework/src/Illuminate/Database/Connection.php:838)
[stacktrace]
#0 E:/Users/Josue/UDB/2026/DSS404/Laboratorio/Desafio 3/control_citas_medica/vendor/laravel/framework/src/Illuminate/Database/Connection.php(794): Illuminate/Database/Connection->runQueryCallback('select * from `...', Array, Object(Closure))
#1 E:/Users/Josue/UDB/2026/DSS404/Laboratorio/Desafio 3/control_citas_medica/vendor/laravel/framework/src/Illuminate/Database/Connection.php(411): Illuminate/Database/Connection->run('select * from `...', Array, Object(Closure))
#2 E:/Users/Josue/UDB/2026/DSS404/Laboratorio/Desafio 3/control_citas_medica/vendor/laravel/framework/src/Illuminate/Database/Query/Builder.php(3505): Illuminate/Database/Connection->select('select * from `...', Array, false)
#3 E:/Users/Josue/UDB/2026/DSS404/Laboratorio/Desafio 3/control_citas_medica/vendor/laravel/framework/src/Illuminate/Database/Query/Builder.php(3490): Illuminate/Database/Query/Builder->runSelect()
#4 E:/Users/Josue/UDB/2026/DSS404/Laboratorio/Desafio 3/control_citas_medica/vendor/laravel/framework/src/Illuminate/Database/Query/Builder.php(4080): Illuminate/Database/Query/Builder->Illuminate/Database/Query/{closure}()
#5 E:/Users/Josue/UDB/2026/DSS404/Laboratorio/Desafio 3/control_citas_medica/vendor/laravel/framework/src/Illuminate/Database/Query/Builder.php(3489): Illuminate/Database/Query/Builder->onceWithColumns(Array, Object(Closure))
#6 E:/Users/Josue/UDB/2026/DSS404/Laboratorio/Desafio 3/control_citas_medica/vendor/laravel/framework/src/Illuminate/Database/Concerns/BuildsQueries.php(366): Illuminate/Database/Query/Builder->get(Array)
#7 E:/Users/Josue/UDB/2026/DSS404/Laboratorio/Desafio 3/control_citas_medica/vendor/laravel/framework/src/Illuminate/Database/Query/Builder.php(3412): Illuminate/Database/Query/Builder->first(Array)
#8 E:/Users/Josue/UDB/2026/DSS404/Laboratorio/Desafio 3/control_citas_medica/vendor/laravel/framework/src/Illuminate/Session/DatabaseSessionHandler.php(96): Illuminate/Database/Query/Builder->find('ZMMPOH4Rmm9M7DV...')
#9 E:/Users/Josue/UDB/2026/DSS404/Laboratorio/Desafio 3/control_citas_medica/vendor/laravel/framework/src/Illuminate/Session/Store.php(128): Illuminate/Session/DatabaseSessionHandler->read('ZMMPOH4Rmm9M7DV...')
#10 E:/Users/Josue/UDB/2026/DSS404/Laboratorio/Desafio 3/control_citas_medica/vendor/laravel/framework/src/Illuminate/Session/Store.php(116): Illuminate/Session/Store->readFromHandler()
#11 E:/Users/Josue/UDB/2026/DSS404/Laboratorio/Desafio 3/control_citas_medica/vendor/laravel/framework/src/Illuminate/Session/Store.php(100): Illuminate/Session/Store->loadSession()
#12 E:/Users/Josue/UDB/2026/DSS404/Laboratorio/Desafio 3/control_citas_medica/vendor/laravel/framework/src/Illuminate/Session/Middleware/StartSession.php(146): Illuminate/Session/Store->start()
#13 E:/Users/Josue/UDB/2026/DSS404/Laboratorio/Desafio 3/control_citas_medica/vendor/laravel/framework/src/Illuminate/Support/helpers.php(393): Illuminate/Session/Middleware/StartSession->Illuminate/Session/Middleware/{closure}(Object(Illuminate/Session/Store))
#14 E:/Users/Josue/UDB/2026/DSS404/Laboratorio/Desafio 3/control_citas_medica/vendor/laravel/framework/src/Illuminate/Session/Middleware/StartSession.php(143): tap(Object(Illuminate/Session/Store), Object(Closure))
#15 E:/Users/Josue/UDB/2026/DSS404/Laboratorio/Desafio 3/control_citas_medica/vendor/laravel/framework/src/Illuminate/Session/Middleware/StartSession.php(115): Illuminate/Session/Middleware/StartSession->startSession(Object(Illuminate/Http/Request), Object(Illuminate/Session/Store))
#16 E:/Users/Josue/UDB/2026/DSS404/Laboratorio/Desafio 3/control_citas_medica/vendor/laravel/framework/src/Illuminate/Session/Middleware/StartSession.php(63): Illuminate/Session/Middleware/StartSession->handleStatefulRequest(Object(Illuminate/Http/Request), Object(Illuminate/Session/Store), Object(Closure))
#17 E:/Users/Josue/UDB/2026/DSS404/Laboratorio/Desafio 3/control_citas_medica/vendor/laravel/framework/src/Illuminate/Pipeline/Pipeline.php(219): Illuminate/Session/Middleware/StartSession->handle(Object(Illuminate/Http/Request), Object(Closure))
#18 E:/Users/Josue/UDB/2026/DSS404/Laboratorio/Desafio 3/control_citas_medica/vendor/laravel/framework/src/Illuminate/Cookie/Middleware/AddQueuedCookiesToResponse.php(36): Illuminate/Pipeline/Pipeline->Illuminate/Pipeline/{closure}(Object(Illuminate/Http/Request))
#19 E:/Users/Josue/UDB/2026/DSS404/Laboratorio/Desafio 3/control_citas_medica/vendor/laravel/framework/src/Illuminate/Pipeline/Pipeline.php(219): Illuminate/Cookie/Middleware/AddQueuedCookiesToResponse->handle(Object(Illuminate/Http/Request), Object(Closure))
#20 E:/Users/Josue/UDB/2026/DSS404/Laboratorio/Desafio 3/control_citas_medica/vendor/laravel/framework/src/Illuminate/Cookie/Middleware/EncryptCookies.php(74): Illuminate/Pipeline/Pipeline->Illuminate/Pipeline/{closure}(Object(Illuminate/Http/Request))
#21 E:/Users/Josue/UDB/2026/DSS404/Laboratorio/Desafio 3/control_citas_medica/vendor/laravel/framework/src/Illuminate/Pipeline/Pipeline.php(219): Illuminate/Cookie/Middleware/EncryptCookies->handle(Object(Illuminate/Http/Request), Object(Closure))
#22 E:/Users/Josue/UDB/2026/DSS404/Laboratorio/Desafio 3/control_citas_medica/vendor/laravel/framework/src/Illuminate/Pipeline/Pipeline.php(137): Illuminate/Pipeline/Pipeline->Illuminate/Pipeline/{closure}(Object(Illuminate/Http/Request))
#23 E:/Users/Josue/UDB/2026/DSS404/Laboratorio/Desafio 3/control_citas_medica/vendor/laravel/framework/src/Illuminate/Routing/Router.php(821): Illuminate/Pipeline/Pipeline->then(Object(Closure))
#24 E:/Users/Josue/UDB/2026/DSS404/Laboratorio/Desafio 3/control_citas_medica/vendor/laravel/framework/src/Illuminate/Routing/Router.php(800): Illuminate/Routing/Router->runRouteWithinStack(Object(Illuminate/Routing/Route), Object(Illuminate/Http/Request))
#25 E:/Users/Josue/UDB/2026/DSS404/Laboratorio/Desafio 3/control_citas_medica/vendor/laravel/framework/src/Illuminate/Routing/Router.php(764): Illuminate/Routing/Router->runRoute(Object(Illuminate/Http/Request), Object(Illuminate/Routing/Route))
#26 E:/Users/Josue/UDB/2026/DSS404/Laboratorio/Desafio 3/control_citas_medica/vendor/laravel/framework/src/Illuminate/Routing/Router.php(753): Illuminate/Routing/Router->dispatchToRoute(Object(Illuminate/Http/Request))
#27 E:/Users/Josue/UDB/2026/DSS404/Laboratorio/Desafio 3/control_citas_medica/vendor/laravel/framework/src/Illuminate/Foundation/Http/Kernel.php(200): Illuminate/Routing/Router->dispatch(Object(Illuminate/Http/Request))
#28 E:/Users/Josue/UDB/2026/DSS404/Laboratorio/Desafio 3/control_citas_medica/vendor/laravel/framework/src/Illuminate/Pipeline/Pipeline.php(180): Illuminate/Foundation/Http/Kernel->Illuminate/Foundation/Http/{closure}(Object(Illuminate/Http/Request))
#29 E:/Users/Josue/UDB/2026/DSS404/Laboratorio/Desafio 3/control_citas_medica/vendor/laravel/framework/src/Illuminate/Foundation/Http/Middleware/TransformsRequest.php(21): Illuminate/Pipeline/Pipeline->Illuminate/Pipeline/{closure}(Object(Illuminate/Http/Request))
#30 E:/Users/Josue/UDB/2026/DSS404/Laboratorio/Desafio 3/control_citas_medica/vendor/laravel/framework/src/Illuminate/Foundation/Http/Middleware/ConvertEmptyStringsToNull.php(31): Illuminate/Foundation/Http/Middleware/TransformsRequest->handle(Object(Illuminate/Http/Request), Object(Closure))
#31 E:/Users/Josue/UDB/2026/DSS404/Laboratorio/Desafio 3/control_citas_medica/vendor/laravel/framework/src/Illuminate/Pipeline/Pipeline.php(219): Illuminate/Foundation/Http/Middleware/ConvertEmptyStringsToNull->handle(Object(Illuminate/Http/Request), Object(Closure))
#32 E:/Users/Josue/UDB/2026/DSS404/Laboratorio/Desafio 3/control_citas_medica/vendor/laravel/framework/src/Illuminate/Foundation/Http/Middleware/TransformsRequest.php(21): Illuminate/Pipeline/Pipeline->Illuminate/Pipeline/{closure}(Object(Illuminate/Http/Request))
#33 E:/Users/Josue/UDB/2026/DSS404/Laboratorio/Desafio 3/control_citas_medica/vendor/laravel/framework/src/Illuminate/Foundation/Http/Middleware/TrimStrings.php(51): Illuminate/Foundation/Http/Middleware/TransformsRequest->handle(Object(Illuminate/Http/Request), Object(Closure))
#34 E:/Users/Josue/UDB/2026/DSS404/Laboratorio/Desafio 3/control_citas_medica/vendor/laravel/framework/src/Illuminate/Pipeline/Pipeline.php(219): Illuminate/Foundation/Http/Middleware/TrimStrings->handle(Object(Illuminate/Http/Request), Object(Closure))
#35 E:/Users/Josue/UDB/2026/DSS404/Laboratorio/Desafio 3/control_citas_medica/vendor/laravel/framework/src/Illuminate/Http/Middleware/ValidatePostSize.php(27): Illuminate/Pipeline/Pipeline->Illuminate/Pipeline/{closure}(Object(Illuminate/Http/Request))
#36 E:/Users/Josue/UDB/2026/DSS404/Laboratorio/Desafio 3/control_citas_medica/vendor/laravel/framework/src/Illuminate/Pipeline/Pipeline.php(219): Illuminate/Http/Middleware/ValidatePostSize->handle(Object(Illuminate/Http/Request), Object(Closure))
#37 E:/Users/Josue/UDB/2026/DSS404/Laboratorio/Desafio 3/control_citas_medica/vendor/laravel/framework/src/Illuminate/Foundation/Http/Middleware/PreventRequestsDuringMaintenance.php(109): Illuminate/Pipeline/Pipeline->Illuminate/Pipeline/{closure}(Object(Illuminate/Http/Request))
#38 E:/Users/Josue/UDB/2026/DSS404/Laboratorio/Desafio 3/control_citas_medica/vendor/laravel/framework/src/Illuminate/Pipeline/Pipeline.php(219): Illuminate/Foundation/Http/Middleware/PreventRequestsDuringMaintenance->handle(Object(Illuminate/Http/Request), Object(Closure))
#39 E:/Users/Josue/UDB/2026/DSS404/Laboratorio/Desafio 3/control_citas_medica/vendor/laravel/framework/src/Illuminate/Http/Middleware/HandleCors.php(61): Illuminate/Pipeline/Pipeline->Illuminate/Pipeline/{closure}(Object(Illuminate/Http/Request))
#40 E:/Users/Josue/UDB/2026/DSS404/Laboratorio/Desafio 3/control_citas_medica/vendor/laravel/framework/src/Illuminate/Pipeline/Pipeline.php(219): Illuminate/Http/Middleware/HandleCors->handle(Object(Illuminate/Http/Request), Object(Closure))
#41 E:/Users/Josue/UDB/2026/DSS404/Laboratorio/Desafio 3/control_citas_medica/vendor/laravel/framework/src/Illuminate/Http/Middleware/TrustProxies.php(58): Illuminate/Pipeline/Pipeline->Illuminate/Pipeline/{closure}(Object(Illuminate/Http/Request))
#42 E:/Users/Josue/UDB/2026/DSS404/Laboratorio/Desafio 3/control_citas_medica/vendor/laravel/framework/src/Illuminate/Pipeline/Pipeline.php(219): Illuminate/Http/Middleware/TrustProxies->handle(Object(Illuminate/Http/Request), Object(Closure))
#43 E:/Users/Josue/UDB/2026/DSS404/Laboratorio/Desafio 3/control_citas_medica/vendor/laravel/framework/src/Illuminate/Foundation/Http/Middleware/InvokeDeferredCallbacks.php(22): Illuminate/Pipeline/Pipeline->Illuminate/Pipeline/{closure}(Object(Illuminate/Http/Request))
#44 E:/Users/Josue/UDB/2026/DSS404/Laboratorio/Desafio 3/control_citas_medica/vendor/laravel/framework/src/Illuminate/Pipeline/Pipeline.php(219): Illuminate/Foundation/Http/Middleware/InvokeDeferredCallbacks->handle(Object(Illuminate/Http/Request), Object(Closure))
#45 E:/Users/Josue/UDB/2026/DSS404/Laboratorio/Desafio 3/control_citas_medica/vendor/laravel/framework/src/Illuminate/Http/Middleware/ValidatePathEncoding.php(26): Illuminate/Pipeline/Pipeline->Illuminate/Pipeline/{closure}(Object(Illuminate/Http/Request))
#46 E:/Users/Josue/UDB/2026/DSS404/Laboratorio/Desafio 3/control_citas_medica/vendor/laravel/framework/src/Illuminate/Pipeline/Pipeline.php(219): Illuminate/Http/Middleware/ValidatePathEncoding->handle(Object(Illuminate/Http/Request), Object(Closure))
#47 E:/Users/Josue/UDB/2026/DSS404/Laboratorio/Desafio 3/control_citas_medica/vendor/laravel/framework/src/Illuminate/Pipeline/Pipeline.php(137): Illuminate/Pipeline/Pipeline->Illuminate/Pipeline/{closure}(Object(Illuminate/Http/Request))
#48 E:/Users/Josue/UDB/2026/DSS404/Laboratorio/Desafio 3/control_citas_medica/vendor/laravel/framework/src/Illuminate/Foundation/Http/Kernel.php(175): Illuminate/Pipeline/Pipeline->then(Object(Closure))
#49 E:/Users/Josue/UDB/2026/DSS404/Laboratorio/Desafio 3/control_citas_medica/vendor/laravel/framework/src/Illuminate/Foundation/Http/Kernel.php(144): Illuminate/Foundation/Http/Kernel->sendRequestThroughRouter(Object(Illuminate/Http/Request))
#50 E:/Users/Josue/UDB/2026/DSS404/Laboratorio/Desafio 3/control_citas_medica/vendor/laravel/framework/src/Illuminate/Foundation/Application.php(1220): Illuminate/Foundation/Http/Kernel->handle(Object(Illuminate/Http/Request))
#51 E:/Users/Josue/UDB/2026/DSS404/Laboratorio/Desafio 3/control_citas_medica/public/index.php(20): Illuminate/Foundation/Application->handleRequest(Object(Illuminate/Http/Request))
#52 E:/Users/Josue/UDB/2026/DSS404/Laboratorio/Desafio 3/control_citas_medica/vendor/laravel/framework/src/Illuminate/Foundation/resources/server.php(23): require_once('E://Users//Josue//...')
#53 {main}

[previous exception] [object] (PDOException(code: 1049): SQLSTATE[HY000] [1049] Unknown database 'laravel' at E:/Users/Josue/UDB/2026/DSS404/Laboratorio/Desafio 3/control_citas_medica/vendor/laravel/framework/src/Illuminate/Database/Connectors/Connector.php:66)
[stacktrace]
#0 E:/Users/Josue/UDB/2026/DSS404/Laboratorio/Desafio 3/control_citas_medica/vendor/laravel/framework/src/Illuminate/Database/Connectors/Connector.php(66): PDO->__construct('mysql:host=127....', 'root', Object(SensitiveParameterValue), Array)
#1 E:/Users/Josue/UDB/2026/DSS404/Laboratorio/Desafio 3/control_citas_medica/vendor/laravel/framework/src/Illuminate/Database/Connectors/Connector.php(44): Illuminate/Database/Connectors/Connector->createPdoConnection('mysql:host=127....', 'root', Object(SensitiveParameterValue), Array)
#2 E:/Users/Josue/UDB/2026/DSS404/Laboratorio/Desafio 3/control_citas_medica/vendor/laravel/framework/src/Illuminate/Database/Connectors/MySqlConnector.php(24): Illuminate/Database/Connectors/Connector->createConnection('mysql:host=127....', Array, Array)
#3 E:/Users/Josue/UDB/2026/DSS404/Laboratorio/Desafio 3/control_citas_medica/vendor/laravel/framework/src/Illuminate/Database/Connectors/ConnectionFactory.php(186): Illuminate/Database/Connectors/MySqlConnector->connect(Array)
#4 [internal function]: Illuminate/Database/Connectors/ConnectionFactory->Illuminate/Database/Connectors/{closure}()
#5 E:/Users/Josue/UDB/2026/DSS404/Laboratorio/Desafio 3/control_citas_medica/vendor/laravel/framework/src/Illuminate/Database/Connection.php(1257): call_user_func(Object(Closure))
#6 E:/Users/Josue/UDB/2026/DSS404/Laboratorio/Desafio 3/control_citas_medica/vendor/laravel/framework/src/Illuminate/Database/Connection.php(525): Illuminate/Database/Connection->getPdo()
#7 E:/Users/Josue/UDB/2026/DSS404/Laboratorio/Desafio 3/control_citas_medica/vendor/laravel/framework/src/Illuminate/Database/Connection.php(420): Illuminate/Database/Connection->getPdoForSelect(false)
#8 E:/Users/Josue/UDB/2026/DSS404/Laboratorio/Desafio 3/control_citas_medica/vendor/laravel/framework/src/Illuminate/Database/Connection.php(827): Illuminate/Database/Connection->Illuminate/Database/{closure}('select * from `...', Array)
#9 E:/Users/Josue/UDB/2026/DSS404/Laboratorio/Desafio 3/control_citas_medica/vendor/laravel/framework/src/Illuminate/Database/Connection.php(794): Illuminate/Database/Connection->runQueryCallback('select * from `...', Array, Object(Closure))
#10 E:/Users/Josue/UDB/2026/DSS404/Laboratorio/Desafio 3/control_citas_medica/vendor/laravel/framework/src/Illuminate/Database/Connection.php(411): Illuminate/Database/Connection->run('select * from `...', Array, Object(Closure))
#11 E:/Users/Josue/UDB/2026/DSS404/Laboratorio/Desafio 3/control_citas_medica/vendor/laravel/framework/src/Illuminate/Database/Query/Builder.php(3505): Illuminate/Database/Connection->select('select * from `...', Array, false)
#12 E:/Users/Josue/UDB/2026/DSS404/Laboratorio/Desafio 3/control_citas_medica/vendor/laravel/framework/src/Illuminate/Database/Query/Builder.php(3490): Illuminate/Database/Query/Builder->runSelect()
#13 E:/Users/Josue/UDB/2026/DSS404/Laboratorio/Desafio 3/control_citas_medica/vendor/laravel/framework/src/Illuminate/Database/Query/Builder.php(4080): Illuminate/Database/Query/Builder->Illuminate/Database/Query/{closure}()
#14 E:/Users/Josue/UDB/2026/DSS404/Laboratorio/Desafio 3/control_citas_medica/vendor/laravel/framework/src/Illuminate/Database/Query/Builder.php(3489): Illuminate/Database/Query/Builder->onceWithColumns(Array, Object(Closure))
#15 E:/Users/Josue/UDB/2026/DSS404/Laboratorio/Desafio 3/control_citas_medica/vendor/laravel/framework/src/Illuminate/Database/Concerns/BuildsQueries.php(366): Illuminate/Database/Query/Builder->get(Array)
#16 E:/Users/Josue/UDB/2026/DSS404/Laboratorio/Desafio 3/control_citas_medica/vendor/laravel/framework/src/Illuminate/Database/Query/Builder.php(3412): Illuminate/Database/Query/Builder->first(Array)
#17 E:/Users/Josue/UDB/2026/DSS404/Laboratorio/Desafio 3/control_citas_medica/vendor/laravel/framework/src/Illuminate/Session/DatabaseSessionHandler.php(96): Illuminate/Database/Query/Builder->find('ZMMPOH4Rmm9M7DV...')
#18 E:/Users/Josue/UDB/2026/DSS404/Laboratorio/Desafio 3/control_citas_medica/vendor/laravel/framework/src/Illuminate/Session/Store.php(128): Illuminate/Session/DatabaseSessionHandler->read('ZMMPOH4Rmm9M7DV...')
#19 E:/Users/Josue/UDB/2026/DSS404/Laboratorio/Desafio 3/control_citas_medica/vendor/laravel/framework/src/Illuminate/Session/Store.php(116): Illuminate/Session/Store->readFromHandler()
#20 E:/Users/Josue/UDB/2026/DSS404/Laboratorio/Desafio 3/control_citas_medica/vendor/laravel/framework/src/Illuminate/Session/Store.php(100): Illuminate/Session/Store->loadSession()
#21 E:/Users/Josue/UDB/2026/DSS404/Laboratorio/Desafio 3/control_citas_medica/vendor/laravel/framework/src/Illuminate/Session/Middleware/StartSession.php(146): Illuminate/Session/Store->start()
#22 E:/Users/Josue/UDB/2026/DSS404/Laboratorio/Desafio 3/control_citas_medica/vendor/laravel/framework/src/Illuminate/Support/helpers.php(393): Illuminate/Session/Middleware/StartSession->Illuminate/Session/Middleware/{closure}(Object(Illuminate/Session/Store))
#23 E:/Users/Josue/UDB/2026/DSS404/Laboratorio/Desafio 3/control_citas_medica/vendor/laravel/framework/src/Illuminate/Session/Middleware/StartSession.php(143): tap(Object(Illuminate/Session/Store), Object(Closure))
#24 E:/Users/Josue/UDB/2026/DSS404/Laboratorio/Desafio 3/control_citas_medica/vendor/laravel/framework/src/Illuminate/Session/Middleware/StartSession.php(115): Illuminate/Session/Middleware/StartSession->startSession(Object(Illuminate/Http/Request), Object(Illuminate/Session/Store))
#25 E:/Users/Josue/UDB/2026/DSS404/Laboratorio/Desafio 3/control_citas_medica/vendor/laravel/framework/src/Illuminate/Session/Middleware/StartSession.php(63): Illuminate/Session/Middleware/StartSession->handleStatefulRequest(Object(Illuminate/Http/Request), Object(Illuminate/Session/Store), Object(Closure))
#26 E:/Users/Josue/UDB/2026/DSS404/Laboratorio/Desafio 3/control_citas_medica/vendor/laravel/framework/src/Illuminate/Pipeline/Pipeline.php(219): Illuminate/Session/Middleware/StartSession->handle(Object(Illuminate/Http/Request), Object(Closure))
#27 E:/Users/Josue/UDB/2026/DSS404/Laboratorio/Desafio 3/control_citas_medica/vendor/laravel/framework/src/Illuminate/Cookie/Middleware/AddQueuedCookiesToResponse.php(36): Illuminate/Pipeline/Pipeline->Illuminate/Pipeline/{closure}(Object(Illuminate/Http/Request))
#28 E:/Users/Josue/UDB/2026/DSS404/Laboratorio/Desafio 3/control_citas_medica/vendor/laravel/framework/src/Illuminate/Pipeline/Pipeline.php(219): Illuminate/Cookie/Middleware/AddQueuedCookiesToResponse->handle(Object(Illuminate/Http/Request), Object(Closure))
#29 E:/Users/Josue/UDB/2026/DSS404/Laboratorio/Desafio 3/control_citas_medica/vendor/laravel/framework/src/Illuminate/Cookie/Middleware/EncryptCookies.php(74): Illuminate/Pipeline/Pipeline->Illuminate/Pipeline/{closure}(Object(Illuminate/Http/Request))
#30 E:/Users/Josue/UDB/2026/DSS404/Laboratorio/Desafio 3/control_citas_medica/vendor/laravel/framework/src/Illuminate/Pipeline/Pipeline.php(219): Illuminate/Cookie/Middleware/EncryptCookies->handle(Object(Illuminate/Http/Request), Object(Closure))
#31 E:/Users/Josue/UDB/2026/DSS404/Laboratorio/Desafio 3/control_citas_medica/vendor/laravel/framework/src/Illuminate/Pipeline/Pipeline.php(137): Illuminate/Pipeline/Pipeline->Illuminate/Pipeline/{closure}(Object(Illuminate/Http/Request))
#32 E:/Users/Josue/UDB/2026/DSS404/Laboratorio/Desafio 3/control_citas_medica/vendor/laravel/framework/src/Illuminate/Routing/Router.php(821): Illuminate/Pipeline/Pipeline->then(Object(Closure))
#33 E:/Users/Josue/UDB/2026/DSS404/Laboratorio/Desafio 3/control_citas_medica/vendor/laravel/framework/src/Illuminate/Routing/Router.php(800): Illuminate/Routing/Router->runRouteWithinStack(Object(Illuminate/Routing/Route), Object(Illuminate/Http/Request))
#34 E:/Users/Josue/UDB/2026/DSS404/Laboratorio/Desafio 3/control_citas_medica/vendor/laravel/framework/src/Illuminate/Routing/Router.php(764): Illuminate/Routing/Router->runRoute(Object(Illuminate/Http/Request), Object(Illuminate/Routing/Route))
#35 E:/Users/Josue/UDB/2026/DSS404/Laboratorio/Desafio 3/control_citas_medica/vendor/laravel/framework/src/Illuminate/Routing/Router.php(753): Illuminate/Routing/Router->dispatchToRoute(Object(Illuminate/Http/Request))
#36 E:/Users/Josue/UDB/2026/DSS404/Laboratorio/Desafio 3/control_citas_medica/vendor/laravel/framework/src/Illuminate/Foundation/Http/Kernel.php(200): Illuminate/Routing/Router->dispatch(Object(Illuminate/Http/Request))
#37 E:/Users/Josue/UDB/2026/DSS404/Laboratorio/Desafio 3/control_citas_medica/vendor/laravel/framework/src/Illuminate/Pipeline/Pipeline.php(180): Illuminate/Foundation/Http/Kernel->Illuminate/Foundation/Http/{closure}(Object(Illuminate/Http/Request))
#38 E:/Users/Josue/UDB/2026/DSS404/Laboratorio/Desafio 3/control_citas_medica/vendor/laravel/framework/src/Illuminate/Foundation/Http/Middleware/TransformsRequest.php(21): Illuminate/Pipeline/Pipeline->Illuminate/Pipeline/{closure}(Object(Illuminate/Http/Request))
#39 E:/Users/Josue/UDB/2026/DSS404/Laboratorio/Desafio 3/control_citas_medica/vendor/laravel/framework/src/Illuminate/Foundation/Http/Middleware/ConvertEmptyStringsToNull.php(31): Illuminate/Foundation/Http/Middleware/TransformsRequest->handle(Object(Illuminate/Http/Request), Object(Closure))
#40 E:/Users/Josue/UDB/2026/DSS404/Laboratorio/Desafio 3/control_citas_medica/vendor/laravel/framework/src/Illuminate/Pipeline/Pipeline.php(219): Illuminate/Foundation/Http/Middleware/ConvertEmptyStringsToNull->handle(Object(Illuminate/Http/Request), Object(Closure))
#41 E:/Users/Josue/UDB/2026/DSS404/Laboratorio/Desafio 3/control_citas_medica/vendor/laravel/framework/src/Illuminate/Foundation/Http/Middleware/TransformsRequest.php(21): Illuminate/Pipeline/Pipeline->Illuminate/Pipeline/{closure}(Object(Illuminate/Http/Request))
#42 E:/Users/Josue/UDB/2026/DSS404/Laboratorio/Desafio 3/control_citas_medica/vendor/laravel/framework/src/Illuminate/Foundation/Http/Middleware/TrimStrings.php(51): Illuminate/Foundation/Http/Middleware/TransformsRequest->handle(Object(Illuminate/Http/Request), Object(Closure))
#43 E:/Users/Josue/UDB/2026/DSS404/Laboratorio/Desafio 3/control_citas_medica/vendor/laravel/framework/src/Illuminate/Pipeline/Pipeline.php(219): Illuminate/Foundation/Http/Middleware/TrimStrings->handle(Object(Illuminate/Http/Request), Object(Closure))
#44 E:/Users/Josue/UDB/2026/DSS404/Laboratorio/Desafio 3/control_citas_medica/vendor/laravel/framework/src/Illuminate/Http/Middleware/ValidatePostSize.php(27): Illuminate/Pipeline/Pipeline->Illuminate/Pipeline/{closure}(Object(Illuminate/Http/Request))
#45 E:/Users/Josue/UDB/2026/DSS404/Laboratorio/Desafio 3/control_citas_medica/vendor/laravel/framework/src/Illuminate/Pipeline/Pipeline.php(219): Illuminate/Http/Middleware/ValidatePostSize->handle(Object(Illuminate/Http/Request), Object(Closure))
#46 E:/Users/Josue/UDB/2026/DSS404/Laboratorio/Desafio 3/control_citas_medica/vendor/laravel/framework/src/Illuminate/Foundation/Http/Middleware/PreventRequestsDuringMaintenance.php(109): Illuminate/Pipeline/Pipeline->Illuminate/Pipeline/{closure}(Object(Illuminate/Http/Request))
#47 E:/Users/Josue/UDB/2026/DSS404/Laboratorio/Desafio 3/control_citas_medica/vendor/laravel/framework/src/Illuminate/Pipeline/Pipeline.php(219): Illuminate/Foundation/Http/Middleware/PreventRequestsDuringMaintenance->handle(Object(Illuminate/Http/Request), Object(Closure))
#48 E:/Users/Josue/UDB/2026/DSS404/Laboratorio/Desafio 3/control_citas_medica/vendor/laravel/framework/src/Illuminate/Http/Middleware/HandleCors.php(61): Illuminate/Pipeline/Pipeline->Illuminate/Pipeline/{closure}(Object(Illuminate/Http/Request))
#49 E:/Users/Josue/UDB/2026/DSS404/Laboratorio/Desafio 3/control_citas_medica/vendor/laravel/framework/src/Illuminate/Pipeline/Pipeline.php(219): Illuminate/Http/Middleware/HandleCors->handle(Object(Illuminate/Http/Request), Object(Closure))
#50 E:/Users/Josue/UDB/2026/DSS404/Laboratorio/Desafio 3/control_citas_medica/vendor/laravel/framework/src/Illuminate/Http/Middleware/TrustProxies.php(58): Illuminate/Pipeline/Pipeline->Illuminate/Pipeline/{closure}(Object(Illuminate/Http/Request))
#51 E:/Users/Josue/UDB/2026/DSS404/Laboratorio/Desafio 3/control_citas_medica/vendor/laravel/framework/src/Illuminate/Pipeline/Pipeline.php(219): Illuminate/Http/Middleware/TrustProxies->handle(Object(Illuminate/Http/Request), Object(Closure))
#52 E:/Users/Josue/UDB/2026/DSS404/Laboratorio/Desafio 3/control_citas_medica/vendor/laravel/framework/src/Illuminate/Foundation/Http/Middleware/InvokeDeferredCallbacks.php(22): Illuminate/Pipeline/Pipeline->Illuminate/Pipeline/{closure}(Object(Illuminate/Http/Request))
#53 E:/Users/Josue/UDB/2026/DSS404/Laboratorio/Desafio 3/control_citas_medica/vendor/laravel/framework/src/Illuminate/Pipeline/Pipeline.php(219): Illuminate/Foundation/Http/Middleware/InvokeDeferredCallbacks->handle(Object(Illuminate/Http/Request), Object(Closure))
#54 E:/Users/Josue/UDB/2026/DSS404/Laboratorio/Desafio 3/control_citas_medica/vendor/laravel/framework/src/Illuminate/Http/Middleware/ValidatePathEncoding.php(26): Illuminate/Pipeline/Pipeline->Illuminate/Pipeline/{closure}(Object(Illuminate/Http/Request))
#55 E:/Users/Josue/UDB/2026/DSS404/Laboratorio/Desafio 3/control_citas_medica/vendor/laravel/framework/src/Illuminate/Pipeline/Pipeline.php(219): Illuminate/Http/Middleware/ValidatePathEncoding->handle(Object(Illuminate/Http/Request), Object(Closure))
#56 E:/Users/Josue/UDB/2026/DSS404/Laboratorio/Desafio 3/control_citas_medica/vendor/laravel/framework/src/Illuminate/Pipeline/Pipeline.php(137): Illuminate/Pipeline/Pipeline->Illuminate/Pipeline/{closure}(Object(Illuminate/Http/Request))
#57 E:/Users/Josue/UDB/2026/DSS404/Laboratorio/Desafio 3/control_citas_medica/vendor/laravel/framework/src/Illuminate/Foundation/Http/Kernel.php(175): Illuminate/Pipeline/Pipeline->then(Object(Closure))
#58 E:/Users/Josue/UDB/2026/DSS404/Laboratorio/Desafio 3/control_citas_medica/vendor/laravel/framework/src/Illuminate/Foundation/Http/Kernel.php(144): Illuminate/Foundation/Http/Kernel->sendRequestThroughRouter(Object(Illuminate/Http/Request))
#59 E:/Users/Josue/UDB/2026/DSS404/Laboratorio/Desafio 3/control_citas_medica/vendor/laravel/framework/src/Illuminate/Foundation/Application.php(1220): Illuminate/Foundation/Http/Kernel->handle(Object(Illuminate/Http/Request))
#60 E:/Users/Josue/UDB/2026/DSS404/Laboratorio/Desafio 3/control_citas_medica/public/index.php(20): Illuminate/Foundation/Application->handleRequest(Object(Illuminate/Http/Request))
#61 E:/Users/Josue/UDB/2026/DSS404/Laboratorio/Desafio 3/control_citas_medica/vendor/laravel/framework/src/Illuminate/Foundation/resources/server.php(23): require_once('E://Users//Josue//...')
#62 {main}
"} 
[2026-05-22 23:34:13] local.ERROR: SQLSTATE[42S02]: Base table or view not found: 1146 Table 'control_citas_medicas.sessions' doesn't exist (Connection: mysql, Host: 127.0.0.1, Port: 3306, Database: control_citas_medicas, SQL: select * from `sessions` where `id` = ZMMPOH4Rmm9M7DVvZOrJLRQYVOwfBkHji63GZMQ0 limit 1) {"exception":"[object] (Illuminate\\Database\\QueryException(code: 42S02): SQLSTATE[42S02]: Base table or view not found: 1146 Table 'control_citas_medicas.sessions' doesn't exist (Connection: mysql, Host: 127.0.0.1, Port: 3306, Database: control_citas_medicas, SQL: select * from `sessions` where `id` = ZMMPOH4Rmm9M7DVvZOrJLRQYVOwfBkHji63GZMQ0 limit 1) at E:/Users/Josue/UDB/2026/DSS404/Laboratorio/Desafio 3/control_citas_medica/vendor/laravel/framework/src/Illuminate/Database/Connection.php:838)
[stacktrace]
#0 E:/Users/Josue/UDB/2026/DSS404/Laboratorio/Desafio 3/control_citas_medica/vendor/laravel/framework/src/Illuminate/Database/Connection.php(794): Illuminate/Database/Connection->runQueryCallback('select * from `...', Array, Object(Closure))
#1 E:/Users/Josue/UDB/2026/DSS404/Laboratorio/Desafio 3/control_citas_medica/vendor/laravel/framework/src/Illuminate/Database/Connection.php(411): Illuminate/Database/Connection->run('select * from `...', Array, Object(Closure))
#2 E:/Users/Josue/UDB/2026/DSS404/Laboratorio/Desafio 3/control_citas_medica/vendor/laravel/framework/src/Illuminate/Database/Query/Builder.php(3505): Illuminate/Database/Connection->select('select * from `...', Array, false)
#3 E:/Users/Josue/UDB/2026/DSS404/Laboratorio/Desafio 3/control_citas_medica/vendor/laravel/framework/src/Illuminate/Database/Query/Builder.php(3490): Illuminate/Database/Query/Builder->runSelect()
#4 E:/Users/Josue/UDB/2026/DSS404/Laboratorio/Desafio 3/control_citas_medica/vendor/laravel/framework/src/Illuminate/Database/Query/Builder.php(4080): Illuminate/Database/Query/Builder->Illuminate/Database/Query/{closure}()
#5 E:/Users/Josue/UDB/2026/DSS404/Laboratorio/Desafio 3/control_citas_medica/vendor/laravel/framework/src/Illuminate/Database/Query/Builder.php(3489): Illuminate/Database/Query/Builder->onceWithColumns(Array, Object(Closure))
#6 E:/Users/Josue/UDB/2026/DSS404/Laboratorio/Desafio 3/control_citas_medica/vendor/laravel/framework/src/Illuminate/Database/Concerns/BuildsQueries.php(366): Illuminate/Database/Query/Builder->get(Array)
#7 E:/Users/Josue/UDB/2026/DSS404/Laboratorio/Desafio 3/control_citas_medica/vendor/laravel/framework/src/Illuminate/Database/Query/Builder.php(3412): Illuminate/Database/Query/Builder->first(Array)
#8 E:/Users/Josue/UDB/2026/DSS404/Laboratorio/Desafio 3/control_citas_medica/vendor/laravel/framework/src/Illuminate/Session/DatabaseSessionHandler.php(96): Illuminate/Database/Query/Builder->find('ZMMPOH4Rmm9M7DV...')
#9 E:/Users/Josue/UDB/2026/DSS404/Laboratorio/Desafio 3/control_citas_medica/vendor/laravel/framework/src/Illuminate/Session/Store.php(128): Illuminate/Session/DatabaseSessionHandler->read('ZMMPOH4Rmm9M7DV...')
#10 E:/Users/Josue/UDB/2026/DSS404/Laboratorio/Desafio 3/control_citas_medica/vendor/laravel/framework/src/Illuminate/Session/Store.php(116): Illuminate/Session/Store->readFromHandler()
#11 E:/Users/Josue/UDB/2026/DSS404/Laboratorio/Desafio 3/control_citas_medica/vendor/laravel/framework/src/Illuminate/Session/Store.php(100): Illuminate/Session/Store->loadSession()
#12 E:/Users/Josue/UDB/2026/DSS404/Laboratorio/Desafio 3/control_citas_medica/vendor/laravel/framework/src/Illuminate/Session/Middleware/StartSession.php(146): Illuminate/Session/Store->start()
#13 E:/Users/Josue/UDB/2026/DSS404/Laboratorio/Desafio 3/control_citas_medica/vendor/laravel/framework/src/Illuminate/Support/helpers.php(393): Illuminate/Session/Middleware/StartSession->Illuminate/Session/Middleware/{closure}(Object(Illuminate/Session/Store))
#14 E:/Users/Josue/UDB/2026/DSS404/Laboratorio/Desafio 3/control_citas_medica/vendor/laravel/framework/src/Illuminate/Session/Middleware/StartSession.php(143): tap(Object(Illuminate/Session/Store), Object(Closure))
#15 E:/Users/Josue/UDB/2026/DSS404/Laboratorio/Desafio 3/control_citas_medica/vendor/laravel/framework/src/Illuminate/Session/Middleware/StartSession.php(115): Illuminate/Session/Middleware/StartSession->startSession(Object(Illuminate/Http/Request), Object(Illuminate/Session/Store))
#16 E:/Users/Josue/UDB/2026/DSS404/Laboratorio/Desafio 3/control_citas_medica/vendor/laravel/framework/src/Illuminate/Session/Middleware/StartSession.php(63): Illuminate/Session/Middleware/StartSession->handleStatefulRequest(Object(Illuminate/Http/Request), Object(Illuminate/Session/Store), Object(Closure))
#17 E:/Users/Josue/UDB/2026/DSS404/Laboratorio/Desafio 3/control_citas_medica/vendor/laravel/framework/src/Illuminate/Pipeline/Pipeline.php(219): Illuminate/Session/Middleware/StartSession->handle(Object(Illuminate/Http/Request), Object(Closure))
#18 E:/Users/Josue/UDB/2026/DSS404/Laboratorio/Desafio 3/control_citas_medica/vendor/laravel/framework/src/Illuminate/Cookie/Middleware/AddQueuedCookiesToResponse.php(36): Illuminate/Pipeline/Pipeline->Illuminate/Pipeline/{closure}(Object(Illuminate/Http/Request))
#19 E:/Users/Josue/UDB/2026/DSS404/Laboratorio/Desafio 3/control_citas_medica/vendor/laravel/framework/src/Illuminate/Pipeline/Pipeline.php(219): Illuminate/Cookie/Middleware/AddQueuedCookiesToResponse->handle(Object(Illuminate/Http/Request), Object(Closure))
#20 E:/Users/Josue/UDB/2026/DSS404/Laboratorio/Desafio 3/control_citas_medica/vendor/laravel/framework/src/Illuminate/Cookie/Middleware/EncryptCookies.php(74): Illuminate/Pipeline/Pipeline->Illuminate/Pipeline/{closure}(Object(Illuminate/Http/Request))
#21 E:/Users/Josue/UDB/2026/DSS404/Laboratorio/Desafio 3/control_citas_medica/vendor/laravel/framework/src/Illuminate/Pipeline/Pipeline.php(219): Illuminate/Cookie/Middleware/EncryptCookies->handle(Object(Illuminate/Http/Request), Object(Closure))
#22 E:/Users/Josue/UDB/2026/DSS404/Laboratorio/Desafio 3/control_citas_medica/vendor/laravel/framework/src/Illuminate/Pipeline/Pipeline.php(137): Illuminate/Pipeline/Pipeline->Illuminate/Pipeline/{closure}(Object(Illuminate/Http/Request))
#23 E:/Users/Josue/UDB/2026/DSS404/Laboratorio/Desafio 3/control_citas_medica/vendor/laravel/framework/src/Illuminate/Routing/Router.php(821): Illuminate/Pipeline/Pipeline->then(Object(Closure))
#24 E:/Users/Josue/UDB/2026/DSS404/Laboratorio/Desafio 3/control_citas_medica/vendor/laravel/framework/src/Illuminate/Routing/Router.php(800): Illuminate/Routing/Router->runRouteWithinStack(Object(Illuminate/Routing/Route), Object(Illuminate/Http/Request))
#25 E:/Users/Josue/UDB/2026/DSS404/Laboratorio/Desafio 3/control_citas_medica/vendor/laravel/framework/src/Illuminate/Routing/Router.php(764): Illuminate/Routing/Router->runRoute(Object(Illuminate/Http/Request), Object(Illuminate/Routing/Route))
#26 E:/Users/Josue/UDB/2026/DSS404/Laboratorio/Desafio 3/control_citas_medica/vendor/laravel/framework/src/Illuminate/Routing/Router.php(753): Illuminate/Routing/Router->dispatchToRoute(Object(Illuminate/Http/Request))
#27 E:/Users/Josue/UDB/2026/DSS404/Laboratorio/Desafio 3/control_citas_medica/vendor/laravel/framework/src/Illuminate/Foundation/Http/Kernel.php(200): Illuminate/Routing/Router->dispatch(Object(Illuminate/Http/Request))
#28 E:/Users/Josue/UDB/2026/DSS404/Laboratorio/Desafio 3/control_citas_medica/vendor/laravel/framework/src/Illuminate/Pipeline/Pipeline.php(180): Illuminate/Foundation/Http/Kernel->Illuminate/Foundation/Http/{closure}(Object(Illuminate/Http/Request))
#29 E:/Users/Josue/UDB/2026/DSS404/Laboratorio/Desafio 3/control_citas_medica/vendor/laravel/framework/src/Illuminate/Foundation/Http/Middleware/TransformsRequest.php(21): Illuminate/Pipeline/Pipeline->Illuminate/Pipeline/{closure}(Object(Illuminate/Http/Request))
#30 E:/Users/Josue/UDB/2026/DSS404/Laboratorio/Desafio 3/control_citas_medica/vendor/laravel/framework/src/Illuminate/Foundation/Http/Middleware/ConvertEmptyStringsToNull.php(31): Illuminate/Foundation/Http/Middleware/TransformsRequest->handle(Object(Illuminate/Http/Request), Object(Closure))
#31 E:/Users/Josue/UDB/2026/DSS404/Laboratorio/Desafio 3/control_citas_medica/vendor/laravel/framework/src/Illuminate/Pipeline/Pipeline.php(219): Illuminate/Foundation/Http/Middleware/ConvertEmptyStringsToNull->handle(Object(Illuminate/Http/Request), Object(Closure))
#32 E:/Users/Josue/UDB/2026/DSS404/Laboratorio/Desafio 3/control_citas_medica/vendor/laravel/framework/src/Illuminate/Foundation/Http/Middleware/TransformsRequest.php(21): Illuminate/Pipeline/Pipeline->Illuminate/Pipeline/{closure}(Object(Illuminate/Http/Request))
#33 E:/Users/Josue/UDB/2026/DSS404/Laboratorio/Desafio 3/control_citas_medica/vendor/laravel/framework/src/Illuminate/Foundation/Http/Middleware/TrimStrings.php(51): Illuminate/Foundation/Http/Middleware/TransformsRequest->handle(Object(Illuminate/Http/Request), Object(Closure))
#34 E:/Users/Josue/UDB/2026/DSS404/Laboratorio/Desafio 3/control_citas_medica/vendor/laravel/framework/src/Illuminate/Pipeline/Pipeline.php(219): Illuminate/Foundation/Http/Middleware/TrimStrings->handle(Object(Illuminate/Http/Request), Object(Closure))
#35 E:/Users/Josue/UDB/2026/DSS404/Laboratorio/Desafio 3/control_citas_medica/vendor/laravel/framework/src/Illuminate/Http/Middleware/ValidatePostSize.php(27): Illuminate/Pipeline/Pipeline->Illuminate/Pipeline/{closure}(Object(Illuminate/Http/Request))
#36 E:/Users/Josue/UDB/2026/DSS404/Laboratorio/Desafio 3/control_citas_medica/vendor/laravel/framework/src/Illuminate/Pipeline/Pipeline.php(219): Illuminate/Http/Middleware/ValidatePostSize->handle(Object(Illuminate/Http/Request), Object(Closure))
#37 E:/Users/Josue/UDB/2026/DSS404/Laboratorio/Desafio 3/control_citas_medica/vendor/laravel/framework/src/Illuminate/Foundation/Http/Middleware/PreventRequestsDuringMaintenance.php(109): Illuminate/Pipeline/Pipeline->Illuminate/Pipeline/{closure}(Object(Illuminate/Http/Request))
#38 E:/Users/Josue/UDB/2026/DSS404/Laboratorio/Desafio 3/control_citas_medica/vendor/laravel/framework/src/Illuminate/Pipeline/Pipeline.php(219): Illuminate/Foundation/Http/Middleware/PreventRequestsDuringMaintenance->handle(Object(Illuminate/Http/Request), Object(Closure))
#39 E:/Users/Josue/UDB/2026/DSS404/Laboratorio/Desafio 3/control_citas_medica/vendor/laravel/framework/src/Illuminate/Http/Middleware/HandleCors.php(61): Illuminate/Pipeline/Pipeline->Illuminate/Pipeline/{closure}(Object(Illuminate/Http/Request))
#40 E:/Users/Josue/UDB/2026/DSS404/Laboratorio/Desafio 3/control_citas_medica/vendor/laravel/framework/src/Illuminate/Pipeline/Pipeline.php(219): Illuminate/Http/Middleware/HandleCors->handle(Object(Illuminate/Http/Request), Object(Closure))
#41 E:/Users/Josue/UDB/2026/DSS404/Laboratorio/Desafio 3/control_citas_medica/vendor/laravel/framework/src/Illuminate/Http/Middleware/TrustProxies.php(58): Illuminate/Pipeline/Pipeline->Illuminate/Pipeline/{closure}(Object(Illuminate/Http/Request))
#42 E:/Users/Josue/UDB/2026/DSS404/Laboratorio/Desafio 3/control_citas_medica/vendor/laravel/framework/src/Illuminate/Pipeline/Pipeline.php(219): Illuminate/Http/Middleware/TrustProxies->handle(Object(Illuminate/Http/Request), Object(Closure))
#43 E:/Users/Josue/UDB/2026/DSS404/Laboratorio/Desafio 3/control_citas_medica/vendor/laravel/framework/src/Illuminate/Foundation/Http/Middleware/InvokeDeferredCallbacks.php(22): Illuminate/Pipeline/Pipeline->Illuminate/Pipeline/{closure}(Object(Illuminate/Http/Request))
#44 E:/Users/Josue/UDB/2026/DSS404/Laboratorio/Desafio 3/control_citas_medica/vendor/laravel/framework/src/Illuminate/Pipeline/Pipeline.php(219): Illuminate/Foundation/Http/Middleware/InvokeDeferredCallbacks->handle(Object(Illuminate/Http/Request), Object(Closure))
#45 E:/Users/Josue/UDB/2026/DSS404/Laboratorio/Desafio 3/control_citas_medica/vendor/laravel/framework/src/Illuminate/Http/Middleware/ValidatePathEncoding.php(26): Illuminate/Pipeline/Pipeline->Illuminate/Pipeline/{closure}(Object(Illuminate/Http/Request))
#46 E:/Users/Josue/UDB/2026/DSS404/Laboratorio/Desafio 3/control_citas_medica/vendor/laravel/framework/src/Illuminate/Pipeline/Pipeline.php(219): Illuminate/Http/Middleware/ValidatePathEncoding->handle(Object(Illuminate/Http/Request), Object(Closure))
#47 E:/Users/Josue/UDB/2026/DSS404/Laboratorio/Desafio 3/control_citas_medica/vendor/laravel/framework/src/Illuminate/Pipeline/Pipeline.php(137): Illuminate/Pipeline/Pipeline->Illuminate/Pipeline/{closure}(Object(Illuminate/Http/Request))
#48 E:/Users/Josue/UDB/2026/DSS404/Laboratorio/Desafio 3/control_citas_medica/vendor/laravel/framework/src/Illuminate/Foundation/Http/Kernel.php(175): Illuminate/Pipeline/Pipeline->then(Object(Closure))
#49 E:/Users/Josue/UDB/2026/DSS404/Laboratorio/Desafio 3/control_citas_medica/vendor/laravel/framework/src/Illuminate/Foundation/Http/Kernel.php(144): Illuminate/Foundation/Http/Kernel->sendRequestThroughRouter(Object(Illuminate/Http/Request))
#50 E:/Users/Josue/UDB/2026/DSS404/Laboratorio/Desafio 3/control_citas_medica/vendor/laravel/framework/src/Illuminate/Foundation/Application.php(1220): Illuminate/Foundation/Http/Kernel->handle(Object(Illuminate/Http/Request))
#51 E:/Users/Josue/UDB/2026/DSS404/Laboratorio/Desafio 3/control_citas_medica/public/index.php(20): Illuminate/Foundation/Application->handleRequest(Object(Illuminate/Http/Request))
#52 E:/Users/Josue/UDB/2026/DSS404/Laboratorio/Desafio 3/control_citas_medica/vendor/laravel/framework/src/Illuminate/Foundation/resources/server.php(23): require_once('E://Users//Josue//...')
#53 {main}

[previous exception] [object] (PDOException(code: 42S02): SQLSTATE[42S02]: Base table or view not found: 1146 Table 'control_citas_medicas.sessions' doesn't exist at E:/Users/Josue/UDB/2026/DSS404/Laboratorio/Desafio 3/control_citas_medica/vendor/laravel/framework/src/Illuminate/Database/Connection.php:420)
[stacktrace]
#0 E:/Users/Josue/UDB/2026/DSS404/Laboratorio/Desafio 3/control_citas_medica/vendor/laravel/framework/src/Illuminate/Database/Connection.php(420): PDO->prepare('select * from `...')
#1 E:/Users/Josue/UDB/2026/DSS404/Laboratorio/Desafio 3/control_citas_medica/vendor/laravel/framework/src/Illuminate/Database/Connection.php(827): Illuminate/Database/Connection->Illuminate/Database/{closure}('select * from `...', Array)
#2 E:/Users/Josue/UDB/2026/DSS404/Laboratorio/Desafio 3/control_citas_medica/vendor/laravel/framework/src/Illuminate/Database/Connection.php(794): Illuminate/Database/Connection->runQueryCallback('select * from `...', Array, Object(Closure))
#3 E:/Users/Josue/UDB/2026/DSS404/Laboratorio/Desafio 3/control_citas_medica/vendor/laravel/framework/src/Illuminate/Database/Connection.php(411): Illuminate/Database/Connection->run('select * from `...', Array, Object(Closure))
#4 E:/Users/Josue/UDB/2026/DSS404/Laboratorio/Desafio 3/control_citas_medica/vendor/laravel/framework/src/Illuminate/Database/Query/Builder.php(3505): Illuminate/Database/Connection->select('select * from `...', Array, false)
#5 E:/Users/Josue/UDB/2026/DSS404/Laboratorio/Desafio 3/control_citas_medica/vendor/laravel/framework/src/Illuminate/Database/Query/Builder.php(3490): Illuminate/Database/Query/Builder->runSelect()
#6 E:/Users/Josue/UDB/2026/DSS404/Laboratorio/Desafio 3/control_citas_medica/vendor/laravel/framework/src/Illuminate/Database/Query/Builder.php(4080): Illuminate/Database/Query/Builder->Illuminate/Database/Query/{closure}()
#7 E:/Users/Josue/UDB/2026/DSS404/Laboratorio/Desafio 3/control_citas_medica/vendor/laravel/framework/src/Illuminate/Database/Query/Builder.php(3489): Illuminate/Database/Query/Builder->onceWithColumns(Array, Object(Closure))
#8 E:/Users/Josue/UDB/2026/DSS404/Laboratorio/Desafio 3/control_citas_medica/vendor/laravel/framework/src/Illuminate/Database/Concerns/BuildsQueries.php(366): Illuminate/Database/Query/Builder->get(Array)
#9 E:/Users/Josue/UDB/2026/DSS404/Laboratorio/Desafio 3/control_citas_medica/vendor/laravel/framework/src/Illuminate/Database/Query/Builder.php(3412): Illuminate/Database/Query/Builder->first(Array)
#10 E:/Users/Josue/UDB/2026/DSS404/Laboratorio/Desafio 3/control_citas_medica/vendor/laravel/framework/src/Illuminate/Session/DatabaseSessionHandler.php(96): Illuminate/Database/Query/Builder->find('ZMMPOH4Rmm9M7DV...')
#11 E:/Users/Josue/UDB/2026/DSS404/Laboratorio/Desafio 3/control_citas_medica/vendor/laravel/framework/src/Illuminate/Session/Store.php(128): Illuminate/Session/DatabaseSessionHandler->read('ZMMPOH4Rmm9M7DV...')
#12 E:/Users/Josue/UDB/2026/DSS404/Laboratorio/Desafio 3/control_citas_medica/vendor/laravel/framework/src/Illuminate/Session/Store.php(116): Illuminate/Session/Store->readFromHandler()
#13 E:/Users/Josue/UDB/2026/DSS404/Laboratorio/Desafio 3/control_citas_medica/vendor/laravel/framework/src/Illuminate/Session/Store.php(100): Illuminate/Session/Store->loadSession()
#14 E:/Users/Josue/UDB/2026/DSS404/Laboratorio/Desafio 3/control_citas_medica/vendor/laravel/framework/src/Illuminate/Session/Middleware/StartSession.php(146): Illuminate/Session/Store->start()
#15 E:/Users/Josue/UDB/2026/DSS404/Laboratorio/Desafio 3/control_citas_medica/vendor/laravel/framework/src/Illuminate/Support/helpers.php(393): Illuminate/Session/Middleware/StartSession->Illuminate/Session/Middleware/{closure}(Object(Illuminate/Session/Store))
#16 E:/Users/Josue/UDB/2026/DSS404/Laboratorio/Desafio 3/control_citas_medica/vendor/laravel/framework/src/Illuminate/Session/Middleware/StartSession.php(143): tap(Object(Illuminate/Session/Store), Object(Closure))
#17 E:/Users/Josue/UDB/2026/DSS404/Laboratorio/Desafio 3/control_citas_medica/vendor/laravel/framework/src/Illuminate/Session/Middleware/StartSession.php(115): Illuminate/Session/Middleware/StartSession->startSession(Object(Illuminate/Http/Request), Object(Illuminate/Session/Store))
#18 E:/Users/Josue/UDB/2026/DSS404/Laboratorio/Desafio 3/control_citas_medica/vendor/laravel/framework/src/Illuminate/Session/Middleware/StartSession.php(63): Illuminate/Session/Middleware/StartSession->handleStatefulRequest(Object(Illuminate/Http/Request), Object(Illuminate/Session/Store), Object(Closure))
#19 E:/Users/Josue/UDB/2026/DSS404/Laboratorio/Desafio 3/control_citas_medica/vendor/laravel/framework/src/Illuminate/Pipeline/Pipeline.php(219): Illuminate/Session/Middleware/StartSession->handle(Object(Illuminate/Http/Request), Object(Closure))
#20 E:/Users/Josue/UDB/2026/DSS404/Laboratorio/Desafio 3/control_citas_medica/vendor/laravel/framework/src/Illuminate/Cookie/Middleware/AddQueuedCookiesToResponse.php(36): Illuminate/Pipeline/Pipeline->Illuminate/Pipeline/{closure}(Object(Illuminate/Http/Request))
#21 E:/Users/Josue/UDB/2026/DSS404/Laboratorio/Desafio 3/control_citas_medica/vendor/laravel/framework/src/Illuminate/Pipeline/Pipeline.php(219): Illuminate/Cookie/Middleware/AddQueuedCookiesToResponse->handle(Object(Illuminate/Http/Request), Object(Closure))
#22 E:/Users/Josue/UDB/2026/DSS404/Laboratorio/Desafio 3/control_citas_medica/vendor/laravel/framework/src/Illuminate/Cookie/Middleware/EncryptCookies.php(74): Illuminate/Pipeline/Pipeline->Illuminate/Pipeline/{closure}(Object(Illuminate/Http/Request))
#23 E:/Users/Josue/UDB/2026/DSS404/Laboratorio/Desafio 3/control_citas_medica/vendor/laravel/framework/src/Illuminate/Pipeline/Pipeline.php(219): Illuminate/Cookie/Middleware/EncryptCookies->handle(Object(Illuminate/Http/Request), Object(Closure))
#24 E:/Users/Josue/UDB/2026/DSS404/Laboratorio/Desafio 3/control_citas_medica/vendor/laravel/framework/src/Illuminate/Pipeline/Pipeline.php(137): Illuminate/Pipeline/Pipeline->Illuminate/Pipeline/{closure}(Object(Illuminate/Http/Request))
#25 E:/Users/Josue/UDB/2026/DSS404/Laboratorio/Desafio 3/control_citas_medica/vendor/laravel/framework/src/Illuminate/Routing/Router.php(821): Illuminate/Pipeline/Pipeline->then(Object(Closure))
#26 E:/Users/Josue/UDB/2026/DSS404/Laboratorio/Desafio 3/control_citas_medica/vendor/laravel/framework/src/Illuminate/Routing/Router.php(800): Illuminate/Routing/Router->runRouteWithinStack(Object(Illuminate/Routing/Route), Object(Illuminate/Http/Request))
#27 E:/Users/Josue/UDB/2026/DSS404/Laboratorio/Desafio 3/control_citas_medica/vendor/laravel/framework/src/Illuminate/Routing/Router.php(764): Illuminate/Routing/Router->runRoute(Object(Illuminate/Http/Request), Object(Illuminate/Routing/Route))
#28 E:/Users/Josue/UDB/2026/DSS404/Laboratorio/Desafio 3/control_citas_medica/vendor/laravel/framework/src/Illuminate/Routing/Router.php(753): Illuminate/Routing/Router->dispatchToRoute(Object(Illuminate/Http/Request))
#29 E:/Users/Josue/UDB/2026/DSS404/Laboratorio/Desafio 3/control_citas_medica/vendor/laravel/framework/src/Illuminate/Foundation/Http/Kernel.php(200): Illuminate/Routing/Router->dispatch(Object(Illuminate/Http/Request))
#30 E:/Users/Josue/UDB/2026/DSS404/Laboratorio/Desafio 3/control_citas_medica/vendor/laravel/framework/src/Illuminate/Pipeline/Pipeline.php(180): Illuminate/Foundation/Http/Kernel->Illuminate/Foundation/Http/{closure}(Object(Illuminate/Http/Request))
#31 E:/Users/Josue/UDB/2026/DSS404/Laboratorio/Desafio 3/control_citas_medica/vendor/laravel/framework/src/Illuminate/Foundation/Http/Middleware/TransformsRequest.php(21): Illuminate/Pipeline/Pipeline->Illuminate/Pipeline/{closure}(Object(Illuminate/Http/Request))
#32 E:/Users/Josue/UDB/2026/DSS404/Laboratorio/Desafio 3/control_citas_medica/vendor/laravel/framework/src/Illuminate/Foundation/Http/Middleware/ConvertEmptyStringsToNull.php(31): Illuminate/Foundation/Http/Middleware/TransformsRequest->handle(Object(Illuminate/Http/Request), Object(Closure))
#33 E:/Users/Josue/UDB/2026/DSS404/Laboratorio/Desafio 3/control_citas_medica/vendor/laravel/framework/src/Illuminate/Pipeline/Pipeline.php(219): Illuminate/Foundation/Http/Middleware/ConvertEmptyStringsToNull->handle(Object(Illuminate/Http/Request), Object(Closure))
#34 E:/Users/Josue/UDB/2026/DSS404/Laboratorio/Desafio 3/control_citas_medica/vendor/laravel/framework/src/Illuminate/Foundation/Http/Middleware/TransformsRequest.php(21): Illuminate/Pipeline/Pipeline->Illuminate/Pipeline/{closure}(Object(Illuminate/Http/Request))
#35 E:/Users/Josue/UDB/2026/DSS404/Laboratorio/Desafio 3/control_citas_medica/vendor/laravel/framework/src/Illuminate/Foundation/Http/Middleware/TrimStrings.php(51): Illuminate/Foundation/Http/Middleware/TransformsRequest->handle(Object(Illuminate/Http/Request), Object(Closure))
#36 E:/Users/Josue/UDB/2026/DSS404/Laboratorio/Desafio 3/control_citas_medica/vendor/laravel/framework/src/Illuminate/Pipeline/Pipeline.php(219): Illuminate/Foundation/Http/Middleware/TrimStrings->handle(Object(Illuminate/Http/Request), Object(Closure))
#37 E:/Users/Josue/UDB/2026/DSS404/Laboratorio/Desafio 3/control_citas_medica/vendor/laravel/framework/src/Illuminate/Http/Middleware/ValidatePostSize.php(27): Illuminate/Pipeline/Pipeline->Illuminate/Pipeline/{closure}(Object(Illuminate/Http/Request))
#38 E:/Users/Josue/UDB/2026/DSS404/Laboratorio/Desafio 3/control_citas_medica/vendor/laravel/framework/src/Illuminate/Pipeline/Pipeline.php(219): Illuminate/Http/Middleware/ValidatePostSize->handle(Object(Illuminate/Http/Request), Object(Closure))
#39 E:/Users/Josue/UDB/2026/DSS404/Laboratorio/Desafio 3/control_citas_medica/vendor/laravel/framework/src/Illuminate/Foundation/Http/Middleware/PreventRequestsDuringMaintenance.php(109): Illuminate/Pipeline/Pipeline->Illuminate/Pipeline/{closure}(Object(Illuminate/Http/Request))
#40 E:/Users/Josue/UDB/2026/DSS404/Laboratorio/Desafio 3/control_citas_medica/vendor/laravel/framework/src/Illuminate/Pipeline/Pipeline.php(219): Illuminate/Foundation/Http/Middleware/PreventRequestsDuringMaintenance->handle(Object(Illuminate/Http/Request), Object(Closure))
#41 E:/Users/Josue/UDB/2026/DSS404/Laboratorio/Desafio 3/control_citas_medica/vendor/laravel/framework/src/Illuminate/Http/Middleware/HandleCors.php(61): Illuminate/Pipeline/Pipeline->Illuminate/Pipeline/{closure}(Object(Illuminate/Http/Request))
#42 E:/Users/Josue/UDB/2026/DSS404/Laboratorio/Desafio 3/control_citas_medica/vendor/laravel/framework/src/Illuminate/Pipeline/Pipeline.php(219): Illuminate/Http/Middleware/HandleCors->handle(Object(Illuminate/Http/Request), Object(Closure))
#43 E:/Users/Josue/UDB/2026/DSS404/Laboratorio/Desafio 3/control_citas_medica/vendor/laravel/framework/src/Illuminate/Http/Middleware/TrustProxies.php(58): Illuminate/Pipeline/Pipeline->Illuminate/Pipeline/{closure}(Object(Illuminate/Http/Request))
#44 E:/Users/Josue/UDB/2026/DSS404/Laboratorio/Desafio 3/control_citas_medica/vendor/laravel/framework/src/Illuminate/Pipeline/Pipeline.php(219): Illuminate/Http/Middleware/TrustProxies->handle(Object(Illuminate/Http/Request), Object(Closure))
#45 E:/Users/Josue/UDB/2026/DSS404/Laboratorio/Desafio 3/control_citas_medica/vendor/laravel/framework/src/Illuminate/Foundation/Http/Middleware/InvokeDeferredCallbacks.php(22): Illuminate/Pipeline/Pipeline->Illuminate/Pipeline/{closure}(Object(Illuminate/Http/Request))
#46 E:/Users/Josue/UDB/2026/DSS404/Laboratorio/Desafio 3/control_citas_medica/vendor/laravel/framework/src/Illuminate/Pipeline/Pipeline.php(219): Illuminate/Foundation/Http/Middleware/InvokeDeferredCallbacks->handle(Object(Illuminate/Http/Request), Object(Closure))
#47 E:/Users/Josue/UDB/2026/DSS404/Laboratorio/Desafio 3/control_citas_medica/vendor/laravel/framework/src/Illuminate/Http/Middleware/ValidatePathEncoding.php(26): Illuminate/Pipeline/Pipeline->Illuminate/Pipeline/{closure}(Object(Illuminate/Http/Request))
#48 E:/Users/Josue/UDB/2026/DSS404/Laboratorio/Desafio 3/control_citas_medica/vendor/laravel/framework/src/Illuminate/Pipeline/Pipeline.php(219): Illuminate/Http/Middleware/ValidatePathEncoding->handle(Object(Illuminate/Http/Request), Object(Closure))
#49 E:/Users/Josue/UDB/2026/DSS404/Laboratorio/Desafio 3/control_citas_medica/vendor/laravel/framework/src/Illuminate/Pipeline/Pipeline.php(137): Illuminate/Pipeline/Pipeline->Illuminate/Pipeline/{closure}(Object(Illuminate/Http/Request))
#50 E:/Users/Josue/UDB/2026/DSS404/Laboratorio/Desafio 3/control_citas_medica/vendor/laravel/framework/src/Illuminate/Foundation/Http/Kernel.php(175): Illuminate/Pipeline/Pipeline->then(Object(Closure))
#51 E:/Users/Josue/UDB/2026/DSS404/Laboratorio/Desafio 3/control_citas_medica/vendor/laravel/framework/src/Illuminate/Foundation/Http/Kernel.php(144): Illuminate/Foundation/Http/Kernel->sendRequestThroughRouter(Object(Illuminate/Http/Request))
#52 E:/Users/Josue/UDB/2026/DSS404/Laboratorio/Desafio 3/control_citas_medica/vendor/laravel/framework/src/Illuminate/Foundation/Application.php(1220): Illuminate/Foundation/Http/Kernel->handle(Object(Illuminate/Http/Request))
#53 E:/Users/Josue/UDB/2026/DSS404/Laboratorio/Desafio 3/control_citas_medica/public/index.php(20): Illuminate/Foundation/Application->handleRequest(Object(Illuminate/Http/Request))
#54 E:/Users/Josue/UDB/2026/DSS404/Laboratorio/Desafio 3/control_citas_medica/vendor/laravel/framework/src/Illuminate/Foundation/resources/server.php(23): require_once('E://Users//Josue//...')
#55 {main}
"} 
[2026-05-22 23:34:49] local.ERROR: SQLSTATE[42S02]: Base table or view not found: 1146 Table 'control_citas_medicas.sessions' doesn't exist (Connection: mysql, Host: 127.0.0.1, Port: 3306, Database: control_citas_medicas, SQL: select * from `sessions` where `id` = ZMMPOH4Rmm9M7DVvZOrJLRQYVOwfBkHji63GZMQ0 limit 1) {"exception":"[object] (Illuminate\\Database\\QueryException(code: 42S02): SQLSTATE[42S02]: Base table or view not found: 1146 Table 'control_citas_medicas.sessions' doesn't exist (Connection: mysql, Host: 127.0.0.1, Port: 3306, Database: control_citas_medicas, SQL: select * from `sessions` where `id` = ZMMPOH4Rmm9M7DVvZOrJLRQYVOwfBkHji63GZMQ0 limit 1) at E:/Users/Josue/UDB/2026/DSS404/Laboratorio/Desafio 3/control_citas_medica/vendor/laravel/framework/src/Illuminate/Database/Connection.php:838)
[stacktrace]
#0 E:/Users/Josue/UDB/2026/DSS404/Laboratorio/Desafio 3/control_citas_medica/vendor/laravel/framework/src/Illuminate/Database/Connection.php(794): Illuminate/Database/Connection->runQueryCallback('select * from `...', Array, Object(Closure))
#1 E:/Users/Josue/UDB/2026/DSS404/Laboratorio/Desafio 3/control_citas_medica/vendor/laravel/framework/src/Illuminate/Database/Connection.php(411): Illuminate/Database/Connection->run('select * from `...', Array, Object(Closure))
#2 E:/Users/Josue/UDB/2026/DSS404/Laboratorio/Desafio 3/control_citas_medica/vendor/laravel/framework/src/Illuminate/Database/Query/Builder.php(3505): Illuminate/Database/Connection->select('select * from `...', Array, false)
#3 E:/Users/Josue/UDB/2026/DSS404/Laboratorio/Desafio 3/control_citas_medica/vendor/laravel/framework/src/Illuminate/Database/Query/Builder.php(3490): Illuminate/Database/Query/Builder->runSelect()
#4 E:/Users/Josue/UDB/2026/DSS404/Laboratorio/Desafio 3/control_citas_medica/vendor/laravel/framework/src/Illuminate/Database/Query/Builder.php(4080): Illuminate/Database/Query/Builder->Illuminate/Database/Query/{closure}()
#5 E:/Users/Josue/UDB/2026/DSS404/Laboratorio/Desafio 3/control_citas_medica/vendor/laravel/framework/src/Illuminate/Database/Query/Builder.php(3489): Illuminate/Database/Query/Builder->onceWithColumns(Array, Object(Closure))
#6 E:/Users/Josue/UDB/2026/DSS404/Laboratorio/Desafio 3/control_citas_medica/vendor/laravel/framework/src/Illuminate/Database/Concerns/BuildsQueries.php(366): Illuminate/Database/Query/Builder->get(Array)
#7 E:/Users/Josue/UDB/2026/DSS404/Laboratorio/Desafio 3/control_citas_medica/vendor/laravel/framework/src/Illuminate/Database/Query/Builder.php(3412): Illuminate/Database/Query/Builder->first(Array)
#8 E:/Users/Josue/UDB/2026/DSS404/Laboratorio/Desafio 3/control_citas_medica/vendor/laravel/framework/src/Illuminate/Session/DatabaseSessionHandler.php(96): Illuminate/Database/Query/Builder->find('ZMMPOH4Rmm9M7DV...')
#9 E:/Users/Josue/UDB/2026/DSS404/Laboratorio/Desafio 3/control_citas_medica/vendor/laravel/framework/src/Illuminate/Session/Store.php(128): Illuminate/Session/DatabaseSessionHandler->read('ZMMPOH4Rmm9M7DV...')
#10 E:/Users/Josue/UDB/2026/DSS404/Laboratorio/Desafio 3/control_citas_medica/vendor/laravel/framework/src/Illuminate/Session/Store.php(116): Illuminate/Session/Store->readFromHandler()
#11 E:/Users/Josue/UDB/2026/DSS404/Laboratorio/Desafio 3/control_citas_medica/vendor/laravel/framework/src/Illuminate/Session/Store.php(100): Illuminate/Session/Store->loadSession()
#12 E:/Users/Josue/UDB/2026/DSS404/Laboratorio/Desafio 3/control_citas_medica/vendor/laravel/framework/src/Illuminate/Session/Middleware/StartSession.php(146): Illuminate/Session/Store->start()
#13 E:/Users/Josue/UDB/2026/DSS404/Laboratorio/Desafio 3/control_citas_medica/vendor/laravel/framework/src/Illuminate/Support/helpers.php(393): Illuminate/Session/Middleware/StartSession->Illuminate/Session/Middleware/{closure}(Object(Illuminate/Session/Store))
#14 E:/Users/Josue/UDB/2026/DSS404/Laboratorio/Desafio 3/control_citas_medica/vendor/laravel/framework/src/Illuminate/Session/Middleware/StartSession.php(143): tap(Object(Illuminate/Session/Store), Object(Closure))
#15 E:/Users/Josue/UDB/2026/DSS404/Laboratorio/Desafio 3/control_citas_medica/vendor/laravel/framework/src/Illuminate/Session/Middleware/StartSession.php(115): Illuminate/Session/Middleware/StartSession->startSession(Object(Illuminate/Http/Request), Object(Illuminate/Session/Store))
#16 E:/Users/Josue/UDB/2026/DSS404/Laboratorio/Desafio 3/control_citas_medica/vendor/laravel/framework/src/Illuminate/Session/Middleware/StartSession.php(63): Illuminate/Session/Middleware/StartSession->handleStatefulRequest(Object(Illuminate/Http/Request), Object(Illuminate/Session/Store), Object(Closure))
#17 E:/Users/Josue/UDB/2026/DSS404/Laboratorio/Desafio 3/control_citas_medica/vendor/laravel/framework/src/Illuminate/Pipeline/Pipeline.php(219): Illuminate/Session/Middleware/StartSession->handle(Object(Illuminate/Http/Request), Object(Closure))
#18 E:/Users/Josue/UDB/2026/DSS404/Laboratorio/Desafio 3/control_citas_medica/vendor/laravel/framework/src/Illuminate/Cookie/Middleware/AddQueuedCookiesToResponse.php(36): Illuminate/Pipeline/Pipeline->Illuminate/Pipeline/{closure}(Object(Illuminate/Http/Request))
#19 E:/Users/Josue/UDB/2026/DSS404/Laboratorio/Desafio 3/control_citas_medica/vendor/laravel/framework/src/Illuminate/Pipeline/Pipeline.php(219): Illuminate/Cookie/Middleware/AddQueuedCookiesToResponse->handle(Object(Illuminate/Http/Request), Object(Closure))
#20 E:/Users/Josue/UDB/2026/DSS404/Laboratorio/Desafio 3/control_citas_medica/vendor/laravel/framework/src/Illuminate/Cookie/Middleware/EncryptCookies.php(74): Illuminate/Pipeline/Pipeline->Illuminate/Pipeline/{closure}(Object(Illuminate/Http/Request))
#21 E:/Users/Josue/UDB/2026/DSS404/Laboratorio/Desafio 3/control_citas_medica/vendor/laravel/framework/src/Illuminate/Pipeline/Pipeline.php(219): Illuminate/Cookie/Middleware/EncryptCookies->handle(Object(Illuminate/Http/Request), Object(Closure))
#22 E:/Users/Josue/UDB/2026/DSS404/Laboratorio/Desafio 3/control_citas_medica/vendor/laravel/framework/src/Illuminate/Pipeline/Pipeline.php(137): Illuminate/Pipeline/Pipeline->Illuminate/Pipeline/{closure}(Object(Illuminate/Http/Request))
#23 E:/Users/Josue/UDB/2026/DSS404/Laboratorio/Desafio 3/control_citas_medica/vendor/laravel/framework/src/Illuminate/Routing/Router.php(821): Illuminate/Pipeline/Pipeline->then(Object(Closure))
#24 E:/Users/Josue/UDB/2026/DSS404/Laboratorio/Desafio 3/control_citas_medica/vendor/laravel/framework/src/Illuminate/Routing/Router.php(800): Illuminate/Routing/Router->runRouteWithinStack(Object(Illuminate/Routing/Route), Object(Illuminate/Http/Request))
#25 E:/Users/Josue/UDB/2026/DSS404/Laboratorio/Desafio 3/control_citas_medica/vendor/laravel/framework/src/Illuminate/Routing/Router.php(764): Illuminate/Routing/Router->runRoute(Object(Illuminate/Http/Request), Object(Illuminate/Routing/Route))
#26 E:/Users/Josue/UDB/2026/DSS404/Laboratorio/Desafio 3/control_citas_medica/vendor/laravel/framework/src/Illuminate/Routing/Router.php(753): Illuminate/Routing/Router->dispatchToRoute(Object(Illuminate/Http/Request))
#27 E:/Users/Josue/UDB/2026/DSS404/Laboratorio/Desafio 3/control_citas_medica/vendor/laravel/framework/src/Illuminate/Foundation/Http/Kernel.php(200): Illuminate/Routing/Router->dispatch(Object(Illuminate/Http/Request))
#28 E:/Users/Josue/UDB/2026/DSS404/Laboratorio/Desafio 3/control_citas_medica/vendor/laravel/framework/src/Illuminate/Pipeline/Pipeline.php(180): Illuminate/Foundation/Http/Kernel->Illuminate/Foundation/Http/{closure}(Object(Illuminate/Http/Request))
#29 E:/Users/Josue/UDB/2026/DSS404/Laboratorio/Desafio 3/control_citas_medica/vendor/laravel/framework/src/Illuminate/Foundation/Http/Middleware/TransformsRequest.php(21): Illuminate/Pipeline/Pipeline->Illuminate/Pipeline/{closure}(Object(Illuminate/Http/Request))
#30 E:/Users/Josue/UDB/2026/DSS404/Laboratorio/Desafio 3/control_citas_medica/vendor/laravel/framework/src/Illuminate/Foundation/Http/Middleware/ConvertEmptyStringsToNull.php(31): Illuminate/Foundation/Http/Middleware/TransformsRequest->handle(Object(Illuminate/Http/Request), Object(Closure))
#31 E:/Users/Josue/UDB/2026/DSS404/Laboratorio/Desafio 3/control_citas_medica/vendor/laravel/framework/src/Illuminate/Pipeline/Pipeline.php(219): Illuminate/Foundation/Http/Middleware/ConvertEmptyStringsToNull->handle(Object(Illuminate/Http/Request), Object(Closure))
#32 E:/Users/Josue/UDB/2026/DSS404/Laboratorio/Desafio 3/control_citas_medica/vendor/laravel/framework/src/Illuminate/Foundation/Http/Middleware/TransformsRequest.php(21): Illuminate/Pipeline/Pipeline->Illuminate/Pipeline/{closure}(Object(Illuminate/Http/Request))
#33 E:/Users/Josue/UDB/2026/DSS404/Laboratorio/Desafio 3/control_citas_medica/vendor/laravel/framework/src/Illuminate/Foundation/Http/Middleware/TrimStrings.php(51): Illuminate/Foundation/Http/Middleware/TransformsRequest->handle(Object(Illuminate/Http/Request), Object(Closure))
#34 E:/Users/Josue/UDB/2026/DSS404/Laboratorio/Desafio 3/control_citas_medica/vendor/laravel/framework/src/Illuminate/Pipeline/Pipeline.php(219): Illuminate/Foundation/Http/Middleware/TrimStrings->handle(Object(Illuminate/Http/Request), Object(Closure))
#35 E:/Users/Josue/UDB/2026/DSS404/Laboratorio/Desafio 3/control_citas_medica/vendor/laravel/framework/src/Illuminate/Http/Middleware/ValidatePostSize.php(27): Illuminate/Pipeline/Pipeline->Illuminate/Pipeline/{closure}(Object(Illuminate/Http/Request))
#36 E:/Users/Josue/UDB/2026/DSS404/Laboratorio/Desafio 3/control_citas_medica/vendor/laravel/framework/src/Illuminate/Pipeline/Pipeline.php(219): Illuminate/Http/Middleware/ValidatePostSize->handle(Object(Illuminate/Http/Request), Object(Closure))
#37 E:/Users/Josue/UDB/2026/DSS404/Laboratorio/Desafio 3/control_citas_medica/vendor/laravel/framework/src/Illuminate/Foundation/Http/Middleware/PreventRequestsDuringMaintenance.php(109): Illuminate/Pipeline/Pipeline->Illuminate/Pipeline/{closure}(Object(Illuminate/Http/Request))
#38 E:/Users/Josue/UDB/2026/DSS404/Laboratorio/Desafio 3/control_citas_medica/vendor/laravel/framework/src/Illuminate/Pipeline/Pipeline.php(219): Illuminate/Foundation/Http/Middleware/PreventRequestsDuringMaintenance->handle(Object(Illuminate/Http/Request), Object(Closure))
#39 E:/Users/Josue/UDB/2026/DSS404/Laboratorio/Desafio 3/control_citas_medica/vendor/laravel/framework/src/Illuminate/Http/Middleware/HandleCors.php(61): Illuminate/Pipeline/Pipeline->Illuminate/Pipeline/{closure}(Object(Illuminate/Http/Request))
#40 E:/Users/Josue/UDB/2026/DSS404/Laboratorio/Desafio 3/control_citas_medica/vendor/laravel/framework/src/Illuminate/Pipeline/Pipeline.php(219): Illuminate/Http/Middleware/HandleCors->handle(Object(Illuminate/Http/Request), Object(Closure))
#41 E:/Users/Josue/UDB/2026/DSS404/Laboratorio/Desafio 3/control_citas_medica/vendor/laravel/framework/src/Illuminate/Http/Middleware/TrustProxies.php(58): Illuminate/Pipeline/Pipeline->Illuminate/Pipeline/{closure}(Object(Illuminate/Http/Request))
#42 E:/Users/Josue/UDB/2026/DSS404/Laboratorio/Desafio 3/control_citas_medica/vendor/laravel/framework/src/Illuminate/Pipeline/Pipeline.php(219): Illuminate/Http/Middleware/TrustProxies->handle(Object(Illuminate/Http/Request), Object(Closure))
#43 E:/Users/Josue/UDB/2026/DSS404/Laboratorio/Desafio 3/control_citas_medica/vendor/laravel/framework/src/Illuminate/Foundation/Http/Middleware/InvokeDeferredCallbacks.php(22): Illuminate/Pipeline/Pipeline->Illuminate/Pipeline/{closure}(Object(Illuminate/Http/Request))
#44 E:/Users/Josue/UDB/2026/DSS404/Laboratorio/Desafio 3/control_citas_medica/vendor/laravel/framework/src/Illuminate/Pipeline/Pipeline.php(219): Illuminate/Foundation/Http/Middleware/InvokeDeferredCallbacks->handle(Object(Illuminate/Http/Request), Object(Closure))
#45 E:/Users/Josue/UDB/2026/DSS404/Laboratorio/Desafio 3/control_citas_medica/vendor/laravel/framework/src/Illuminate/Http/Middleware/ValidatePathEncoding.php(26): Illuminate/Pipeline/Pipeline->Illuminate/Pipeline/{closure}(Object(Illuminate/Http/Request))
#46 E:/Users/Josue/UDB/2026/DSS404/Laboratorio/Desafio 3/control_citas_medica/vendor/laravel/framework/src/Illuminate/Pipeline/Pipeline.php(219): Illuminate/Http/Middleware/ValidatePathEncoding->handle(Object(Illuminate/Http/Request), Object(Closure))
#47 E:/Users/Josue/UDB/2026/DSS404/Laboratorio/Desafio 3/control_citas_medica/vendor/laravel/framework/src/Illuminate/Pipeline/Pipeline.php(137): Illuminate/Pipeline/Pipeline->Illuminate/Pipeline/{closure}(Object(Illuminate/Http/Request))
#48 E:/Users/Josue/UDB/2026/DSS404/Laboratorio/Desafio 3/control_citas_medica/vendor/laravel/framework/src/Illuminate/Foundation/Http/Kernel.php(175): Illuminate/Pipeline/Pipeline->then(Object(Closure))
#49 E:/Users/Josue/UDB/2026/DSS404/Laboratorio/Desafio 3/control_citas_medica/vendor/laravel/framework/src/Illuminate/Foundation/Http/Kernel.php(144): Illuminate/Foundation/Http/Kernel->sendRequestThroughRouter(Object(Illuminate/Http/Request))
#50 E:/Users/Josue/UDB/2026/DSS404/Laboratorio/Desafio 3/control_citas_medica/vendor/laravel/framework/src/Illuminate/Foundation/Application.php(1220): Illuminate/Foundation/Http/Kernel->handle(Object(Illuminate/Http/Request))
#51 E:/Users/Josue/UDB/2026/DSS404/Laboratorio/Desafio 3/control_citas_medica/public/index.php(20): Illuminate/Foundation/Application->handleRequest(Object(Illuminate/Http/Request))
#52 E:/Users/Josue/UDB/2026/DSS404/Laboratorio/Desafio 3/control_citas_medica/vendor/laravel/framework/src/Illuminate/Foundation/resources/server.php(23): require_once('E://Users//Josue//...')
#53 {main}

[previous exception] [object] (PDOException(code: 42S02): SQLSTATE[42S02]: Base table or view not found: 1146 Table 'control_citas_medicas.sessions' doesn't exist at E:/Users/Josue/UDB/2026/DSS404/Laboratorio/Desafio 3/control_citas_medica/vendor/laravel/framework/src/Illuminate/Database/Connection.php:420)
[stacktrace]
#0 E:/Users/Josue/UDB/2026/DSS404/Laboratorio/Desafio 3/control_citas_medica/vendor/laravel/framework/src/Illuminate/Database/Connection.php(420): PDO->prepare('select * from `...')
#1 E:/Users/Josue/UDB/2026/DSS404/Laboratorio/Desafio 3/control_citas_medica/vendor/laravel/framework/src/Illuminate/Database/Connection.php(827): Illuminate/Database/Connection->Illuminate/Database/{closure}('select * from `...', Array)
#2 E:/Users/Josue/UDB/2026/DSS404/Laboratorio/Desafio 3/control_citas_medica/vendor/laravel/framework/src/Illuminate/Database/Connection.php(794): Illuminate/Database/Connection->runQueryCallback('select * from `...', Array, Object(Closure))
#3 E:/Users/Josue/UDB/2026/DSS404/Laboratorio/Desafio 3/control_citas_medica/vendor/laravel/framework/src/Illuminate/Database/Connection.php(411): Illuminate/Database/Connection->run('select * from `...', Array, Object(Closure))
#4 E:/Users/Josue/UDB/2026/DSS404/Laboratorio/Desafio 3/control_citas_medica/vendor/laravel/framework/src/Illuminate/Database/Query/Builder.php(3505): Illuminate/Database/Connection->select('select * from `...', Array, false)
#5 E:/Users/Josue/UDB/2026/DSS404/Laboratorio/Desafio 3/control_citas_medica/vendor/laravel/framework/src/Illuminate/Database/Query/Builder.php(3490): Illuminate/Database/Query/Builder->runSelect()
#6 E:/Users/Josue/UDB/2026/DSS404/Laboratorio/Desafio 3/control_citas_medica/vendor/laravel/framework/src/Illuminate/Database/Query/Builder.php(4080): Illuminate/Database/Query/Builder->Illuminate/Database/Query/{closure}()
#7 E:/Users/Josue/UDB/2026/DSS404/Laboratorio/Desafio 3/control_citas_medica/vendor/laravel/framework/src/Illuminate/Database/Query/Builder.php(3489): Illuminate/Database/Query/Builder->onceWithColumns(Array, Object(Closure))
#8 E:/Users/Josue/UDB/2026/DSS404/Laboratorio/Desafio 3/control_citas_medica/vendor/laravel/framework/src/Illuminate/Database/Concerns/BuildsQueries.php(366): Illuminate/Database/Query/Builder->get(Array)
#9 E:/Users/Josue/UDB/2026/DSS404/Laboratorio/Desafio 3/control_citas_medica/vendor/laravel/framework/src/Illuminate/Database/Query/Builder.php(3412): Illuminate/Database/Query/Builder->first(Array)
#10 E:/Users/Josue/UDB/2026/DSS404/Laboratorio/Desafio 3/control_citas_medica/vendor/laravel/framework/src/Illuminate/Session/DatabaseSessionHandler.php(96): Illuminate/Database/Query/Builder->find('ZMMPOH4Rmm9M7DV...')
#11 E:/Users/Josue/UDB/2026/DSS404/Laboratorio/Desafio 3/control_citas_medica/vendor/laravel/framework/src/Illuminate/Session/Store.php(128): Illuminate/Session/DatabaseSessionHandler->read('ZMMPOH4Rmm9M7DV...')
#12 E:/Users/Josue/UDB/2026/DSS404/Laboratorio/Desafio 3/control_citas_medica/vendor/laravel/framework/src/Illuminate/Session/Store.php(116): Illuminate/Session/Store->readFromHandler()
#13 E:/Users/Josue/UDB/2026/DSS404/Laboratorio/Desafio 3/control_citas_medica/vendor/laravel/framework/src/Illuminate/Session/Store.php(100): Illuminate/Session/Store->loadSession()
#14 E:/Users/Josue/UDB/2026/DSS404/Laboratorio/Desafio 3/control_citas_medica/vendor/laravel/framework/src/Illuminate/Session/Middleware/StartSession.php(146): Illuminate/Session/Store->start()
#15 E:/Users/Josue/UDB/2026/DSS404/Laboratorio/Desafio 3/control_citas_medica/vendor/laravel/framework/src/Illuminate/Support/helpers.php(393): Illuminate/Session/Middleware/StartSession->Illuminate/Session/Middleware/{closure}(Object(Illuminate/Session/Store))
#16 E:/Users/Josue/UDB/2026/DSS404/Laboratorio/Desafio 3/control_citas_medica/vendor/laravel/framework/src/Illuminate/Session/Middleware/StartSession.php(143): tap(Object(Illuminate/Session/Store), Object(Closure))
#17 E:/Users/Josue/UDB/2026/DSS404/Laboratorio/Desafio 3/control_citas_medica/vendor/laravel/framework/src/Illuminate/Session/Middleware/StartSession.php(115): Illuminate/Session/Middleware/StartSession->startSession(Object(Illuminate/Http/Request), Object(Illuminate/Session/Store))
#18 E:/Users/Josue/UDB/2026/DSS404/Laboratorio/Desafio 3/control_citas_medica/vendor/laravel/framework/src/Illuminate/Session/Middleware/StartSession.php(63): Illuminate/Session/Middleware/StartSession->handleStatefulRequest(Object(Illuminate/Http/Request), Object(Illuminate/Session/Store), Object(Closure))
#19 E:/Users/Josue/UDB/2026/DSS404/Laboratorio/Desafio 3/control_citas_medica/vendor/laravel/framework/src/Illuminate/Pipeline/Pipeline.php(219): Illuminate/Session/Middleware/StartSession->handle(Object(Illuminate/Http/Request), Object(Closure))
#20 E:/Users/Josue/UDB/2026/DSS404/Laboratorio/Desafio 3/control_citas_medica/vendor/laravel/framework/src/Illuminate/Cookie/Middleware/AddQueuedCookiesToResponse.php(36): Illuminate/Pipeline/Pipeline->Illuminate/Pipeline/{closure}(Object(Illuminate/Http/Request))
#21 E:/Users/Josue/UDB/2026/DSS404/Laboratorio/Desafio 3/control_citas_medica/vendor/laravel/framework/src/Illuminate/Pipeline/Pipeline.php(219): Illuminate/Cookie/Middleware/AddQueuedCookiesToResponse->handle(Object(Illuminate/Http/Request), Object(Closure))
#22 E:/Users/Josue/UDB/2026/DSS404/Laboratorio/Desafio 3/control_citas_medica/vendor/laravel/framework/src/Illuminate/Cookie/Middleware/EncryptCookies.php(74): Illuminate/Pipeline/Pipeline->Illuminate/Pipeline/{closure}(Object(Illuminate/Http/Request))
#23 E:/Users/Josue/UDB/2026/DSS404/Laboratorio/Desafio 3/control_citas_medica/vendor/laravel/framework/src/Illuminate/Pipeline/Pipeline.php(219): Illuminate/Cookie/Middleware/EncryptCookies->handle(Object(Illuminate/Http/Request), Object(Closure))
#24 E:/Users/Josue/UDB/2026/DSS404/Laboratorio/Desafio 3/control_citas_medica/vendor/laravel/framework/src/Illuminate/Pipeline/Pipeline.php(137): Illuminate/Pipeline/Pipeline->Illuminate/Pipeline/{closure}(Object(Illuminate/Http/Request))
#25 E:/Users/Josue/UDB/2026/DSS404/Laboratorio/Desafio 3/control_citas_medica/vendor/laravel/framework/src/Illuminate/Routing/Router.php(821): Illuminate/Pipeline/Pipeline->then(Object(Closure))
#26 E:/Users/Josue/UDB/2026/DSS404/Laboratorio/Desafio 3/control_citas_medica/vendor/laravel/framework/src/Illuminate/Routing/Router.php(800): Illuminate/Routing/Router->runRouteWithinStack(Object(Illuminate/Routing/Route), Object(Illuminate/Http/Request))
#27 E:/Users/Josue/UDB/2026/DSS404/Laboratorio/Desafio 3/control_citas_medica/vendor/laravel/framework/src/Illuminate/Routing/Router.php(764): Illuminate/Routing/Router->runRoute(Object(Illuminate/Http/Request), Object(Illuminate/Routing/Route))
#28 E:/Users/Josue/UDB/2026/DSS404/Laboratorio/Desafio 3/control_citas_medica/vendor/laravel/framework/src/Illuminate/Routing/Router.php(753): Illuminate/Routing/Router->dispatchToRoute(Object(Illuminate/Http/Request))
#29 E:/Users/Josue/UDB/2026/DSS404/Laboratorio/Desafio 3/control_citas_medica/vendor/laravel/framework/src/Illuminate/Foundation/Http/Kernel.php(200): Illuminate/Routing/Router->dispatch(Object(Illuminate/Http/Request))
#30 E:/Users/Josue/UDB/2026/DSS404/Laboratorio/Desafio 3/control_citas_medica/vendor/laravel/framework/src/Illuminate/Pipeline/Pipeline.php(180): Illuminate/Foundation/Http/Kernel->Illuminate/Foundation/Http/{closure}(Object(Illuminate/Http/Request))
#31 E:/Users/Josue/UDB/2026/DSS404/Laboratorio/Desafio 3/control_citas_medica/vendor/laravel/framework/src/Illuminate/Foundation/Http/Middleware/TransformsRequest.php(21): Illuminate/Pipeline/Pipeline->Illuminate/Pipeline/{closure}(Object(Illuminate/Http/Request))
#32 E:/Users/Josue/UDB/2026/DSS404/Laboratorio/Desafio 3/control_citas_medica/vendor/laravel/framework/src/Illuminate/Foundation/Http/Middleware/ConvertEmptyStringsToNull.php(31): Illuminate/Foundation/Http/Middleware/TransformsRequest->handle(Object(Illuminate/Http/Request), Object(Closure))
#33 E:/Users/Josue/UDB/2026/DSS404/Laboratorio/Desafio 3/control_citas_medica/vendor/laravel/framework/src/Illuminate/Pipeline/Pipeline.php(219): Illuminate/Foundation/Http/Middleware/ConvertEmptyStringsToNull->handle(Object(Illuminate/Http/Request), Object(Closure))
#34 E:/Users/Josue/UDB/2026/DSS404/Laboratorio/Desafio 3/control_citas_medica/vendor/laravel/framework/src/Illuminate/Foundation/Http/Middleware/TransformsRequest.php(21): Illuminate/Pipeline/Pipeline->Illuminate/Pipeline/{closure}(Object(Illuminate/Http/Request))
#35 E:/Users/Josue/UDB/2026/DSS404/Laboratorio/Desafio 3/control_citas_medica/vendor/laravel/framework/src/Illuminate/Foundation/Http/Middleware/TrimStrings.php(51): Illuminate/Foundation/Http/Middleware/TransformsRequest->handle(Object(Illuminate/Http/Request), Object(Closure))
#36 E:/Users/Josue/UDB/2026/DSS404/Laboratorio/Desafio 3/control_citas_medica/vendor/laravel/framework/src/Illuminate/Pipeline/Pipeline.php(219): Illuminate/Foundation/Http/Middleware/TrimStrings->handle(Object(Illuminate/Http/Request), Object(Closure))
#37 E:/Users/Josue/UDB/2026/DSS404/Laboratorio/Desafio 3/control_citas_medica/vendor/laravel/framework/src/Illuminate/Http/Middleware/ValidatePostSize.php(27): Illuminate/Pipeline/Pipeline->Illuminate/Pipeline/{closure}(Object(Illuminate/Http/Request))
#38 E:/Users/Josue/UDB/2026/DSS404/Laboratorio/Desafio 3/control_citas_medica/vendor/laravel/framework/src/Illuminate/Pipeline/Pipeline.php(219): Illuminate/Http/Middleware/ValidatePostSize->handle(Object(Illuminate/Http/Request), Object(Closure))
#39 E:/Users/Josue/UDB/2026/DSS404/Laboratorio/Desafio 3/control_citas_medica/vendor/laravel/framework/src/Illuminate/Foundation/Http/Middleware/PreventRequestsDuringMaintenance.php(109): Illuminate/Pipeline/Pipeline->Illuminate/Pipeline/{closure}(Object(Illuminate/Http/Request))
#40 E:/Users/Josue/UDB/2026/DSS404/Laboratorio/Desafio 3/control_citas_medica/vendor/laravel/framework/src/Illuminate/Pipeline/Pipeline.php(219): Illuminate/Foundation/Http/Middleware/PreventRequestsDuringMaintenance->handle(Object(Illuminate/Http/Request), Object(Closure))
#41 E:/Users/Josue/UDB/2026/DSS404/Laboratorio/Desafio 3/control_citas_medica/vendor/laravel/framework/src/Illuminate/Http/Middleware/HandleCors.php(61): Illuminate/Pipeline/Pipeline->Illuminate/Pipeline/{closure}(Object(Illuminate/Http/Request))
#42 E:/Users/Josue/UDB/2026/DSS404/Laboratorio/Desafio 3/control_citas_medica/vendor/laravel/framework/src/Illuminate/Pipeline/Pipeline.php(219): Illuminate/Http/Middleware/HandleCors->handle(Object(Illuminate/Http/Request), Object(Closure))
#43 E:/Users/Josue/UDB/2026/DSS404/Laboratorio/Desafio 3/control_citas_medica/vendor/laravel/framework/src/Illuminate/Http/Middleware/TrustProxies.php(58): Illuminate/Pipeline/Pipeline->Illuminate/Pipeline/{closure}(Object(Illuminate/Http/Request))
#44 E:/Users/Josue/UDB/2026/DSS404/Laboratorio/Desafio 3/control_citas_medica/vendor/laravel/framework/src/Illuminate/Pipeline/Pipeline.php(219): Illuminate/Http/Middleware/TrustProxies->handle(Object(Illuminate/Http/Request), Object(Closure))
#45 E:/Users/Josue/UDB/2026/DSS404/Laboratorio/Desafio 3/control_citas_medica/vendor/laravel/framework/src/Illuminate/Foundation/Http/Middleware/InvokeDeferredCallbacks.php(22): Illuminate/Pipeline/Pipeline->Illuminate/Pipeline/{closure}(Object(Illuminate/Http/Request))
#46 E:/Users/Josue/UDB/2026/DSS404/Laboratorio/Desafio 3/control_citas_medica/vendor/laravel/framework/src/Illuminate/Pipeline/Pipeline.php(219): Illuminate/Foundation/Http/Middleware/InvokeDeferredCallbacks->handle(Object(Illuminate/Http/Request), Object(Closure))
#47 E:/Users/Josue/UDB/2026/DSS404/Laboratorio/Desafio 3/control_citas_medica/vendor/laravel/framework/src/Illuminate/Http/Middleware/ValidatePathEncoding.php(26): Illuminate/Pipeline/Pipeline->Illuminate/Pipeline/{closure}(Object(Illuminate/Http/Request))
#48 E:/Users/Josue/UDB/2026/DSS404/Laboratorio/Desafio 3/control_citas_medica/vendor/laravel/framework/src/Illuminate/Pipeline/Pipeline.php(219): Illuminate/Http/Middleware/ValidatePathEncoding->handle(Object(Illuminate/Http/Request), Object(Closure))
#49 E:/Users/Josue/UDB/2026/DSS404/Laboratorio/Desafio 3/control_citas_medica/vendor/laravel/framework/src/Illuminate/Pipeline/Pipeline.php(137): Illuminate/Pipeline/Pipeline->Illuminate/Pipeline/{closure}(Object(Illuminate/Http/Request))
#50 E:/Users/Josue/UDB/2026/DSS404/Laboratorio/Desafio 3/control_citas_medica/vendor/laravel/framework/src/Illuminate/Foundation/Http/Kernel.php(175): Illuminate/Pipeline/Pipeline->then(Object(Closure))
#51 E:/Users/Josue/UDB/2026/DSS404/Laboratorio/Desafio 3/control_citas_medica/vendor/laravel/framework/src/Illuminate/Foundation/Http/Kernel.php(144): Illuminate/Foundation/Http/Kernel->sendRequestThroughRouter(Object(Illuminate/Http/Request))
#52 E:/Users/Josue/UDB/2026/DSS404/Laboratorio/Desafio 3/control_citas_medica/vendor/laravel/framework/src/Illuminate/Foundation/Application.php(1220): Illuminate/Foundation/Http/Kernel->handle(Object(Illuminate/Http/Request))
#53 E:/Users/Josue/UDB/2026/DSS404/Laboratorio/Desafio 3/control_citas_medica/public/index.php(20): Illuminate/Foundation/Application->handleRequest(Object(Illuminate/Http/Request))
#54 E:/Users/Josue/UDB/2026/DSS404/Laboratorio/Desafio 3/control_citas_medica/vendor/laravel/framework/src/Illuminate/Foundation/resources/server.php(23): require_once('E://Users//Josue//...')
#55 {main}
"} 
[2026-05-22 23:40:56] local.ERROR: SQLSTATE[42S02]: Base table or view not found: 1146 Table 'control_citas_medicas.sessions' doesn't exist (Connection: mysql, Host: 127.0.0.1, Port: 3306, Database: control_citas_medicas, SQL: select * from `sessions` where `id` = ZMMPOH4Rmm9M7DVvZOrJLRQYVOwfBkHji63GZMQ0 limit 1) {"exception":"[object] (Illuminate\\Database\\QueryException(code: 42S02): SQLSTATE[42S02]: Base table or view not found: 1146 Table 'control_citas_medicas.sessions' doesn't exist (Connection: mysql, Host: 127.0.0.1, Port: 3306, Database: control_citas_medicas, SQL: select * from `sessions` where `id` = ZMMPOH4Rmm9M7DVvZOrJLRQYVOwfBkHji63GZMQ0 limit 1) at E:/Users/Josue/UDB/2026/DSS404/Laboratorio/Desafio 3/control_citas_medica/vendor/laravel/framework/src/Illuminate/Database/Connection.php:838)
[stacktrace]
#0 E:/Users/Josue/UDB/2026/DSS404/Laboratorio/Desafio 3/control_citas_medica/vendor/laravel/framework/src/Illuminate/Database/Connection.php(794): Illuminate/Database/Connection->runQueryCallback('select * from `...', Array, Object(Closure))
#1 E:/Users/Josue/UDB/2026/DSS404/Laboratorio/Desafio 3/control_citas_medica/vendor/laravel/framework/src/Illuminate/Database/Connection.php(411): Illuminate/Database/Connection->run('select * from `...', Array, Object(Closure))
#2 E:/Users/Josue/UDB/2026/DSS404/Laboratorio/Desafio 3/control_citas_medica/vendor/laravel/framework/src/Illuminate/Database/Query/Builder.php(3505): Illuminate/Database/Connection->select('select * from `...', Array, false)
#3 E:/Users/Josue/UDB/2026/DSS404/Laboratorio/Desafio 3/control_citas_medica/vendor/laravel/framework/src/Illuminate/Database/Query/Builder.php(3490): Illuminate/Database/Query/Builder->runSelect()
#4 E:/Users/Josue/UDB/2026/DSS404/Laboratorio/Desafio 3/control_citas_medica/vendor/laravel/framework/src/Illuminate/Database/Query/Builder.php(4080): Illuminate/Database/Query/Builder->Illuminate/Database/Query/{closure}()
#5 E:/Users/Josue/UDB/2026/DSS404/Laboratorio/Desafio 3/control_citas_medica/vendor/laravel/framework/src/Illuminate/Database/Query/Builder.php(3489): Illuminate/Database/Query/Builder->onceWithColumns(Array, Object(Closure))
#6 E:/Users/Josue/UDB/2026/DSS404/Laboratorio/Desafio 3/control_citas_medica/vendor/laravel/framework/src/Illuminate/Database/Concerns/BuildsQueries.php(366): Illuminate/Database/Query/Builder->get(Array)
#7 E:/Users/Josue/UDB/2026/DSS404/Laboratorio/Desafio 3/control_citas_medica/vendor/laravel/framework/src/Illuminate/Database/Query/Builder.php(3412): Illuminate/Database/Query/Builder->first(Array)
#8 E:/Users/Josue/UDB/2026/DSS404/Laboratorio/Desafio 3/control_citas_medica/vendor/laravel/framework/src/Illuminate/Session/DatabaseSessionHandler.php(96): Illuminate/Database/Query/Builder->find('ZMMPOH4Rmm9M7DV...')
#9 E:/Users/Josue/UDB/2026/DSS404/Laboratorio/Desafio 3/control_citas_medica/vendor/laravel/framework/src/Illuminate/Session/Store.php(128): Illuminate/Session/DatabaseSessionHandler->read('ZMMPOH4Rmm9M7DV...')
#10 E:/Users/Josue/UDB/2026/DSS404/Laboratorio/Desafio 3/control_citas_medica/vendor/laravel/framework/src/Illuminate/Session/Store.php(116): Illuminate/Session/Store->readFromHandler()
#11 E:/Users/Josue/UDB/2026/DSS404/Laboratorio/Desafio 3/control_citas_medica/vendor/laravel/framework/src/Illuminate/Session/Store.php(100): Illuminate/Session/Store->loadSession()
#12 E:/Users/Josue/UDB/2026/DSS404/Laboratorio/Desafio 3/control_citas_medica/vendor/laravel/framework/src/Illuminate/Session/Middleware/StartSession.php(146): Illuminate/Session/Store->start()
#13 E:/Users/Josue/UDB/2026/DSS404/Laboratorio/Desafio 3/control_citas_medica/vendor/laravel/framework/src/Illuminate/Support/helpers.php(393): Illuminate/Session/Middleware/StartSession->Illuminate/Session/Middleware/{closure}(Object(Illuminate/Session/Store))
#14 E:/Users/Josue/UDB/2026/DSS404/Laboratorio/Desafio 3/control_citas_medica/vendor/laravel/framework/src/Illuminate/Session/Middleware/StartSession.php(143): tap(Object(Illuminate/Session/Store), Object(Closure))
#15 E:/Users/Josue/UDB/2026/DSS404/Laboratorio/Desafio 3/control_citas_medica/vendor/laravel/framework/src/Illuminate/Session/Middleware/StartSession.php(115): Illuminate/Session/Middleware/StartSession->startSession(Object(Illuminate/Http/Request), Object(Illuminate/Session/Store))
#16 E:/Users/Josue/UDB/2026/DSS404/Laboratorio/Desafio 3/control_citas_medica/vendor/laravel/framework/src/Illuminate/Session/Middleware/StartSession.php(63): Illuminate/Session/Middleware/StartSession->handleStatefulRequest(Object(Illuminate/Http/Request), Object(Illuminate/Session/Store), Object(Closure))
#17 E:/Users/Josue/UDB/2026/DSS404/Laboratorio/Desafio 3/control_citas_medica/vendor/laravel/framework/src/Illuminate/Pipeline/Pipeline.php(219): Illuminate/Session/Middleware/StartSession->handle(Object(Illuminate/Http/Request), Object(Closure))
#18 E:/Users/Josue/UDB/2026/DSS404/Laboratorio/Desafio 3/control_citas_medica/vendor/laravel/framework/src/Illuminate/Cookie/Middleware/AddQueuedCookiesToResponse.php(36): Illuminate/Pipeline/Pipeline->Illuminate/Pipeline/{closure}(Object(Illuminate/Http/Request))
#19 E:/Users/Josue/UDB/2026/DSS404/Laboratorio/Desafio 3/control_citas_medica/vendor/laravel/framework/src/Illuminate/Pipeline/Pipeline.php(219): Illuminate/Cookie/Middleware/AddQueuedCookiesToResponse->handle(Object(Illuminate/Http/Request), Object(Closure))
#20 E:/Users/Josue/UDB/2026/DSS404/Laboratorio/Desafio 3/control_citas_medica/vendor/laravel/framework/src/Illuminate/Cookie/Middleware/EncryptCookies.php(74): Illuminate/Pipeline/Pipeline->Illuminate/Pipeline/{closure}(Object(Illuminate/Http/Request))
#21 E:/Users/Josue/UDB/2026/DSS404/Laboratorio/Desafio 3/control_citas_medica/vendor/laravel/framework/src/Illuminate/Pipeline/Pipeline.php(219): Illuminate/Cookie/Middleware/EncryptCookies->handle(Object(Illuminate/Http/Request), Object(Closure))
#22 E:/Users/Josue/UDB/2026/DSS404/Laboratorio/Desafio 3/control_citas_medica/vendor/laravel/framework/src/Illuminate/Pipeline/Pipeline.php(137): Illuminate/Pipeline/Pipeline->Illuminate/Pipeline/{closure}(Object(Illuminate/Http/Request))
#23 E:/Users/Josue/UDB/2026/DSS404/Laboratorio/Desafio 3/control_citas_medica/vendor/laravel/framework/src/Illuminate/Routing/Router.php(821): Illuminate/Pipeline/Pipeline->then(Object(Closure))
#24 E:/Users/Josue/UDB/2026/DSS404/Laboratorio/Desafio 3/control_citas_medica/vendor/laravel/framework/src/Illuminate/Routing/Router.php(800): Illuminate/Routing/Router->runRouteWithinStack(Object(Illuminate/Routing/Route), Object(Illuminate/Http/Request))
#25 E:/Users/Josue/UDB/2026/DSS404/Laboratorio/Desafio 3/control_citas_medica/vendor/laravel/framework/src/Illuminate/Routing/Router.php(764): Illuminate/Routing/Router->runRoute(Object(Illuminate/Http/Request), Object(Illuminate/Routing/Route))
#26 E:/Users/Josue/UDB/2026/DSS404/Laboratorio/Desafio 3/control_citas_medica/vendor/laravel/framework/src/Illuminate/Routing/Router.php(753): Illuminate/Routing/Router->dispatchToRoute(Object(Illuminate/Http/Request))
#27 E:/Users/Josue/UDB/2026/DSS404/Laboratorio/Desafio 3/control_citas_medica/vendor/laravel/framework/src/Illuminate/Foundation/Http/Kernel.php(200): Illuminate/Routing/Router->dispatch(Object(Illuminate/Http/Request))
#28 E:/Users/Josue/UDB/2026/DSS404/Laboratorio/Desafio 3/control_citas_medica/vendor/laravel/framework/src/Illuminate/Pipeline/Pipeline.php(180): Illuminate/Foundation/Http/Kernel->Illuminate/Foundation/Http/{closure}(Object(Illuminate/Http/Request))
#29 E:/Users/Josue/UDB/2026/DSS404/Laboratorio/Desafio 3/control_citas_medica/vendor/laravel/framework/src/Illuminate/Foundation/Http/Middleware/TransformsRequest.php(21): Illuminate/Pipeline/Pipeline->Illuminate/Pipeline/{closure}(Object(Illuminate/Http/Request))
#30 E:/Users/Josue/UDB/2026/DSS404/Laboratorio/Desafio 3/control_citas_medica/vendor/laravel/framework/src/Illuminate/Foundation/Http/Middleware/ConvertEmptyStringsToNull.php(31): Illuminate/Foundation/Http/Middleware/TransformsRequest->handle(Object(Illuminate/Http/Request), Object(Closure))
#31 E:/Users/Josue/UDB/2026/DSS404/Laboratorio/Desafio 3/control_citas_medica/vendor/laravel/framework/src/Illuminate/Pipeline/Pipeline.php(219): Illuminate/Foundation/Http/Middleware/ConvertEmptyStringsToNull->handle(Object(Illuminate/Http/Request), Object(Closure))
#32 E:/Users/Josue/UDB/2026/DSS404/Laboratorio/Desafio 3/control_citas_medica/vendor/laravel/framework/src/Illuminate/Foundation/Http/Middleware/TransformsRequest.php(21): Illuminate/Pipeline/Pipeline->Illuminate/Pipeline/{closure}(Object(Illuminate/Http/Request))
#33 E:/Users/Josue/UDB/2026/DSS404/Laboratorio/Desafio 3/control_citas_medica/vendor/laravel/framework/src/Illuminate/Foundation/Http/Middleware/TrimStrings.php(51): Illuminate/Foundation/Http/Middleware/TransformsRequest->handle(Object(Illuminate/Http/Request), Object(Closure))
#34 E:/Users/Josue/UDB/2026/DSS404/Laboratorio/Desafio 3/control_citas_medica/vendor/laravel/framework/src/Illuminate/Pipeline/Pipeline.php(219): Illuminate/Foundation/Http/Middleware/TrimStrings->handle(Object(Illuminate/Http/Request), Object(Closure))
#35 E:/Users/Josue/UDB/2026/DSS404/Laboratorio/Desafio 3/control_citas_medica/vendor/laravel/framework/src/Illuminate/Http/Middleware/ValidatePostSize.php(27): Illuminate/Pipeline/Pipeline->Illuminate/Pipeline/{closure}(Object(Illuminate/Http/Request))
#36 E:/Users/Josue/UDB/2026/DSS404/Laboratorio/Desafio 3/control_citas_medica/vendor/laravel/framework/src/Illuminate/Pipeline/Pipeline.php(219): Illuminate/Http/Middleware/ValidatePostSize->handle(Object(Illuminate/Http/Request), Object(Closure))
#37 E:/Users/Josue/UDB/2026/DSS404/Laboratorio/Desafio 3/control_citas_medica/vendor/laravel/framework/src/Illuminate/Foundation/Http/Middleware/PreventRequestsDuringMaintenance.php(109): Illuminate/Pipeline/Pipeline->Illuminate/Pipeline/{closure}(Object(Illuminate/Http/Request))
#38 E:/Users/Josue/UDB/2026/DSS404/Laboratorio/Desafio 3/control_citas_medica/vendor/laravel/framework/src/Illuminate/Pipeline/Pipeline.php(219): Illuminate/Foundation/Http/Middleware/PreventRequestsDuringMaintenance->handle(Object(Illuminate/Http/Request), Object(Closure))
#39 E:/Users/Josue/UDB/2026/DSS404/Laboratorio/Desafio 3/control_citas_medica/vendor/laravel/framework/src/Illuminate/Http/Middleware/HandleCors.php(61): Illuminate/Pipeline/Pipeline->Illuminate/Pipeline/{closure}(Object(Illuminate/Http/Request))
#40 E:/Users/Josue/UDB/2026/DSS404/Laboratorio/Desafio 3/control_citas_medica/vendor/laravel/framework/src/Illuminate/Pipeline/Pipeline.php(219): Illuminate/Http/Middleware/HandleCors->handle(Object(Illuminate/Http/Request), Object(Closure))
#41 E:/Users/Josue/UDB/2026/DSS404/Laboratorio/Desafio 3/control_citas_medica/vendor/laravel/framework/src/Illuminate/Http/Middleware/TrustProxies.php(58): Illuminate/Pipeline/Pipeline->Illuminate/Pipeline/{closure}(Object(Illuminate/Http/Request))
#42 E:/Users/Josue/UDB/2026/DSS404/Laboratorio/Desafio 3/control_citas_medica/vendor/laravel/framework/src/Illuminate/Pipeline/Pipeline.php(219): Illuminate/Http/Middleware/TrustProxies->handle(Object(Illuminate/Http/Request), Object(Closure))
#43 E:/Users/Josue/UDB/2026/DSS404/Laboratorio/Desafio 3/control_citas_medica/vendor/laravel/framework/src/Illuminate/Foundation/Http/Middleware/InvokeDeferredCallbacks.php(22): Illuminate/Pipeline/Pipeline->Illuminate/Pipeline/{closure}(Object(Illuminate/Http/Request))
#44 E:/Users/Josue/UDB/2026/DSS404/Laboratorio/Desafio 3/control_citas_medica/vendor/laravel/framework/src/Illuminate/Pipeline/Pipeline.php(219): Illuminate/Foundation/Http/Middleware/InvokeDeferredCallbacks->handle(Object(Illuminate/Http/Request), Object(Closure))
#45 E:/Users/Josue/UDB/2026/DSS404/Laboratorio/Desafio 3/control_citas_medica/vendor/laravel/framework/src/Illuminate/Http/Middleware/ValidatePathEncoding.php(26): Illuminate/Pipeline/Pipeline->Illuminate/Pipeline/{closure}(Object(Illuminate/Http/Request))
#46 E:/Users/Josue/UDB/2026/DSS404/Laboratorio/Desafio 3/control_citas_medica/vendor/laravel/framework/src/Illuminate/Pipeline/Pipeline.php(219): Illuminate/Http/Middleware/ValidatePathEncoding->handle(Object(Illuminate/Http/Request), Object(Closure))
#47 E:/Users/Josue/UDB/2026/DSS404/Laboratorio/Desafio 3/control_citas_medica/vendor/laravel/framework/src/Illuminate/Pipeline/Pipeline.php(137): Illuminate/Pipeline/Pipeline->Illuminate/Pipeline/{closure}(Object(Illuminate/Http/Request))
#48 E:/Users/Josue/UDB/2026/DSS404/Laboratorio/Desafio 3/control_citas_medica/vendor/laravel/framework/src/Illuminate/Foundation/Http/Kernel.php(175): Illuminate/Pipeline/Pipeline->then(Object(Closure))
#49 E:/Users/Josue/UDB/2026/DSS404/Laboratorio/Desafio 3/control_citas_medica/vendor/laravel/framework/src/Illuminate/Foundation/Http/Kernel.php(144): Illuminate/Foundation/Http/Kernel->sendRequestThroughRouter(Object(Illuminate/Http/Request))
#50 E:/Users/Josue/UDB/2026/DSS404/Laboratorio/Desafio 3/control_citas_medica/vendor/laravel/framework/src/Illuminate/Foundation/Application.php(1220): Illuminate/Foundation/Http/Kernel->handle(Object(Illuminate/Http/Request))
#51 E:/Users/Josue/UDB/2026/DSS404/Laboratorio/Desafio 3/control_citas_medica/public/index.php(20): Illuminate/Foundation/Application->handleRequest(Object(Illuminate/Http/Request))
#52 E:/Users/Josue/UDB/2026/DSS404/Laboratorio/Desafio 3/control_citas_medica/vendor/laravel/framework/src/Illuminate/Foundation/resources/server.php(23): require_once('E://Users//Josue//...')
#53 {main}

[previous exception] [object] (PDOException(code: 42S02): SQLSTATE[42S02]: Base table or view not found: 1146 Table 'control_citas_medicas.sessions' doesn't exist at E:/Users/Josue/UDB/2026/DSS404/Laboratorio/Desafio 3/control_citas_medica/vendor/laravel/framework/src/Illuminate/Database/Connection.php:420)
[stacktrace]
#0 E:/Users/Josue/UDB/2026/DSS404/Laboratorio/Desafio 3/control_citas_medica/vendor/laravel/framework/src/Illuminate/Database/Connection.php(420): PDO->prepare('select * from `...')
#1 E:/Users/Josue/UDB/2026/DSS404/Laboratorio/Desafio 3/control_citas_medica/vendor/laravel/framework/src/Illuminate/Database/Connection.php(827): Illuminate/Database/Connection->Illuminate/Database/{closure}('select * from `...', Array)
#2 E:/Users/Josue/UDB/2026/DSS404/Laboratorio/Desafio 3/control_citas_medica/vendor/laravel/framework/src/Illuminate/Database/Connection.php(794): Illuminate/Database/Connection->runQueryCallback('select * from `...', Array, Object(Closure))
#3 E:/Users/Josue/UDB/2026/DSS404/Laboratorio/Desafio 3/control_citas_medica/vendor/laravel/framework/src/Illuminate/Database/Connection.php(411): Illuminate/Database/Connection->run('select * from `...', Array, Object(Closure))
#4 E:/Users/Josue/UDB/2026/DSS404/Laboratorio/Desafio 3/control_citas_medica/vendor/laravel/framework/src/Illuminate/Database/Query/Builder.php(3505): Illuminate/Database/Connection->select('select * from `...', Array, false)
#5 E:/Users/Josue/UDB/2026/DSS404/Laboratorio/Desafio 3/control_citas_medica/vendor/laravel/framework/src/Illuminate/Database/Query/Builder.php(3490): Illuminate/Database/Query/Builder->runSelect()
#6 E:/Users/Josue/UDB/2026/DSS404/Laboratorio/Desafio 3/control_citas_medica/vendor/laravel/framework/src/Illuminate/Database/Query/Builder.php(4080): Illuminate/Database/Query/Builder->Illuminate/Database/Query/{closure}()
#7 E:/Users/Josue/UDB/2026/DSS404/Laboratorio/Desafio 3/control_citas_medica/vendor/laravel/framework/src/Illuminate/Database/Query/Builder.php(3489): Illuminate/Database/Query/Builder->onceWithColumns(Array, Object(Closure))
#8 E:/Users/Josue/UDB/2026/DSS404/Laboratorio/Desafio 3/control_citas_medica/vendor/laravel/framework/src/Illuminate/Database/Concerns/BuildsQueries.php(366): Illuminate/Database/Query/Builder->get(Array)
#9 E:/Users/Josue/UDB/2026/DSS404/Laboratorio/Desafio 3/control_citas_medica/vendor/laravel/framework/src/Illuminate/Database/Query/Builder.php(3412): Illuminate/Database/Query/Builder->first(Array)
#10 E:/Users/Josue/UDB/2026/DSS404/Laboratorio/Desafio 3/control_citas_medica/vendor/laravel/framework/src/Illuminate/Session/DatabaseSessionHandler.php(96): Illuminate/Database/Query/Builder->find('ZMMPOH4Rmm9M7DV...')
#11 E:/Users/Josue/UDB/2026/DSS404/Laboratorio/Desafio 3/control_citas_medica/vendor/laravel/framework/src/Illuminate/Session/Store.php(128): Illuminate/Session/DatabaseSessionHandler->read('ZMMPOH4Rmm9M7DV...')
#12 E:/Users/Josue/UDB/2026/DSS404/Laboratorio/Desafio 3/control_citas_medica/vendor/laravel/framework/src/Illuminate/Session/Store.php(116): Illuminate/Session/Store->readFromHandler()
#13 E:/Users/Josue/UDB/2026/DSS404/Laboratorio/Desafio 3/control_citas_medica/vendor/laravel/framework/src/Illuminate/Session/Store.php(100): Illuminate/Session/Store->loadSession()
#14 E:/Users/Josue/UDB/2026/DSS404/Laboratorio/Desafio 3/control_citas_medica/vendor/laravel/framework/src/Illuminate/Session/Middleware/StartSession.php(146): Illuminate/Session/Store->start()
#15 E:/Users/Josue/UDB/2026/DSS404/Laboratorio/Desafio 3/control_citas_medica/vendor/laravel/framework/src/Illuminate/Support/helpers.php(393): Illuminate/Session/Middleware/StartSession->Illuminate/Session/Middleware/{closure}(Object(Illuminate/Session/Store))
#16 E:/Users/Josue/UDB/2026/DSS404/Laboratorio/Desafio 3/control_citas_medica/vendor/laravel/framework/src/Illuminate/Session/Middleware/StartSession.php(143): tap(Object(Illuminate/Session/Store), Object(Closure))
#17 E:/Users/Josue/UDB/2026/DSS404/Laboratorio/Desafio 3/control_citas_medica/vendor/laravel/framework/src/Illuminate/Session/Middleware/StartSession.php(115): Illuminate/Session/Middleware/StartSession->startSession(Object(Illuminate/Http/Request), Object(Illuminate/Session/Store))
#18 E:/Users/Josue/UDB/2026/DSS404/Laboratorio/Desafio 3/control_citas_medica/vendor/laravel/framework/src/Illuminate/Session/Middleware/StartSession.php(63): Illuminate/Session/Middleware/StartSession->handleStatefulRequest(Object(Illuminate/Http/Request), Object(Illuminate/Session/Store), Object(Closure))
#19 E:/Users/Josue/UDB/2026/DSS404/Laboratorio/Desafio 3/control_citas_medica/vendor/laravel/framework/src/Illuminate/Pipeline/Pipeline.php(219): Illuminate/Session/Middleware/StartSession->handle(Object(Illuminate/Http/Request), Object(Closure))
#20 E:/Users/Josue/UDB/2026/DSS404/Laboratorio/Desafio 3/control_citas_medica/vendor/laravel/framework/src/Illuminate/Cookie/Middleware/AddQueuedCookiesToResponse.php(36): Illuminate/Pipeline/Pipeline->Illuminate/Pipeline/{closure}(Object(Illuminate/Http/Request))
#21 E:/Users/Josue/UDB/2026/DSS404/Laboratorio/Desafio 3/control_citas_medica/vendor/laravel/framework/src/Illuminate/Pipeline/Pipeline.php(219): Illuminate/Cookie/Middleware/AddQueuedCookiesToResponse->handle(Object(Illuminate/Http/Request), Object(Closure))
#22 E:/Users/Josue/UDB/2026/DSS404/Laboratorio/Desafio 3/control_citas_medica/vendor/laravel/framework/src/Illuminate/Cookie/Middleware/EncryptCookies.php(74): Illuminate/Pipeline/Pipeline->Illuminate/Pipeline/{closure}(Object(Illuminate/Http/Request))
#23 E:/Users/Josue/UDB/2026/DSS404/Laboratorio/Desafio 3/control_citas_medica/vendor/laravel/framework/src/Illuminate/Pipeline/Pipeline.php(219): Illuminate/Cookie/Middleware/EncryptCookies->handle(Object(Illuminate/Http/Request), Object(Closure))
#24 E:/Users/Josue/UDB/2026/DSS404/Laboratorio/Desafio 3/control_citas_medica/vendor/laravel/framework/src/Illuminate/Pipeline/Pipeline.php(137): Illuminate/Pipeline/Pipeline->Illuminate/Pipeline/{closure}(Object(Illuminate/Http/Request))
#25 E:/Users/Josue/UDB/2026/DSS404/Laboratorio/Desafio 3/control_citas_medica/vendor/laravel/framework/src/Illuminate/Routing/Router.php(821): Illuminate/Pipeline/Pipeline->then(Object(Closure))
#26 E:/Users/Josue/UDB/2026/DSS404/Laboratorio/Desafio 3/control_citas_medica/vendor/laravel/framework/src/Illuminate/Routing/Router.php(800): Illuminate/Routing/Router->runRouteWithinStack(Object(Illuminate/Routing/Route), Object(Illuminate/Http/Request))
#27 E:/Users/Josue/UDB/2026/DSS404/Laboratorio/Desafio 3/control_citas_medica/vendor/laravel/framework/src/Illuminate/Routing/Router.php(764): Illuminate/Routing/Router->runRoute(Object(Illuminate/Http/Request), Object(Illuminate/Routing/Route))
#28 E:/Users/Josue/UDB/2026/DSS404/Laboratorio/Desafio 3/control_citas_medica/vendor/laravel/framework/src/Illuminate/Routing/Router.php(753): Illuminate/Routing/Router->dispatchToRoute(Object(Illuminate/Http/Request))
#29 E:/Users/Josue/UDB/2026/DSS404/Laboratorio/Desafio 3/control_citas_medica/vendor/laravel/framework/src/Illuminate/Foundation/Http/Kernel.php(200): Illuminate/Routing/Router->dispatch(Object(Illuminate/Http/Request))
#30 E:/Users/Josue/UDB/2026/DSS404/Laboratorio/Desafio 3/control_citas_medica/vendor/laravel/framework/src/Illuminate/Pipeline/Pipeline.php(180): Illuminate/Foundation/Http/Kernel->Illuminate/Foundation/Http/{closure}(Object(Illuminate/Http/Request))
#31 E:/Users/Josue/UDB/2026/DSS404/Laboratorio/Desafio 3/control_citas_medica/vendor/laravel/framework/src/Illuminate/Foundation/Http/Middleware/TransformsRequest.php(21): Illuminate/Pipeline/Pipeline->Illuminate/Pipeline/{closure}(Object(Illuminate/Http/Request))
#32 E:/Users/Josue/UDB/2026/DSS404/Laboratorio/Desafio 3/control_citas_medica/vendor/laravel/framework/src/Illuminate/Foundation/Http/Middleware/ConvertEmptyStringsToNull.php(31): Illuminate/Foundation/Http/Middleware/TransformsRequest->handle(Object(Illuminate/Http/Request), Object(Closure))
#33 E:/Users/Josue/UDB/2026/DSS404/Laboratorio/Desafio 3/control_citas_medica/vendor/laravel/framework/src/Illuminate/Pipeline/Pipeline.php(219): Illuminate/Foundation/Http/Middleware/ConvertEmptyStringsToNull->handle(Object(Illuminate/Http/Request), Object(Closure))
#34 E:/Users/Josue/UDB/2026/DSS404/Laboratorio/Desafio 3/control_citas_medica/vendor/laravel/framework/src/Illuminate/Foundation/Http/Middleware/TransformsRequest.php(21): Illuminate/Pipeline/Pipeline->Illuminate/Pipeline/{closure}(Object(Illuminate/Http/Request))
#35 E:/Users/Josue/UDB/2026/DSS404/Laboratorio/Desafio 3/control_citas_medica/vendor/laravel/framework/src/Illuminate/Foundation/Http/Middleware/TrimStrings.php(51): Illuminate/Foundation/Http/Middleware/TransformsRequest->handle(Object(Illuminate/Http/Request), Object(Closure))
#36 E:/Users/Josue/UDB/2026/DSS404/Laboratorio/Desafio 3/control_citas_medica/vendor/laravel/framework/src/Illuminate/Pipeline/Pipeline.php(219): Illuminate/Foundation/Http/Middleware/TrimStrings->handle(Object(Illuminate/Http/Request), Object(Closure))
#37 E:/Users/Josue/UDB/2026/DSS404/Laboratorio/Desafio 3/control_citas_medica/vendor/laravel/framework/src/Illuminate/Http/Middleware/ValidatePostSize.php(27): Illuminate/Pipeline/Pipeline->Illuminate/Pipeline/{closure}(Object(Illuminate/Http/Request))
#38 E:/Users/Josue/UDB/2026/DSS404/Laboratorio/Desafio 3/control_citas_medica/vendor/laravel/framework/src/Illuminate/Pipeline/Pipeline.php(219): Illuminate/Http/Middleware/ValidatePostSize->handle(Object(Illuminate/Http/Request), Object(Closure))
#39 E:/Users/Josue/UDB/2026/DSS404/Laboratorio/Desafio 3/control_citas_medica/vendor/laravel/framework/src/Illuminate/Foundation/Http/Middleware/PreventRequestsDuringMaintenance.php(109): Illuminate/Pipeline/Pipeline->Illuminate/Pipeline/{closure}(Object(Illuminate/Http/Request))
#40 E:/Users/Josue/UDB/2026/DSS404/Laboratorio/Desafio 3/control_citas_medica/vendor/laravel/framework/src/Illuminate/Pipeline/Pipeline.php(219): Illuminate/Foundation/Http/Middleware/PreventRequestsDuringMaintenance->handle(Object(Illuminate/Http/Request), Object(Closure))
#41 E:/Users/Josue/UDB/2026/DSS404/Laboratorio/Desafio 3/control_citas_medica/vendor/laravel/framework/src/Illuminate/Http/Middleware/HandleCors.php(61): Illuminate/Pipeline/Pipeline->Illuminate/Pipeline/{closure}(Object(Illuminate/Http/Request))
#42 E:/Users/Josue/UDB/2026/DSS404/Laboratorio/Desafio 3/control_citas_medica/vendor/laravel/framework/src/Illuminate/Pipeline/Pipeline.php(219): Illuminate/Http/Middleware/HandleCors->handle(Object(Illuminate/Http/Request), Object(Closure))
#43 E:/Users/Josue/UDB/2026/DSS404/Laboratorio/Desafio 3/control_citas_medica/vendor/laravel/framework/src/Illuminate/Http/Middleware/TrustProxies.php(58): Illuminate/Pipeline/Pipeline->Illuminate/Pipeline/{closure}(Object(Illuminate/Http/Request))
#44 E:/Users/Josue/UDB/2026/DSS404/Laboratorio/Desafio 3/control_citas_medica/vendor/laravel/framework/src/Illuminate/Pipeline/Pipeline.php(219): Illuminate/Http/Middleware/TrustProxies->handle(Object(Illuminate/Http/Request), Object(Closure))
#45 E:/Users/Josue/UDB/2026/DSS404/Laboratorio/Desafio 3/control_citas_medica/vendor/laravel/framework/src/Illuminate/Foundation/Http/Middleware/InvokeDeferredCallbacks.php(22): Illuminate/Pipeline/Pipeline->Illuminate/Pipeline/{closure}(Object(Illuminate/Http/Request))
#46 E:/Users/Josue/UDB/2026/DSS404/Laboratorio/Desafio 3/control_citas_medica/vendor/laravel/framework/src/Illuminate/Pipeline/Pipeline.php(219): Illuminate/Foundation/Http/Middleware/InvokeDeferredCallbacks->handle(Object(Illuminate/Http/Request), Object(Closure))
#47 E:/Users/Josue/UDB/2026/DSS404/Laboratorio/Desafio 3/control_citas_medica/vendor/laravel/framework/src/Illuminate/Http/Middleware/ValidatePathEncoding.php(26): Illuminate/Pipeline/Pipeline->Illuminate/Pipeline/{closure}(Object(Illuminate/Http/Request))
#48 E:/Users/Josue/UDB/2026/DSS404/Laboratorio/Desafio 3/control_citas_medica/vendor/laravel/framework/src/Illuminate/Pipeline/Pipeline.php(219): Illuminate/Http/Middleware/ValidatePathEncoding->handle(Object(Illuminate/Http/Request), Object(Closure))
#49 E:/Users/Josue/UDB/2026/DSS404/Laboratorio/Desafio 3/control_citas_medica/vendor/laravel/framework/src/Illuminate/Pipeline/Pipeline.php(137): Illuminate/Pipeline/Pipeline->Illuminate/Pipeline/{closure}(Object(Illuminate/Http/Request))
#50 E:/Users/Josue/UDB/2026/DSS404/Laboratorio/Desafio 3/control_citas_medica/vendor/laravel/framework/src/Illuminate/Foundation/Http/Kernel.php(175): Illuminate/Pipeline/Pipeline->then(Object(Closure))
#51 E:/Users/Josue/UDB/2026/DSS404/Laboratorio/Desafio 3/control_citas_medica/vendor/laravel/framework/src/Illuminate/Foundation/Http/Kernel.php(144): Illuminate/Foundation/Http/Kernel->sendRequestThroughRouter(Object(Illuminate/Http/Request))
#52 E:/Users/Josue/UDB/2026/DSS404/Laboratorio/Desafio 3/control_citas_medica/vendor/laravel/framework/src/Illuminate/Foundation/Application.php(1220): Illuminate/Foundation/Http/Kernel->handle(Object(Illuminate/Http/Request))
#53 E:/Users/Josue/UDB/2026/DSS404/Laboratorio/Desafio 3/control_citas_medica/public/index.php(20): Illuminate/Foundation/Application->handleRequest(Object(Illuminate/Http/Request))
#54 E:/Users/Josue/UDB/2026/DSS404/Laboratorio/Desafio 3/control_citas_medica/vendor/laravel/framework/src/Illuminate/Foundation/resources/server.php(23): require_once('E://Users//Josue//...')
#55 {main}
"} 
[2026-05-22 23:41:05] local.ERROR: SQLSTATE[42S02]: Base table or view not found: 1146 Table 'control_citas_medicas.sessions' doesn't exist (Connection: mysql, Host: 127.0.0.1, Port: 3306, Database: control_citas_medicas, SQL: select * from `sessions` where `id` = ZMMPOH4Rmm9M7DVvZOrJLRQYVOwfBkHji63GZMQ0 limit 1) {"exception":"[object] (Illuminate\\Database\\QueryException(code: 42S02): SQLSTATE[42S02]: Base table or view not found: 1146 Table 'control_citas_medicas.sessions' doesn't exist (Connection: mysql, Host: 127.0.0.1, Port: 3306, Database: control_citas_medicas, SQL: select * from `sessions` where `id` = ZMMPOH4Rmm9M7DVvZOrJLRQYVOwfBkHji63GZMQ0 limit 1) at E:/Users/Josue/UDB/2026/DSS404/Laboratorio/Desafio 3/control_citas_medica/vendor/laravel/framework/src/Illuminate/Database/Connection.php:838)
[stacktrace]
#0 E:/Users/Josue/UDB/2026/DSS404/Laboratorio/Desafio 3/control_citas_medica/vendor/laravel/framework/src/Illuminate/Database/Connection.php(794): Illuminate/Database/Connection->runQueryCallback('select * from `...', Array, Object(Closure))
#1 E:/Users/Josue/UDB/2026/DSS404/Laboratorio/Desafio 3/control_citas_medica/vendor/laravel/framework/src/Illuminate/Database/Connection.php(411): Illuminate/Database/Connection->run('select * from `...', Array, Object(Closure))
#2 E:/Users/Josue/UDB/2026/DSS404/Laboratorio/Desafio 3/control_citas_medica/vendor/laravel/framework/src/Illuminate/Database/Query/Builder.php(3505): Illuminate/Database/Connection->select('select * from `...', Array, false)
#3 E:/Users/Josue/UDB/2026/DSS404/Laboratorio/Desafio 3/control_citas_medica/vendor/laravel/framework/src/Illuminate/Database/Query/Builder.php(3490): Illuminate/Database/Query/Builder->runSelect()
#4 E:/Users/Josue/UDB/2026/DSS404/Laboratorio/Desafio 3/control_citas_medica/vendor/laravel/framework/src/Illuminate/Database/Query/Builder.php(4080): Illuminate/Database/Query/Builder->Illuminate/Database/Query/{closure}()
#5 E:/Users/Josue/UDB/2026/DSS404/Laboratorio/Desafio 3/control_citas_medica/vendor/laravel/framework/src/Illuminate/Database/Query/Builder.php(3489): Illuminate/Database/Query/Builder->onceWithColumns(Array, Object(Closure))
#6 E:/Users/Josue/UDB/2026/DSS404/Laboratorio/Desafio 3/control_citas_medica/vendor/laravel/framework/src/Illuminate/Database/Concerns/BuildsQueries.php(366): Illuminate/Database/Query/Builder->get(Array)
#7 E:/Users/Josue/UDB/2026/DSS404/Laboratorio/Desafio 3/control_citas_medica/vendor/laravel/framework/src/Illuminate/Database/Query/Builder.php(3412): Illuminate/Database/Query/Builder->first(Array)
#8 E:/Users/Josue/UDB/2026/DSS404/Laboratorio/Desafio 3/control_citas_medica/vendor/laravel/framework/src/Illuminate/Session/DatabaseSessionHandler.php(96): Illuminate/Database/Query/Builder->find('ZMMPOH4Rmm9M7DV...')
#9 E:/Users/Josue/UDB/2026/DSS404/Laboratorio/Desafio 3/control_citas_medica/vendor/laravel/framework/src/Illuminate/Session/Store.php(128): Illuminate/Session/DatabaseSessionHandler->read('ZMMPOH4Rmm9M7DV...')
#10 E:/Users/Josue/UDB/2026/DSS404/Laboratorio/Desafio 3/control_citas_medica/vendor/laravel/framework/src/Illuminate/Session/Store.php(116): Illuminate/Session/Store->readFromHandler()
#11 E:/Users/Josue/UDB/2026/DSS404/Laboratorio/Desafio 3/control_citas_medica/vendor/laravel/framework/src/Illuminate/Session/Store.php(100): Illuminate/Session/Store->loadSession()
#12 E:/Users/Josue/UDB/2026/DSS404/Laboratorio/Desafio 3/control_citas_medica/vendor/laravel/framework/src/Illuminate/Session/Middleware/StartSession.php(146): Illuminate/Session/Store->start()
#13 E:/Users/Josue/UDB/2026/DSS404/Laboratorio/Desafio 3/control_citas_medica/vendor/laravel/framework/src/Illuminate/Support/helpers.php(393): Illuminate/Session/Middleware/StartSession->Illuminate/Session/Middleware/{closure}(Object(Illuminate/Session/Store))
#14 E:/Users/Josue/UDB/2026/DSS404/Laboratorio/Desafio 3/control_citas_medica/vendor/laravel/framework/src/Illuminate/Session/Middleware/StartSession.php(143): tap(Object(Illuminate/Session/Store), Object(Closure))
#15 E:/Users/Josue/UDB/2026/DSS404/Laboratorio/Desafio 3/control_citas_medica/vendor/laravel/framework/src/Illuminate/Session/Middleware/StartSession.php(115): Illuminate/Session/Middleware/StartSession->startSession(Object(Illuminate/Http/Request), Object(Illuminate/Session/Store))
#16 E:/Users/Josue/UDB/2026/DSS404/Laboratorio/Desafio 3/control_citas_medica/vendor/laravel/framework/src/Illuminate/Session/Middleware/StartSession.php(63): Illuminate/Session/Middleware/StartSession->handleStatefulRequest(Object(Illuminate/Http/Request), Object(Illuminate/Session/Store), Object(Closure))
#17 E:/Users/Josue/UDB/2026/DSS404/Laboratorio/Desafio 3/control_citas_medica/vendor/laravel/framework/src/Illuminate/Pipeline/Pipeline.php(219): Illuminate/Session/Middleware/StartSession->handle(Object(Illuminate/Http/Request), Object(Closure))
#18 E:/Users/Josue/UDB/2026/DSS404/Laboratorio/Desafio 3/control_citas_medica/vendor/laravel/framework/src/Illuminate/Cookie/Middleware/AddQueuedCookiesToResponse.php(36): Illuminate/Pipeline/Pipeline->Illuminate/Pipeline/{closure}(Object(Illuminate/Http/Request))
#19 E:/Users/Josue/UDB/2026/DSS404/Laboratorio/Desafio 3/control_citas_medica/vendor/laravel/framework/src/Illuminate/Pipeline/Pipeline.php(219): Illuminate/Cookie/Middleware/AddQueuedCookiesToResponse->handle(Object(Illuminate/Http/Request), Object(Closure))
#20 E:/Users/Josue/UDB/2026/DSS404/Laboratorio/Desafio 3/control_citas_medica/vendor/laravel/framework/src/Illuminate/Cookie/Middleware/EncryptCookies.php(74): Illuminate/Pipeline/Pipeline->Illuminate/Pipeline/{closure}(Object(Illuminate/Http/Request))
#21 E:/Users/Josue/UDB/2026/DSS404/Laboratorio/Desafio 3/control_citas_medica/vendor/laravel/framework/src/Illuminate/Pipeline/Pipeline.php(219): Illuminate/Cookie/Middleware/EncryptCookies->handle(Object(Illuminate/Http/Request), Object(Closure))
#22 E:/Users/Josue/UDB/2026/DSS404/Laboratorio/Desafio 3/control_citas_medica/vendor/laravel/framework/src/Illuminate/Pipeline/Pipeline.php(137): Illuminate/Pipeline/Pipeline->Illuminate/Pipeline/{closure}(Object(Illuminate/Http/Request))
#23 E:/Users/Josue/UDB/2026/DSS404/Laboratorio/Desafio 3/control_citas_medica/vendor/laravel/framework/src/Illuminate/Routing/Router.php(821): Illuminate/Pipeline/Pipeline->then(Object(Closure))
#24 E:/Users/Josue/UDB/2026/DSS404/Laboratorio/Desafio 3/control_citas_medica/vendor/laravel/framework/src/Illuminate/Routing/Router.php(800): Illuminate/Routing/Router->runRouteWithinStack(Object(Illuminate/Routing/Route), Object(Illuminate/Http/Request))
#25 E:/Users/Josue/UDB/2026/DSS404/Laboratorio/Desafio 3/control_citas_medica/vendor/laravel/framework/src/Illuminate/Routing/Router.php(764): Illuminate/Routing/Router->runRoute(Object(Illuminate/Http/Request), Object(Illuminate/Routing/Route))
#26 E:/Users/Josue/UDB/2026/DSS404/Laboratorio/Desafio 3/control_citas_medica/vendor/laravel/framework/src/Illuminate/Routing/Router.php(753): Illuminate/Routing/Router->dispatchToRoute(Object(Illuminate/Http/Request))
#27 E:/Users/Josue/UDB/2026/DSS404/Laboratorio/Desafio 3/control_citas_medica/vendor/laravel/framework/src/Illuminate/Foundation/Http/Kernel.php(200): Illuminate/Routing/Router->dispatch(Object(Illuminate/Http/Request))
#28 E:/Users/Josue/UDB/2026/DSS404/Laboratorio/Desafio 3/control_citas_medica/vendor/laravel/framework/src/Illuminate/Pipeline/Pipeline.php(180): Illuminate/Foundation/Http/Kernel->Illuminate/Foundation/Http/{closure}(Object(Illuminate/Http/Request))
#29 E:/Users/Josue/UDB/2026/DSS404/Laboratorio/Desafio 3/control_citas_medica/vendor/laravel/framework/src/Illuminate/Foundation/Http/Middleware/TransformsRequest.php(21): Illuminate/Pipeline/Pipeline->Illuminate/Pipeline/{closure}(Object(Illuminate/Http/Request))
#30 E:/Users/Josue/UDB/2026/DSS404/Laboratorio/Desafio 3/control_citas_medica/vendor/laravel/framework/src/Illuminate/Foundation/Http/Middleware/ConvertEmptyStringsToNull.php(31): Illuminate/Foundation/Http/Middleware/TransformsRequest->handle(Object(Illuminate/Http/Request), Object(Closure))
#31 E:/Users/Josue/UDB/2026/DSS404/Laboratorio/Desafio 3/control_citas_medica/vendor/laravel/framework/src/Illuminate/Pipeline/Pipeline.php(219): Illuminate/Foundation/Http/Middleware/ConvertEmptyStringsToNull->handle(Object(Illuminate/Http/Request), Object(Closure))
#32 E:/Users/Josue/UDB/2026/DSS404/Laboratorio/Desafio 3/control_citas_medica/vendor/laravel/framework/src/Illuminate/Foundation/Http/Middleware/TransformsRequest.php(21): Illuminate/Pipeline/Pipeline->Illuminate/Pipeline/{closure}(Object(Illuminate/Http/Request))
#33 E:/Users/Josue/UDB/2026/DSS404/Laboratorio/Desafio 3/control_citas_medica/vendor/laravel/framework/src/Illuminate/Foundation/Http/Middleware/TrimStrings.php(51): Illuminate/Foundation/Http/Middleware/TransformsRequest->handle(Object(Illuminate/Http/Request), Object(Closure))
#34 E:/Users/Josue/UDB/2026/DSS404/Laboratorio/Desafio 3/control_citas_medica/vendor/laravel/framework/src/Illuminate/Pipeline/Pipeline.php(219): Illuminate/Foundation/Http/Middleware/TrimStrings->handle(Object(Illuminate/Http/Request), Object(Closure))
#35 E:/Users/Josue/UDB/2026/DSS404/Laboratorio/Desafio 3/control_citas_medica/vendor/laravel/framework/src/Illuminate/Http/Middleware/ValidatePostSize.php(27): Illuminate/Pipeline/Pipeline->Illuminate/Pipeline/{closure}(Object(Illuminate/Http/Request))
#36 E:/Users/Josue/UDB/2026/DSS404/Laboratorio/Desafio 3/control_citas_medica/vendor/laravel/framework/src/Illuminate/Pipeline/Pipeline.php(219): Illuminate/Http/Middleware/ValidatePostSize->handle(Object(Illuminate/Http/Request), Object(Closure))
#37 E:/Users/Josue/UDB/2026/DSS404/Laboratorio/Desafio 3/control_citas_medica/vendor/laravel/framework/src/Illuminate/Foundation/Http/Middleware/PreventRequestsDuringMaintenance.php(109): Illuminate/Pipeline/Pipeline->Illuminate/Pipeline/{closure}(Object(Illuminate/Http/Request))
#38 E:/Users/Josue/UDB/2026/DSS404/Laboratorio/Desafio 3/control_citas_medica/vendor/laravel/framework/src/Illuminate/Pipeline/Pipeline.php(219): Illuminate/Foundation/Http/Middleware/PreventRequestsDuringMaintenance->handle(Object(Illuminate/Http/Request), Object(Closure))
#39 E:/Users/Josue/UDB/2026/DSS404/Laboratorio/Desafio 3/control_citas_medica/vendor/laravel/framework/src/Illuminate/Http/Middleware/HandleCors.php(61): Illuminate/Pipeline/Pipeline->Illuminate/Pipeline/{closure}(Object(Illuminate/Http/Request))
#40 E:/Users/Josue/UDB/2026/DSS404/Laboratorio/Desafio 3/control_citas_medica/vendor/laravel/framework/src/Illuminate/Pipeline/Pipeline.php(219): Illuminate/Http/Middleware/HandleCors->handle(Object(Illuminate/Http/Request), Object(Closure))
#41 E:/Users/Josue/UDB/2026/DSS404/Laboratorio/Desafio 3/control_citas_medica/vendor/laravel/framework/src/Illuminate/Http/Middleware/TrustProxies.php(58): Illuminate/Pipeline/Pipeline->Illuminate/Pipeline/{closure}(Object(Illuminate/Http/Request))
#42 E:/Users/Josue/UDB/2026/DSS404/Laboratorio/Desafio 3/control_citas_medica/vendor/laravel/framework/src/Illuminate/Pipeline/Pipeline.php(219): Illuminate/Http/Middleware/TrustProxies->handle(Object(Illuminate/Http/Request), Object(Closure))
#43 E:/Users/Josue/UDB/2026/DSS404/Laboratorio/Desafio 3/control_citas_medica/vendor/laravel/framework/src/Illuminate/Foundation/Http/Middleware/InvokeDeferredCallbacks.php(22): Illuminate/Pipeline/Pipeline->Illuminate/Pipeline/{closure}(Object(Illuminate/Http/Request))
#44 E:/Users/Josue/UDB/2026/DSS404/Laboratorio/Desafio 3/control_citas_medica/vendor/laravel/framework/src/Illuminate/Pipeline/Pipeline.php(219): Illuminate/Foundation/Http/Middleware/InvokeDeferredCallbacks->handle(Object(Illuminate/Http/Request), Object(Closure))
#45 E:/Users/Josue/UDB/2026/DSS404/Laboratorio/Desafio 3/control_citas_medica/vendor/laravel/framework/src/Illuminate/Http/Middleware/ValidatePathEncoding.php(26): Illuminate/Pipeline/Pipeline->Illuminate/Pipeline/{closure}(Object(Illuminate/Http/Request))
#46 E:/Users/Josue/UDB/2026/DSS404/Laboratorio/Desafio 3/control_citas_medica/vendor/laravel/framework/src/Illuminate/Pipeline/Pipeline.php(219): Illuminate/Http/Middleware/ValidatePathEncoding->handle(Object(Illuminate/Http/Request), Object(Closure))
#47 E:/Users/Josue/UDB/2026/DSS404/Laboratorio/Desafio 3/control_citas_medica/vendor/laravel/framework/src/Illuminate/Pipeline/Pipeline.php(137): Illuminate/Pipeline/Pipeline->Illuminate/Pipeline/{closure}(Object(Illuminate/Http/Request))
#48 E:/Users/Josue/UDB/2026/DSS404/Laboratorio/Desafio 3/control_citas_medica/vendor/laravel/framework/src/Illuminate/Foundation/Http/Kernel.php(175): Illuminate/Pipeline/Pipeline->then(Object(Closure))
#49 E:/Users/Josue/UDB/2026/DSS404/Laboratorio/Desafio 3/control_citas_medica/vendor/laravel/framework/src/Illuminate/Foundation/Http/Kernel.php(144): Illuminate/Foundation/Http/Kernel->sendRequestThroughRouter(Object(Illuminate/Http/Request))
#50 E:/Users/Josue/UDB/2026/DSS404/Laboratorio/Desafio 3/control_citas_medica/vendor/laravel/framework/src/Illuminate/Foundation/Application.php(1220): Illuminate/Foundation/Http/Kernel->handle(Object(Illuminate/Http/Request))
#51 E:/Users/Josue/UDB/2026/DSS404/Laboratorio/Desafio 3/control_citas_medica/public/index.php(20): Illuminate/Foundation/Application->handleRequest(Object(Illuminate/Http/Request))
#52 E:/Users/Josue/UDB/2026/DSS404/Laboratorio/Desafio 3/control_citas_medica/vendor/laravel/framework/src/Illuminate/Foundation/resources/server.php(23): require_once('E://Users//Josue//...')
#53 {main}

[previous exception] [object] (PDOException(code: 42S02): SQLSTATE[42S02]: Base table or view not found: 1146 Table 'control_citas_medicas.sessions' doesn't exist at E:/Users/Josue/UDB/2026/DSS404/Laboratorio/Desafio 3/control_citas_medica/vendor/laravel/framework/src/Illuminate/Database/Connection.php:420)
[stacktrace]
#0 E:/Users/Josue/UDB/2026/DSS404/Laboratorio/Desafio 3/control_citas_medica/vendor/laravel/framework/src/Illuminate/Database/Connection.php(420): PDO->prepare('select * from `...')
#1 E:/Users/Josue/UDB/2026/DSS404/Laboratorio/Desafio 3/control_citas_medica/vendor/laravel/framework/src/Illuminate/Database/Connection.php(827): Illuminate/Database/Connection->Illuminate/Database/{closure}('select * from `...', Array)
#2 E:/Users/Josue/UDB/2026/DSS404/Laboratorio/Desafio 3/control_citas_medica/vendor/laravel/framework/src/Illuminate/Database/Connection.php(794): Illuminate/Database/Connection->runQueryCallback('select * from `...', Array, Object(Closure))
#3 E:/Users/Josue/UDB/2026/DSS404/Laboratorio/Desafio 3/control_citas_medica/vendor/laravel/framework/src/Illuminate/Database/Connection.php(411): Illuminate/Database/Connection->run('select * from `...', Array, Object(Closure))
#4 E:/Users/Josue/UDB/2026/DSS404/Laboratorio/Desafio 3/control_citas_medica/vendor/laravel/framework/src/Illuminate/Database/Query/Builder.php(3505): Illuminate/Database/Connection->select('select * from `...', Array, false)
#5 E:/Users/Josue/UDB/2026/DSS404/Laboratorio/Desafio 3/control_citas_medica/vendor/laravel/framework/src/Illuminate/Database/Query/Builder.php(3490): Illuminate/Database/Query/Builder->runSelect()
#6 E:/Users/Josue/UDB/2026/DSS404/Laboratorio/Desafio 3/control_citas_medica/vendor/laravel/framework/src/Illuminate/Database/Query/Builder.php(4080): Illuminate/Database/Query/Builder->Illuminate/Database/Query/{closure}()
#7 E:/Users/Josue/UDB/2026/DSS404/Laboratorio/Desafio 3/control_citas_medica/vendor/laravel/framework/src/Illuminate/Database/Query/Builder.php(3489): Illuminate/Database/Query/Builder->onceWithColumns(Array, Object(Closure))
#8 E:/Users/Josue/UDB/2026/DSS404/Laboratorio/Desafio 3/control_citas_medica/vendor/laravel/framework/src/Illuminate/Database/Concerns/BuildsQueries.php(366): Illuminate/Database/Query/Builder->get(Array)
#9 E:/Users/Josue/UDB/2026/DSS404/Laboratorio/Desafio 3/control_citas_medica/vendor/laravel/framework/src/Illuminate/Database/Query/Builder.php(3412): Illuminate/Database/Query/Builder->first(Array)
#10 E:/Users/Josue/UDB/2026/DSS404/Laboratorio/Desafio 3/control_citas_medica/vendor/laravel/framework/src/Illuminate/Session/DatabaseSessionHandler.php(96): Illuminate/Database/Query/Builder->find('ZMMPOH4Rmm9M7DV...')
#11 E:/Users/Josue/UDB/2026/DSS404/Laboratorio/Desafio 3/control_citas_medica/vendor/laravel/framework/src/Illuminate/Session/Store.php(128): Illuminate/Session/DatabaseSessionHandler->read('ZMMPOH4Rmm9M7DV...')
#12 E:/Users/Josue/UDB/2026/DSS404/Laboratorio/Desafio 3/control_citas_medica/vendor/laravel/framework/src/Illuminate/Session/Store.php(116): Illuminate/Session/Store->readFromHandler()
#13 E:/Users/Josue/UDB/2026/DSS404/Laboratorio/Desafio 3/control_citas_medica/vendor/laravel/framework/src/Illuminate/Session/Store.php(100): Illuminate/Session/Store->loadSession()
#14 E:/Users/Josue/UDB/2026/DSS404/Laboratorio/Desafio 3/control_citas_medica/vendor/laravel/framework/src/Illuminate/Session/Middleware/StartSession.php(146): Illuminate/Session/Store->start()
#15 E:/Users/Josue/UDB/2026/DSS404/Laboratorio/Desafio 3/control_citas_medica/vendor/laravel/framework/src/Illuminate/Support/helpers.php(393): Illuminate/Session/Middleware/StartSession->Illuminate/Session/Middleware/{closure}(Object(Illuminate/Session/Store))
#16 E:/Users/Josue/UDB/2026/DSS404/Laboratorio/Desafio 3/control_citas_medica/vendor/laravel/framework/src/Illuminate/Session/Middleware/StartSession.php(143): tap(Object(Illuminate/Session/Store), Object(Closure))
#17 E:/Users/Josue/UDB/2026/DSS404/Laboratorio/Desafio 3/control_citas_medica/vendor/laravel/framework/src/Illuminate/Session/Middleware/StartSession.php(115): Illuminate/Session/Middleware/StartSession->startSession(Object(Illuminate/Http/Request), Object(Illuminate/Session/Store))
#18 E:/Users/Josue/UDB/2026/DSS404/Laboratorio/Desafio 3/control_citas_medica/vendor/laravel/framework/src/Illuminate/Session/Middleware/StartSession.php(63): Illuminate/Session/Middleware/StartSession->handleStatefulRequest(Object(Illuminate/Http/Request), Object(Illuminate/Session/Store), Object(Closure))
#19 E:/Users/Josue/UDB/2026/DSS404/Laboratorio/Desafio 3/control_citas_medica/vendor/laravel/framework/src/Illuminate/Pipeline/Pipeline.php(219): Illuminate/Session/Middleware/StartSession->handle(Object(Illuminate/Http/Request), Object(Closure))
#20 E:/Users/Josue/UDB/2026/DSS404/Laboratorio/Desafio 3/control_citas_medica/vendor/laravel/framework/src/Illuminate/Cookie/Middleware/AddQueuedCookiesToResponse.php(36): Illuminate/Pipeline/Pipeline->Illuminate/Pipeline/{closure}(Object(Illuminate/Http/Request))
#21 E:/Users/Josue/UDB/2026/DSS404/Laboratorio/Desafio 3/control_citas_medica/vendor/laravel/framework/src/Illuminate/Pipeline/Pipeline.php(219): Illuminate/Cookie/Middleware/AddQueuedCookiesToResponse->handle(Object(Illuminate/Http/Request), Object(Closure))
#22 E:/Users/Josue/UDB/2026/DSS404/Laboratorio/Desafio 3/control_citas_medica/vendor/laravel/framework/src/Illuminate/Cookie/Middleware/EncryptCookies.php(74): Illuminate/Pipeline/Pipeline->Illuminate/Pipeline/{closure}(Object(Illuminate/Http/Request))
#23 E:/Users/Josue/UDB/2026/DSS404/Laboratorio/Desafio 3/control_citas_medica/vendor/laravel/framework/src/Illuminate/Pipeline/Pipeline.php(219): Illuminate/Cookie/Middleware/EncryptCookies->handle(Object(Illuminate/Http/Request), Object(Closure))
#24 E:/Users/Josue/UDB/2026/DSS404/Laboratorio/Desafio 3/control_citas_medica/vendor/laravel/framework/src/Illuminate/Pipeline/Pipeline.php(137): Illuminate/Pipeline/Pipeline->Illuminate/Pipeline/{closure}(Object(Illuminate/Http/Request))
#25 E:/Users/Josue/UDB/2026/DSS404/Laboratorio/Desafio 3/control_citas_medica/vendor/laravel/framework/src/Illuminate/Routing/Router.php(821): Illuminate/Pipeline/Pipeline->then(Object(Closure))
#26 E:/Users/Josue/UDB/2026/DSS404/Laboratorio/Desafio 3/control_citas_medica/vendor/laravel/framework/src/Illuminate/Routing/Router.php(800): Illuminate/Routing/Router->runRouteWithinStack(Object(Illuminate/Routing/Route), Object(Illuminate/Http/Request))
#27 E:/Users/Josue/UDB/2026/DSS404/Laboratorio/Desafio 3/control_citas_medica/vendor/laravel/framework/src/Illuminate/Routing/Router.php(764): Illuminate/Routing/Router->runRoute(Object(Illuminate/Http/Request), Object(Illuminate/Routing/Route))
#28 E:/Users/Josue/UDB/2026/DSS404/Laboratorio/Desafio 3/control_citas_medica/vendor/laravel/framework/src/Illuminate/Routing/Router.php(753): Illuminate/Routing/Router->dispatchToRoute(Object(Illuminate/Http/Request))
#29 E:/Users/Josue/UDB/2026/DSS404/Laboratorio/Desafio 3/control_citas_medica/vendor/laravel/framework/src/Illuminate/Foundation/Http/Kernel.php(200): Illuminate/Routing/Router->dispatch(Object(Illuminate/Http/Request))
#30 E:/Users/Josue/UDB/2026/DSS404/Laboratorio/Desafio 3/control_citas_medica/vendor/laravel/framework/src/Illuminate/Pipeline/Pipeline.php(180): Illuminate/Foundation/Http/Kernel->Illuminate/Foundation/Http/{closure}(Object(Illuminate/Http/Request))
#31 E:/Users/Josue/UDB/2026/DSS404/Laboratorio/Desafio 3/control_citas_medica/vendor/laravel/framework/src/Illuminate/Foundation/Http/Middleware/TransformsRequest.php(21): Illuminate/Pipeline/Pipeline->Illuminate/Pipeline/{closure}(Object(Illuminate/Http/Request))
#32 E:/Users/Josue/UDB/2026/DSS404/Laboratorio/Desafio 3/control_citas_medica/vendor/laravel/framework/src/Illuminate/Foundation/Http/Middleware/ConvertEmptyStringsToNull.php(31): Illuminate/Foundation/Http/Middleware/TransformsRequest->handle(Object(Illuminate/Http/Request), Object(Closure))
#33 E:/Users/Josue/UDB/2026/DSS404/Laboratorio/Desafio 3/control_citas_medica/vendor/laravel/framework/src/Illuminate/Pipeline/Pipeline.php(219): Illuminate/Foundation/Http/Middleware/ConvertEmptyStringsToNull->handle(Object(Illuminate/Http/Request), Object(Closure))
#34 E:/Users/Josue/UDB/2026/DSS404/Laboratorio/Desafio 3/control_citas_medica/vendor/laravel/framework/src/Illuminate/Foundation/Http/Middleware/TransformsRequest.php(21): Illuminate/Pipeline/Pipeline->Illuminate/Pipeline/{closure}(Object(Illuminate/Http/Request))
#35 E:/Users/Josue/UDB/2026/DSS404/Laboratorio/Desafio 3/control_citas_medica/vendor/laravel/framework/src/Illuminate/Foundation/Http/Middleware/TrimStrings.php(51): Illuminate/Foundation/Http/Middleware/TransformsRequest->handle(Object(Illuminate/Http/Request), Object(Closure))
#36 E:/Users/Josue/UDB/2026/DSS404/Laboratorio/Desafio 3/control_citas_medica/vendor/laravel/framework/src/Illuminate/Pipeline/Pipeline.php(219): Illuminate/Foundation/Http/Middleware/TrimStrings->handle(Object(Illuminate/Http/Request), Object(Closure))
#37 E:/Users/Josue/UDB/2026/DSS404/Laboratorio/Desafio 3/control_citas_medica/vendor/laravel/framework/src/Illuminate/Http/Middleware/ValidatePostSize.php(27): Illuminate/Pipeline/Pipeline->Illuminate/Pipeline/{closure}(Object(Illuminate/Http/Request))
#38 E:/Users/Josue/UDB/2026/DSS404/Laboratorio/Desafio 3/control_citas_medica/vendor/laravel/framework/src/Illuminate/Pipeline/Pipeline.php(219): Illuminate/Http/Middleware/ValidatePostSize->handle(Object(Illuminate/Http/Request), Object(Closure))
#39 E:/Users/Josue/UDB/2026/DSS404/Laboratorio/Desafio 3/control_citas_medica/vendor/laravel/framework/src/Illuminate/Foundation/Http/Middleware/PreventRequestsDuringMaintenance.php(109): Illuminate/Pipeline/Pipeline->Illuminate/Pipeline/{closure}(Object(Illuminate/Http/Request))
#40 E:/Users/Josue/UDB/2026/DSS404/Laboratorio/Desafio 3/control_citas_medica/vendor/laravel/framework/src/Illuminate/Pipeline/Pipeline.php(219): Illuminate/Foundation/Http/Middleware/PreventRequestsDuringMaintenance->handle(Object(Illuminate/Http/Request), Object(Closure))
#41 E:/Users/Josue/UDB/2026/DSS404/Laboratorio/Desafio 3/control_citas_medica/vendor/laravel/framework/src/Illuminate/Http/Middleware/HandleCors.php(61): Illuminate/Pipeline/Pipeline->Illuminate/Pipeline/{closure}(Object(Illuminate/Http/Request))
#42 E:/Users/Josue/UDB/2026/DSS404/Laboratorio/Desafio 3/control_citas_medica/vendor/laravel/framework/src/Illuminate/Pipeline/Pipeline.php(219): Illuminate/Http/Middleware/HandleCors->handle(Object(Illuminate/Http/Request), Object(Closure))
#43 E:/Users/Josue/UDB/2026/DSS404/Laboratorio/Desafio 3/control_citas_medica/vendor/laravel/framework/src/Illuminate/Http/Middleware/TrustProxies.php(58): Illuminate/Pipeline/Pipeline->Illuminate/Pipeline/{closure}(Object(Illuminate/Http/Request))
#44 E:/Users/Josue/UDB/2026/DSS404/Laboratorio/Desafio 3/control_citas_medica/vendor/laravel/framework/src/Illuminate/Pipeline/Pipeline.php(219): Illuminate/Http/Middleware/TrustProxies->handle(Object(Illuminate/Http/Request), Object(Closure))
#45 E:/Users/Josue/UDB/2026/DSS404/Laboratorio/Desafio 3/control_citas_medica/vendor/laravel/framework/src/Illuminate/Foundation/Http/Middleware/InvokeDeferredCallbacks.php(22): Illuminate/Pipeline/Pipeline->Illuminate/Pipeline/{closure}(Object(Illuminate/Http/Request))
#46 E:/Users/Josue/UDB/2026/DSS404/Laboratorio/Desafio 3/control_citas_medica/vendor/laravel/framework/src/Illuminate/Pipeline/Pipeline.php(219): Illuminate/Foundation/Http/Middleware/InvokeDeferredCallbacks->handle(Object(Illuminate/Http/Request), Object(Closure))
#47 E:/Users/Josue/UDB/2026/DSS404/Laboratorio/Desafio 3/control_citas_medica/vendor/laravel/framework/src/Illuminate/Http/Middleware/ValidatePathEncoding.php(26): Illuminate/Pipeline/Pipeline->Illuminate/Pipeline/{closure}(Object(Illuminate/Http/Request))
#48 E:/Users/Josue/UDB/2026/DSS404/Laboratorio/Desafio 3/control_citas_medica/vendor/laravel/framework/src/Illuminate/Pipeline/Pipeline.php(219): Illuminate/Http/Middleware/ValidatePathEncoding->handle(Object(Illuminate/Http/Request), Object(Closure))
#49 E:/Users/Josue/UDB/2026/DSS404/Laboratorio/Desafio 3/control_citas_medica/vendor/laravel/framework/src/Illuminate/Pipeline/Pipeline.php(137): Illuminate/Pipeline/Pipeline->Illuminate/Pipeline/{closure}(Object(Illuminate/Http/Request))
#50 E:/Users/Josue/UDB/2026/DSS404/Laboratorio/Desafio 3/control_citas_medica/vendor/laravel/framework/src/Illuminate/Foundation/Http/Kernel.php(175): Illuminate/Pipeline/Pipeline->then(Object(Closure))
#51 E:/Users/Josue/UDB/2026/DSS404/Laboratorio/Desafio 3/control_citas_medica/vendor/laravel/framework/src/Illuminate/Foundation/Http/Kernel.php(144): Illuminate/Foundation/Http/Kernel->sendRequestThroughRouter(Object(Illuminate/Http/Request))
#52 E:/Users/Josue/UDB/2026/DSS404/Laboratorio/Desafio 3/control_citas_medica/vendor/laravel/framework/src/Illuminate/Foundation/Application.php(1220): Illuminate/Foundation/Http/Kernel->handle(Object(Illuminate/Http/Request))
#53 E:/Users/Josue/UDB/2026/DSS404/Laboratorio/Desafio 3/control_citas_medica/public/index.php(20): Illuminate/Foundation/Application->handleRequest(Object(Illuminate/Http/Request))
#54 E:/Users/Josue/UDB/2026/DSS404/Laboratorio/Desafio 3/control_citas_medica/vendor/laravel/framework/src/Illuminate/Foundation/resources/server.php(23): require_once('E://Users//Josue//...')
#55 {main}
"} 
[2026-05-23 01:02:29] local.ERROR: SQLSTATE[42S21]: Column already exists: 1060 Duplicate column name 'created_at' (Connection: mysql, Host: 127.0.0.1, Port: 3306, Database: control_citas_medicas, SQL: create table `appointments` (`id` bigint unsigned not null auto_increment primary key, `patient_id` bigint unsigned not null, `doctor_id` bigint unsigned not null, `speciality_id` bigint unsigned not null, `created_at` timestamp null, `updated_at` timestamp null, `appointment_date` date not null, `appointment_time` time not null, `symtoms` text null, `status` enum('pendiente', 'completada', 'cancelada') not null default 'pendiente', `created_at` timestamp null, `updated_at` timestamp null) default character set utf8mb4 collate 'utf8mb4_unicode_ci') {"exception":"[object] (Illuminate\\Database\\QueryException(code: 42S21): SQLSTATE[42S21]: Column already exists: 1060 Duplicate column name 'created_at' (Connection: mysql, Host: 127.0.0.1, Port: 3306, Database: control_citas_medicas, SQL: create table `appointments` (`id` bigint unsigned not null auto_increment primary key, `patient_id` bigint unsigned not null, `doctor_id` bigint unsigned not null, `speciality_id` bigint unsigned not null, `created_at` timestamp null, `updated_at` timestamp null, `appointment_date` date not null, `appointment_time` time not null, `symtoms` text null, `status` enum('pendiente', 'completada', 'cancelada') not null default 'pendiente', `created_at` timestamp null, `updated_at` timestamp null) default character set utf8mb4 collate 'utf8mb4_unicode_ci') at E:/Users/Josue/UDB/2026/DSS404/Laboratorio/Desafio 3/control_citas_medica/vendor/laravel/framework/src/Illuminate/Database/Connection.php:838)
[stacktrace]
#0 E:/Users/Josue/UDB/2026/DSS404/Laboratorio/Desafio 3/control_citas_medica/vendor/laravel/framework/src/Illuminate/Database/Connection.php(794): Illuminate/Database/Connection->runQueryCallback('create table `a...', Array, Object(Closure))
#1 E:/Users/Josue/UDB/2026/DSS404/Laboratorio/Desafio 3/control_citas_medica/vendor/laravel/framework/src/Illuminate/Database/Connection.php(573): Illuminate/Database/Connection->run('create table `a...', Array, Object(Closure))
#2 E:/Users/Josue/UDB/2026/DSS404/Laboratorio/Desafio 3/control_citas_medica/vendor/laravel/framework/src/Illuminate/Database/Schema/Blueprint.php(121): Illuminate/Database/Connection->statement('create table `a...')
#3 E:/Users/Josue/UDB/2026/DSS404/Laboratorio/Desafio 3/control_citas_medica/vendor/laravel/framework/src/Illuminate/Database/Schema/Builder.php(686): Illuminate/Database/Schema/Blueprint->build()
#4 E:/Users/Josue/UDB/2026/DSS404/Laboratorio/Desafio 3/control_citas_medica/vendor/laravel/framework/src/Illuminate/Database/Schema/Builder.php(506): Illuminate/Database/Schema/Builder->build(Object(Illuminate/Database/Schema/Blueprint))
#5 E:/Users/Josue/UDB/2026/DSS404/Laboratorio/Desafio 3/control_citas_medica/vendor/laravel/framework/src/Illuminate/Support/Facades/Facade.php(363): Illuminate/Database/Schema/Builder->create('appointments', Object(Closure))
#6 E:/Users/Josue/UDB/2026/DSS404/Laboratorio/Desafio 3/control_citas_medica/database/migrations/2026_05_23_003248_create_appointments_table.php(14): Illuminate/Support/Facades/Facade::__callStatic('create', Array)
#7 E:/Users/Josue/UDB/2026/DSS404/Laboratorio/Desafio 3/control_citas_medica/vendor/laravel/framework/src/Illuminate/Database/Migrations/Migrator.php(517): Illuminate/Database/Migrations/Migration@anonymous->up()
#8 E:/Users/Josue/UDB/2026/DSS404/Laboratorio/Desafio 3/control_citas_medica/vendor/laravel/framework/src/Illuminate/Database/Migrations/Migrator.php(442): Illuminate/Database/Migrations/Migrator->runMethod(Object(Illuminate/Database/MySqlConnection), Object(Illuminate/Database/Migrations/Migration@anonymous), 'up')
#9 E:/Users/Josue/UDB/2026/DSS404/Laboratorio/Desafio 3/control_citas_medica/vendor/laravel/framework/src/Illuminate/Database/Migrations/Migrator.php(451): Illuminate/Database/Migrations/Migrator->Illuminate/Database/Migrations/{closure}()
#10 E:/Users/Josue/UDB/2026/DSS404/Laboratorio/Desafio 3/control_citas_medica/vendor/laravel/framework/src/Illuminate/Database/Migrations/Migrator.php(253): Illuminate/Database/Migrations/Migrator->runMigration(Object(Illuminate/Database/Migrations/Migration@anonymous), 'up')
#11 E:/Users/Josue/UDB/2026/DSS404/Laboratorio/Desafio 3/control_citas_medica/vendor/laravel/framework/src/Illuminate/Console/View/Components/Task.php(41): Illuminate/Database/Migrations/Migrator->Illuminate/Database/Migrations/{closure}()
#12 E:/Users/Josue/UDB/2026/DSS404/Laboratorio/Desafio 3/control_citas_medica/vendor/laravel/framework/src/Illuminate/Database/Migrations/Migrator.php(814): Illuminate/Console/View/Components/Task->render('2026_05_23_0032...', Object(Closure))
#13 E:/Users/Josue/UDB/2026/DSS404/Laboratorio/Desafio 3/control_citas_medica/vendor/laravel/framework/src/Illuminate/Database/Migrations/Migrator.php(253): Illuminate/Database/Migrations/Migrator->write('Illuminate//Cons...', '2026_05_23_0032...', Object(Closure))
#14 E:/Users/Josue/UDB/2026/DSS404/Laboratorio/Desafio 3/control_citas_medica/vendor/laravel/framework/src/Illuminate/Database/Migrations/Migrator.php(211): Illuminate/Database/Migrations/Migrator->runUp('E://Users//Josue//...', 1, false)
#15 E:/Users/Josue/UDB/2026/DSS404/Laboratorio/Desafio 3/control_citas_medica/vendor/laravel/framework/src/Illuminate/Database/Migrations/Migrator.php(138): Illuminate/Database/Migrations/Migrator->runPending(Array, Array)
#16 E:/Users/Josue/UDB/2026/DSS404/Laboratorio/Desafio 3/control_citas_medica/vendor/laravel/framework/src/Illuminate/Database/Console/Migrations/MigrateCommand.php(116): Illuminate/Database/Migrations/Migrator->run(Array, Array)
#17 E:/Users/Josue/UDB/2026/DSS404/Laboratorio/Desafio 3/control_citas_medica/vendor/laravel/framework/src/Illuminate/Database/Migrations/Migrator.php(671): Illuminate/Database/Console/Migrations/MigrateCommand->Illuminate/Database/Console/Migrations/{closure}()
#18 E:/Users/Josue/UDB/2026/DSS404/Laboratorio/Desafio 3/control_citas_medica/vendor/laravel/framework/src/Illuminate/Database/Console/Migrations/MigrateCommand.php(109): Illuminate/Database/Migrations/Migrator->usingConnection(NULL, Object(Closure))
#19 E:/Users/Josue/UDB/2026/DSS404/Laboratorio/Desafio 3/control_citas_medica/vendor/laravel/framework/src/Illuminate/Database/Console/Migrations/MigrateCommand.php(88): Illuminate/Database/Console/Migrations/MigrateCommand->runMigrations()
#20 E:/Users/Josue/UDB/2026/DSS404/Laboratorio/Desafio 3/control_citas_medica/vendor/laravel/framework/src/Illuminate/Container/BoundMethod.php(36): Illuminate/Database/Console/Migrations/MigrateCommand->handle()
#21 E:/Users/Josue/UDB/2026/DSS404/Laboratorio/Desafio 3/control_citas_medica/vendor/laravel/framework/src/Illuminate/Container/Util.php(43): Illuminate/Container/BoundMethod::Illuminate/Container/{closure}()
#22 E:/Users/Josue/UDB/2026/DSS404/Laboratorio/Desafio 3/control_citas_medica/vendor/laravel/framework/src/Illuminate/Container/BoundMethod.php(96): Illuminate/Container/Util::unwrapIfClosure(Object(Closure))
#23 E:/Users/Josue/UDB/2026/DSS404/Laboratorio/Desafio 3/control_citas_medica/vendor/laravel/framework/src/Illuminate/Container/BoundMethod.php(35): Illuminate/Container/BoundMethod::callBoundMethod(Object(Illuminate/Foundation/Application), Array, Object(Closure))
#24 E:/Users/Josue/UDB/2026/DSS404/Laboratorio/Desafio 3/control_citas_medica/vendor/laravel/framework/src/Illuminate/Container/Container.php(799): Illuminate/Container/BoundMethod::call(Object(Illuminate/Foundation/Application), Array, Array, NULL)
#25 E:/Users/Josue/UDB/2026/DSS404/Laboratorio/Desafio 3/control_citas_medica/vendor/laravel/framework/src/Illuminate/Console/Command.php(211): Illuminate/Container/Container->call(Array)
#26 E:/Users/Josue/UDB/2026/DSS404/Laboratorio/Desafio 3/control_citas_medica/vendor/symfony/console/Command/Command.php(341): Illuminate/Console/Command->execute(Object(Symfony/Component/Console/Input/ArgvInput), Object(Illuminate/Console/OutputStyle))
#27 E:/Users/Josue/UDB/2026/DSS404/Laboratorio/Desafio 3/control_citas_medica/vendor/laravel/framework/src/Illuminate/Console/Command.php(180): Symfony/Component/Console/Command/Command->run(Object(Symfony/Component/Console/Input/ArgvInput), Object(Illuminate/Console/OutputStyle))
#28 E:/Users/Josue/UDB/2026/DSS404/Laboratorio/Desafio 3/control_citas_medica/vendor/symfony/console/Application.php(1117): Illuminate/Console/Command->run(Object(Symfony/Component/Console/Input/ArgvInput), Object(Symfony/Component/Console/Output/ConsoleOutput))
#29 E:/Users/Josue/UDB/2026/DSS404/Laboratorio/Desafio 3/control_citas_medica/vendor/symfony/console/Application.php(356): Symfony/Component/Console/Application->doRunCommand(Object(Illuminate/Database/Console/Migrations/MigrateCommand), Object(Symfony/Component/Console/Input/ArgvInput), Object(Symfony/Component/Console/Output/ConsoleOutput))
#30 E:/Users/Josue/UDB/2026/DSS404/Laboratorio/Desafio 3/control_citas_medica/vendor/symfony/console/Application.php(195): Symfony/Component/Console/Application->doRun(Object(Symfony/Component/Console/Input/ArgvInput), Object(Symfony/Component/Console/Output/ConsoleOutput))
#31 E:/Users/Josue/UDB/2026/DSS404/Laboratorio/Desafio 3/control_citas_medica/vendor/laravel/framework/src/Illuminate/Foundation/Console/Kernel.php(198): Symfony/Component/Console/Application->run(Object(Symfony/Component/Console/Input/ArgvInput), Object(Symfony/Component/Console/Output/ConsoleOutput))
#32 E:/Users/Josue/UDB/2026/DSS404/Laboratorio/Desafio 3/control_citas_medica/vendor/laravel/framework/src/Illuminate/Foundation/Application.php(1235): Illuminate/Foundation/Console/Kernel->handle(Object(Symfony/Component/Console/Input/ArgvInput), Object(Symfony/Component/Console/Output/ConsoleOutput))
#33 E:/Users/Josue/UDB/2026/DSS404/Laboratorio/Desafio 3/control_citas_medica/artisan(16): Illuminate/Foundation/Application->handleCommand(Object(Symfony/Component/Console/Input/ArgvInput))
#34 {main}

[previous exception] [object] (PDOException(code: 42S21): SQLSTATE[42S21]: Column already exists: 1060 Duplicate column name 'created_at' at E:/Users/Josue/UDB/2026/DSS404/Laboratorio/Desafio 3/control_citas_medica/vendor/laravel/framework/src/Illuminate/Database/Connection.php:584)
[stacktrace]
#0 E:/Users/Josue/UDB/2026/DSS404/Laboratorio/Desafio 3/control_citas_medica/vendor/laravel/framework/src/Illuminate/Database/Connection.php(584): PDOStatement->execute()
#1 E:/Users/Josue/UDB/2026/DSS404/Laboratorio/Desafio 3/control_citas_medica/vendor/laravel/framework/src/Illuminate/Database/Connection.php(827): Illuminate/Database/Connection->Illuminate/Database/{closure}('create table `a...', Array)
#2 E:/Users/Josue/UDB/2026/DSS404/Laboratorio/Desafio 3/control_citas_medica/vendor/laravel/framework/src/Illuminate/Database/Connection.php(794): Illuminate/Database/Connection->runQueryCallback('create table `a...', Array, Object(Closure))
#3 E:/Users/Josue/UDB/2026/DSS404/Laboratorio/Desafio 3/control_citas_medica/vendor/laravel/framework/src/Illuminate/Database/Connection.php(573): Illuminate/Database/Connection->run('create table `a...', Array, Object(Closure))
#4 E:/Users/Josue/UDB/2026/DSS404/Laboratorio/Desafio 3/control_citas_medica/vendor/laravel/framework/src/Illuminate/Database/Schema/Blueprint.php(121): Illuminate/Database/Connection->statement('create table `a...')
#5 E:/Users/Josue/UDB/2026/DSS404/Laboratorio/Desafio 3/control_citas_medica/vendor/laravel/framework/src/Illuminate/Database/Schema/Builder.php(686): Illuminate/Database/Schema/Blueprint->build()
#6 E:/Users/Josue/UDB/2026/DSS404/Laboratorio/Desafio 3/control_citas_medica/vendor/laravel/framework/src/Illuminate/Database/Schema/Builder.php(506): Illuminate/Database/Schema/Builder->build(Object(Illuminate/Database/Schema/Blueprint))
#7 E:/Users/Josue/UDB/2026/DSS404/Laboratorio/Desafio 3/control_citas_medica/vendor/laravel/framework/src/Illuminate/Support/Facades/Facade.php(363): Illuminate/Database/Schema/Builder->create('appointments', Object(Closure))
#8 E:/Users/Josue/UDB/2026/DSS404/Laboratorio/Desafio 3/control_citas_medica/database/migrations/2026_05_23_003248_create_appointments_table.php(14): Illuminate/Support/Facades/Facade::__callStatic('create', Array)
#9 E:/Users/Josue/UDB/2026/DSS404/Laboratorio/Desafio 3/control_citas_medica/vendor/laravel/framework/src/Illuminate/Database/Migrations/Migrator.php(517): Illuminate/Database/Migrations/Migration@anonymous->up()
#10 E:/Users/Josue/UDB/2026/DSS404/Laboratorio/Desafio 3/control_citas_medica/vendor/laravel/framework/src/Illuminate/Database/Migrations/Migrator.php(442): Illuminate/Database/Migrations/Migrator->runMethod(Object(Illuminate/Database/MySqlConnection), Object(Illuminate/Database/Migrations/Migration@anonymous), 'up')
#11 E:/Users/Josue/UDB/2026/DSS404/Laboratorio/Desafio 3/control_citas_medica/vendor/laravel/framework/src/Illuminate/Database/Migrations/Migrator.php(451): Illuminate/Database/Migrations/Migrator->Illuminate/Database/Migrations/{closure}()
#12 E:/Users/Josue/UDB/2026/DSS404/Laboratorio/Desafio 3/control_citas_medica/vendor/laravel/framework/src/Illuminate/Database/Migrations/Migrator.php(253): Illuminate/Database/Migrations/Migrator->runMigration(Object(Illuminate/Database/Migrations/Migration@anonymous), 'up')
#13 E:/Users/Josue/UDB/2026/DSS404/Laboratorio/Desafio 3/control_citas_medica/vendor/laravel/framework/src/Illuminate/Console/View/Components/Task.php(41): Illuminate/Database/Migrations/Migrator->Illuminate/Database/Migrations/{closure}()
#14 E:/Users/Josue/UDB/2026/DSS404/Laboratorio/Desafio 3/control_citas_medica/vendor/laravel/framework/src/Illuminate/Database/Migrations/Migrator.php(814): Illuminate/Console/View/Components/Task->render('2026_05_23_0032...', Object(Closure))
#15 E:/Users/Josue/UDB/2026/DSS404/Laboratorio/Desafio 3/control_citas_medica/vendor/laravel/framework/src/Illuminate/Database/Migrations/Migrator.php(253): Illuminate/Database/Migrations/Migrator->write('Illuminate//Cons...', '2026_05_23_0032...', Object(Closure))
#16 E:/Users/Josue/UDB/2026/DSS404/Laboratorio/Desafio 3/control_citas_medica/vendor/laravel/framework/src/Illuminate/Database/Migrations/Migrator.php(211): Illuminate/Database/Migrations/Migrator->runUp('E://Users//Josue//...', 1, false)
#17 E:/Users/Josue/UDB/2026/DSS404/Laboratorio/Desafio 3/control_citas_medica/vendor/laravel/framework/src/Illuminate/Database/Migrations/Migrator.php(138): Illuminate/Database/Migrations/Migrator->runPending(Array, Array)
#18 E:/Users/Josue/UDB/2026/DSS404/Laboratorio/Desafio 3/control_citas_medica/vendor/laravel/framework/src/Illuminate/Database/Console/Migrations/MigrateCommand.php(116): Illuminate/Database/Migrations/Migrator->run(Array, Array)
#19 E:/Users/Josue/UDB/2026/DSS404/Laboratorio/Desafio 3/control_citas_medica/vendor/laravel/framework/src/Illuminate/Database/Migrations/Migrator.php(671): Illuminate/Database/Console/Migrations/MigrateCommand->Illuminate/Database/Console/Migrations/{closure}()
#20 E:/Users/Josue/UDB/2026/DSS404/Laboratorio/Desafio 3/control_citas_medica/vendor/laravel/framework/src/Illuminate/Database/Console/Migrations/MigrateCommand.php(109): Illuminate/Database/Migrations/Migrator->usingConnection(NULL, Object(Closure))
#21 E:/Users/Josue/UDB/2026/DSS404/Laboratorio/Desafio 3/control_citas_medica/vendor/laravel/framework/src/Illuminate/Database/Console/Migrations/MigrateCommand.php(88): Illuminate/Database/Console/Migrations/MigrateCommand->runMigrations()
#22 E:/Users/Josue/UDB/2026/DSS404/Laboratorio/Desafio 3/control_citas_medica/vendor/laravel/framework/src/Illuminate/Container/BoundMethod.php(36): Illuminate/Database/Console/Migrations/MigrateCommand->handle()
#23 E:/Users/Josue/UDB/2026/DSS404/Laboratorio/Desafio 3/control_citas_medica/vendor/laravel/framework/src/Illuminate/Container/Util.php(43): Illuminate/Container/BoundMethod::Illuminate/Container/{closure}()
#24 E:/Users/Josue/UDB/2026/DSS404/Laboratorio/Desafio 3/control_citas_medica/vendor/laravel/framework/src/Illuminate/Container/BoundMethod.php(96): Illuminate/Container/Util::unwrapIfClosure(Object(Closure))
#25 E:/Users/Josue/UDB/2026/DSS404/Laboratorio/Desafio 3/control_citas_medica/vendor/laravel/framework/src/Illuminate/Container/BoundMethod.php(35): Illuminate/Container/BoundMethod::callBoundMethod(Object(Illuminate/Foundation/Application), Array, Object(Closure))
#26 E:/Users/Josue/UDB/2026/DSS404/Laboratorio/Desafio 3/control_citas_medica/vendor/laravel/framework/src/Illuminate/Container/Container.php(799): Illuminate/Container/BoundMethod::call(Object(Illuminate/Foundation/Application), Array, Array, NULL)
#27 E:/Users/Josue/UDB/2026/DSS404/Laboratorio/Desafio 3/control_citas_medica/vendor/laravel/framework/src/Illuminate/Console/Command.php(211): Illuminate/Container/Container->call(Array)
#28 E:/Users/Josue/UDB/2026/DSS404/Laboratorio/Desafio 3/control_citas_medica/vendor/symfony/console/Command/Command.php(341): Illuminate/Console/Command->execute(Object(Symfony/Component/Console/Input/ArgvInput), Object(Illuminate/Console/OutputStyle))
#29 E:/Users/Josue/UDB/2026/DSS404/Laboratorio/Desafio 3/control_citas_medica/vendor/laravel/framework/src/Illuminate/Console/Command.php(180): Symfony/Component/Console/Command/Command->run(Object(Symfony/Component/Console/Input/ArgvInput), Object(Illuminate/Console/OutputStyle))
#30 E:/Users/Josue/UDB/2026/DSS404/Laboratorio/Desafio 3/control_citas_medica/vendor/symfony/console/Application.php(1117): Illuminate/Console/Command->run(Object(Symfony/Component/Console/Input/ArgvInput), Object(Symfony/Component/Console/Output/ConsoleOutput))
#31 E:/Users/Josue/UDB/2026/DSS404/Laboratorio/Desafio 3/control_citas_medica/vendor/symfony/console/Application.php(356): Symfony/Component/Console/Application->doRunCommand(Object(Illuminate/Database/Console/Migrations/MigrateCommand), Object(Symfony/Component/Console/Input/ArgvInput), Object(Symfony/Component/Console/Output/ConsoleOutput))
#32 E:/Users/Josue/UDB/2026/DSS404/Laboratorio/Desafio 3/control_citas_medica/vendor/symfony/console/Application.php(195): Symfony/Component/Console/Application->doRun(Object(Symfony/Component/Console/Input/ArgvInput), Object(Symfony/Component/Console/Output/ConsoleOutput))
#33 E:/Users/Josue/UDB/2026/DSS404/Laboratorio/Desafio 3/control_citas_medica/vendor/laravel/framework/src/Illuminate/Foundation/Console/Kernel.php(198): Symfony/Component/Console/Application->run(Object(Symfony/Component/Console/Input/ArgvInput), Object(Symfony/Component/Console/Output/ConsoleOutput))
#34 E:/Users/Josue/UDB/2026/DSS404/Laboratorio/Desafio 3/control_citas_medica/vendor/laravel/framework/src/Illuminate/Foundation/Application.php(1235): Illuminate/Foundation/Console/Kernel->handle(Object(Symfony/Component/Console/Input/ArgvInput), Object(Symfony/Component/Console/Output/ConsoleOutput))
#35 E:/Users/Josue/UDB/2026/DSS404/Laboratorio/Desafio 3/control_citas_medica/artisan(16): Illuminate/Foundation/Application->handleCommand(Object(Symfony/Component/Console/Input/ArgvInput))
#36 {main}
"} 
[2026-05-23 01:07:52] local.ERROR: SQLSTATE[HY000]: General error: 1005 Can't create table `control_citas_medicas`.`appointments` (errno: 150 "Foreign key constraint is incorrectly formed") (Connection: mysql, Host: 127.0.0.1, Port: 3306, Database: control_citas_medicas, SQL: alter table `appointments` add constraint `appointments_specialty_id_foreign` foreign key (`specialty_id`) references `specialties` (`id`) on delete cascade) {"exception":"[object] (Illuminate\\Database\\QueryException(code: HY000): SQLSTATE[HY000]: General error: 1005 Can't create table `control_citas_medicas`.`appointments` (errno: 150 \"Foreign key constraint is incorrectly formed\") (Connection: mysql, Host: 127.0.0.1, Port: 3306, Database: control_citas_medicas, SQL: alter table `appointments` add constraint `appointments_specialty_id_foreign` foreign key (`specialty_id`) references `specialties` (`id`) on delete cascade) at E:/Users/Josue/UDB/2026/DSS404/Laboratorio/Desafio 3/control_citas_medica/vendor/laravel/framework/src/Illuminate/Database/Connection.php:838)
[stacktrace]
#0 E:/Users/Josue/UDB/2026/DSS404/Laboratorio/Desafio 3/control_citas_medica/vendor/laravel/framework/src/Illuminate/Database/Connection.php(794): Illuminate/Database/Connection->runQueryCallback('alter table `ap...', Array, Object(Closure))
#1 E:/Users/Josue/UDB/2026/DSS404/Laboratorio/Desafio 3/control_citas_medica/vendor/laravel/framework/src/Illuminate/Database/Connection.php(573): Illuminate/Database/Connection->run('alter table `ap...', Array, Object(Closure))
#2 E:/Users/Josue/UDB/2026/DSS404/Laboratorio/Desafio 3/control_citas_medica/vendor/laravel/framework/src/Illuminate/Database/Schema/Blueprint.php(121): Illuminate/Database/Connection->statement('alter table `ap...')
#3 E:/Users/Josue/UDB/2026/DSS404/Laboratorio/Desafio 3/control_citas_medica/vendor/laravel/framework/src/Illuminate/Database/Schema/Builder.php(686): Illuminate/Database/Schema/Blueprint->build()
#4 E:/Users/Josue/UDB/2026/DSS404/Laboratorio/Desafio 3/control_citas_medica/vendor/laravel/framework/src/Illuminate/Database/Schema/Builder.php(506): Illuminate/Database/Schema/Builder->build(Object(Illuminate/Database/Schema/Blueprint))
#5 E:/Users/Josue/UDB/2026/DSS404/Laboratorio/Desafio 3/control_citas_medica/vendor/laravel/framework/src/Illuminate/Support/Facades/Facade.php(363): Illuminate/Database/Schema/Builder->create('appointments', Object(Closure))
#6 E:/Users/Josue/UDB/2026/DSS404/Laboratorio/Desafio 3/control_citas_medica/database/migrations/2026_05_23_003248_create_appointments_table.php(14): Illuminate/Support/Facades/Facade::__callStatic('create', Array)
#7 E:/Users/Josue/UDB/2026/DSS404/Laboratorio/Desafio 3/control_citas_medica/vendor/laravel/framework/src/Illuminate/Database/Migrations/Migrator.php(517): Illuminate/Database/Migrations/Migration@anonymous->up()
#8 E:/Users/Josue/UDB/2026/DSS404/Laboratorio/Desafio 3/control_citas_medica/vendor/laravel/framework/src/Illuminate/Database/Migrations/Migrator.php(442): Illuminate/Database/Migrations/Migrator->runMethod(Object(Illuminate/Database/MySqlConnection), Object(Illuminate/Database/Migrations/Migration@anonymous), 'up')
#9 E:/Users/Josue/UDB/2026/DSS404/Laboratorio/Desafio 3/control_citas_medica/vendor/laravel/framework/src/Illuminate/Database/Migrations/Migrator.php(451): Illuminate/Database/Migrations/Migrator->Illuminate/Database/Migrations/{closure}()
#10 E:/Users/Josue/UDB/2026/DSS404/Laboratorio/Desafio 3/control_citas_medica/vendor/laravel/framework/src/Illuminate/Database/Migrations/Migrator.php(253): Illuminate/Database/Migrations/Migrator->runMigration(Object(Illuminate/Database/Migrations/Migration@anonymous), 'up')
#11 E:/Users/Josue/UDB/2026/DSS404/Laboratorio/Desafio 3/control_citas_medica/vendor/laravel/framework/src/Illuminate/Console/View/Components/Task.php(41): Illuminate/Database/Migrations/Migrator->Illuminate/Database/Migrations/{closure}()
#12 E:/Users/Josue/UDB/2026/DSS404/Laboratorio/Desafio 3/control_citas_medica/vendor/laravel/framework/src/Illuminate/Database/Migrations/Migrator.php(814): Illuminate/Console/View/Components/Task->render('2026_05_23_0032...', Object(Closure))
#13 E:/Users/Josue/UDB/2026/DSS404/Laboratorio/Desafio 3/control_citas_medica/vendor/laravel/framework/src/Illuminate/Database/Migrations/Migrator.php(253): Illuminate/Database/Migrations/Migrator->write('Illuminate//Cons...', '2026_05_23_0032...', Object(Closure))
#14 E:/Users/Josue/UDB/2026/DSS404/Laboratorio/Desafio 3/control_citas_medica/vendor/laravel/framework/src/Illuminate/Database/Migrations/Migrator.php(211): Illuminate/Database/Migrations/Migrator->runUp('E://Users//Josue//...', 1, false)
#15 E:/Users/Josue/UDB/2026/DSS404/Laboratorio/Desafio 3/control_citas_medica/vendor/laravel/framework/src/Illuminate/Database/Migrations/Migrator.php(138): Illuminate/Database/Migrations/Migrator->runPending(Array, Array)
#16 E:/Users/Josue/UDB/2026/DSS404/Laboratorio/Desafio 3/control_citas_medica/vendor/laravel/framework/src/Illuminate/Database/Console/Migrations/MigrateCommand.php(116): Illuminate/Database/Migrations/Migrator->run(Array, Array)
#17 E:/Users/Josue/UDB/2026/DSS404/Laboratorio/Desafio 3/control_citas_medica/vendor/laravel/framework/src/Illuminate/Database/Migrations/Migrator.php(671): Illuminate/Database/Console/Migrations/MigrateCommand->Illuminate/Database/Console/Migrations/{closure}()
#18 E:/Users/Josue/UDB/2026/DSS404/Laboratorio/Desafio 3/control_citas_medica/vendor/laravel/framework/src/Illuminate/Database/Console/Migrations/MigrateCommand.php(109): Illuminate/Database/Migrations/Migrator->usingConnection(NULL, Object(Closure))
#19 E:/Users/Josue/UDB/2026/DSS404/Laboratorio/Desafio 3/control_citas_medica/vendor/laravel/framework/src/Illuminate/Database/Console/Migrations/MigrateCommand.php(88): Illuminate/Database/Console/Migrations/MigrateCommand->runMigrations()
#20 E:/Users/Josue/UDB/2026/DSS404/Laboratorio/Desafio 3/control_citas_medica/vendor/laravel/framework/src/Illuminate/Container/BoundMethod.php(36): Illuminate/Database/Console/Migrations/MigrateCommand->handle()
#21 E:/Users/Josue/UDB/2026/DSS404/Laboratorio/Desafio 3/control_citas_medica/vendor/laravel/framework/src/Illuminate/Container/Util.php(43): Illuminate/Container/BoundMethod::Illuminate/Container/{closure}()
#22 E:/Users/Josue/UDB/2026/DSS404/Laboratorio/Desafio 3/control_citas_medica/vendor/laravel/framework/src/Illuminate/Container/BoundMethod.php(96): Illuminate/Container/Util::unwrapIfClosure(Object(Closure))
#23 E:/Users/Josue/UDB/2026/DSS404/Laboratorio/Desafio 3/control_citas_medica/vendor/laravel/framework/src/Illuminate/Container/BoundMethod.php(35): Illuminate/Container/BoundMethod::callBoundMethod(Object(Illuminate/Foundation/Application), Array, Object(Closure))
#24 E:/Users/Josue/UDB/2026/DSS404/Laboratorio/Desafio 3/control_citas_medica/vendor/laravel/framework/src/Illuminate/Container/Container.php(799): Illuminate/Container/BoundMethod::call(Object(Illuminate/Foundation/Application), Array, Array, NULL)
#25 E:/Users/Josue/UDB/2026/DSS404/Laboratorio/Desafio 3/control_citas_medica/vendor/laravel/framework/src/Illuminate/Console/Command.php(211): Illuminate/Container/Container->call(Array)
#26 E:/Users/Josue/UDB/2026/DSS404/Laboratorio/Desafio 3/control_citas_medica/vendor/symfony/console/Command/Command.php(341): Illuminate/Console/Command->execute(Object(Symfony/Component/Console/Input/ArgvInput), Object(Illuminate/Console/OutputStyle))
#27 E:/Users/Josue/UDB/2026/DSS404/Laboratorio/Desafio 3/control_citas_medica/vendor/laravel/framework/src/Illuminate/Console/Command.php(180): Symfony/Component/Console/Command/Command->run(Object(Symfony/Component/Console/Input/ArgvInput), Object(Illuminate/Console/OutputStyle))
#28 E:/Users/Josue/UDB/2026/DSS404/Laboratorio/Desafio 3/control_citas_medica/vendor/symfony/console/Application.php(1117): Illuminate/Console/Command->run(Object(Symfony/Component/Console/Input/ArgvInput), Object(Symfony/Component/Console/Output/ConsoleOutput))
#29 E:/Users/Josue/UDB/2026/DSS404/Laboratorio/Desafio 3/control_citas_medica/vendor/symfony/console/Application.php(356): Symfony/Component/Console/Application->doRunCommand(Object(Illuminate/Database/Console/Migrations/MigrateCommand), Object(Symfony/Component/Console/Input/ArgvInput), Object(Symfony/Component/Console/Output/ConsoleOutput))
#30 E:/Users/Josue/UDB/2026/DSS404/Laboratorio/Desafio 3/control_citas_medica/vendor/symfony/console/Application.php(195): Symfony/Component/Console/Application->doRun(Object(Symfony/Component/Console/Input/ArgvInput), Object(Symfony/Component/Console/Output/ConsoleOutput))
#31 E:/Users/Josue/UDB/2026/DSS404/Laboratorio/Desafio 3/control_citas_medica/vendor/laravel/framework/src/Illuminate/Foundation/Console/Kernel.php(198): Symfony/Component/Console/Application->run(Object(Symfony/Component/Console/Input/ArgvInput), Object(Symfony/Component/Console/Output/ConsoleOutput))
#32 E:/Users/Josue/UDB/2026/DSS404/Laboratorio/Desafio 3/control_citas_medica/vendor/laravel/framework/src/Illuminate/Foundation/Application.php(1235): Illuminate/Foundation/Console/Kernel->handle(Object(Symfony/Component/Console/Input/ArgvInput), Object(Symfony/Component/Console/Output/ConsoleOutput))
#33 E:/Users/Josue/UDB/2026/DSS404/Laboratorio/Desafio 3/control_citas_medica/artisan(16): Illuminate/Foundation/Application->handleCommand(Object(Symfony/Component/Console/Input/ArgvInput))
#34 {main}

[previous exception] [object] (PDOException(code: HY000): SQLSTATE[HY000]: General error: 1005 Can't create table `control_citas_medicas`.`appointments` (errno: 150 \"Foreign key constraint is incorrectly formed\") at E:/Users/Josue/UDB/2026/DSS404/Laboratorio/Desafio 3/control_citas_medica/vendor/laravel/framework/src/Illuminate/Database/Connection.php:584)
[stacktrace]
#0 E:/Users/Josue/UDB/2026/DSS404/Laboratorio/Desafio 3/control_citas_medica/vendor/laravel/framework/src/Illuminate/Database/Connection.php(584): PDOStatement->execute()
#1 E:/Users/Josue/UDB/2026/DSS404/Laboratorio/Desafio 3/control_citas_medica/vendor/laravel/framework/src/Illuminate/Database/Connection.php(827): Illuminate/Database/Connection->Illuminate/Database/{closure}('alter table `ap...', Array)
#2 E:/Users/Josue/UDB/2026/DSS404/Laboratorio/Desafio 3/control_citas_medica/vendor/laravel/framework/src/Illuminate/Database/Connection.php(794): Illuminate/Database/Connection->runQueryCallback('alter table `ap...', Array, Object(Closure))
#3 E:/Users/Josue/UDB/2026/DSS404/Laboratorio/Desafio 3/control_citas_medica/vendor/laravel/framework/src/Illuminate/Database/Connection.php(573): Illuminate/Database/Connection->run('alter table `ap...', Array, Object(Closure))
#4 E:/Users/Josue/UDB/2026/DSS404/Laboratorio/Desafio 3/control_citas_medica/vendor/laravel/framework/src/Illuminate/Database/Schema/Blueprint.php(121): Illuminate/Database/Connection->statement('alter table `ap...')
#5 E:/Users/Josue/UDB/2026/DSS404/Laboratorio/Desafio 3/control_citas_medica/vendor/laravel/framework/src/Illuminate/Database/Schema/Builder.php(686): Illuminate/Database/Schema/Blueprint->build()
#6 E:/Users/Josue/UDB/2026/DSS404/Laboratorio/Desafio 3/control_citas_medica/vendor/laravel/framework/src/Illuminate/Database/Schema/Builder.php(506): Illuminate/Database/Schema/Builder->build(Object(Illuminate/Database/Schema/Blueprint))
#7 E:/Users/Josue/UDB/2026/DSS404/Laboratorio/Desafio 3/control_citas_medica/vendor/laravel/framework/src/Illuminate/Support/Facades/Facade.php(363): Illuminate/Database/Schema/Builder->create('appointments', Object(Closure))
#8 E:/Users/Josue/UDB/2026/DSS404/Laboratorio/Desafio 3/control_citas_medica/database/migrations/2026_05_23_003248_create_appointments_table.php(14): Illuminate/Support/Facades/Facade::__callStatic('create', Array)
#9 E:/Users/Josue/UDB/2026/DSS404/Laboratorio/Desafio 3/control_citas_medica/vendor/laravel/framework/src/Illuminate/Database/Migrations/Migrator.php(517): Illuminate/Database/Migrations/Migration@anonymous->up()
#10 E:/Users/Josue/UDB/2026/DSS404/Laboratorio/Desafio 3/control_citas_medica/vendor/laravel/framework/src/Illuminate/Database/Migrations/Migrator.php(442): Illuminate/Database/Migrations/Migrator->runMethod(Object(Illuminate/Database/MySqlConnection), Object(Illuminate/Database/Migrations/Migration@anonymous), 'up')
#11 E:/Users/Josue/UDB/2026/DSS404/Laboratorio/Desafio 3/control_citas_medica/vendor/laravel/framework/src/Illuminate/Database/Migrations/Migrator.php(451): Illuminate/Database/Migrations/Migrator->Illuminate/Database/Migrations/{closure}()
#12 E:/Users/Josue/UDB/2026/DSS404/Laboratorio/Desafio 3/control_citas_medica/vendor/laravel/framework/src/Illuminate/Database/Migrations/Migrator.php(253): Illuminate/Database/Migrations/Migrator->runMigration(Object(Illuminate/Database/Migrations/Migration@anonymous), 'up')
#13 E:/Users/Josue/UDB/2026/DSS404/Laboratorio/Desafio 3/control_citas_medica/vendor/laravel/framework/src/Illuminate/Console/View/Components/Task.php(41): Illuminate/Database/Migrations/Migrator->Illuminate/Database/Migrations/{closure}()
#14 E:/Users/Josue/UDB/2026/DSS404/Laboratorio/Desafio 3/control_citas_medica/vendor/laravel/framework/src/Illuminate/Database/Migrations/Migrator.php(814): Illuminate/Console/View/Components/Task->render('2026_05_23_0032...', Object(Closure))
#15 E:/Users/Josue/UDB/2026/DSS404/Laboratorio/Desafio 3/control_citas_medica/vendor/laravel/framework/src/Illuminate/Database/Migrations/Migrator.php(253): Illuminate/Database/Migrations/Migrator->write('Illuminate//Cons...', '2026_05_23_0032...', Object(Closure))
#16 E:/Users/Josue/UDB/2026/DSS404/Laboratorio/Desafio 3/control_citas_medica/vendor/laravel/framework/src/Illuminate/Database/Migrations/Migrator.php(211): Illuminate/Database/Migrations/Migrator->runUp('E://Users//Josue//...', 1, false)
#17 E:/Users/Josue/UDB/2026/DSS404/Laboratorio/Desafio 3/control_citas_medica/vendor/laravel/framework/src/Illuminate/Database/Migrations/Migrator.php(138): Illuminate/Database/Migrations/Migrator->runPending(Array, Array)
#18 E:/Users/Josue/UDB/2026/DSS404/Laboratorio/Desafio 3/control_citas_medica/vendor/laravel/framework/src/Illuminate/Database/Console/Migrations/MigrateCommand.php(116): Illuminate/Database/Migrations/Migrator->run(Array, Array)
#19 E:/Users/Josue/UDB/2026/DSS404/Laboratorio/Desafio 3/control_citas_medica/vendor/laravel/framework/src/Illuminate/Database/Migrations/Migrator.php(671): Illuminate/Database/Console/Migrations/MigrateCommand->Illuminate/Database/Console/Migrations/{closure}()
#20 E:/Users/Josue/UDB/2026/DSS404/Laboratorio/Desafio 3/control_citas_medica/vendor/laravel/framework/src/Illuminate/Database/Console/Migrations/MigrateCommand.php(109): Illuminate/Database/Migrations/Migrator->usingConnection(NULL, Object(Closure))
#21 E:/Users/Josue/UDB/2026/DSS404/Laboratorio/Desafio 3/control_citas_medica/vendor/laravel/framework/src/Illuminate/Database/Console/Migrations/MigrateCommand.php(88): Illuminate/Database/Console/Migrations/MigrateCommand->runMigrations()
#22 E:/Users/Josue/UDB/2026/DSS404/Laboratorio/Desafio 3/control_citas_medica/vendor/laravel/framework/src/Illuminate/Container/BoundMethod.php(36): Illuminate/Database/Console/Migrations/MigrateCommand->handle()
#23 E:/Users/Josue/UDB/2026/DSS404/Laboratorio/Desafio 3/control_citas_medica/vendor/laravel/framework/src/Illuminate/Container/Util.php(43): Illuminate/Container/BoundMethod::Illuminate/Container/{closure}()
#24 E:/Users/Josue/UDB/2026/DSS404/Laboratorio/Desafio 3/control_citas_medica/vendor/laravel/framework/src/Illuminate/Container/BoundMethod.php(96): Illuminate/Container/Util::unwrapIfClosure(Object(Closure))
#25 E:/Users/Josue/UDB/2026/DSS404/Laboratorio/Desafio 3/control_citas_medica/vendor/laravel/framework/src/Illuminate/Container/BoundMethod.php(35): Illuminate/Container/BoundMethod::callBoundMethod(Object(Illuminate/Foundation/Application), Array, Object(Closure))
#26 E:/Users/Josue/UDB/2026/DSS404/Laboratorio/Desafio 3/control_citas_medica/vendor/laravel/framework/src/Illuminate/Container/Container.php(799): Illuminate/Container/BoundMethod::call(Object(Illuminate/Foundation/Application), Array, Array, NULL)
#27 E:/Users/Josue/UDB/2026/DSS404/Laboratorio/Desafio 3/control_citas_medica/vendor/laravel/framework/src/Illuminate/Console/Command.php(211): Illuminate/Container/Container->call(Array)
#28 E:/Users/Josue/UDB/2026/DSS404/Laboratorio/Desafio 3/control_citas_medica/vendor/symfony/console/Command/Command.php(341): Illuminate/Console/Command->execute(Object(Symfony/Component/Console/Input/ArgvInput), Object(Illuminate/Console/OutputStyle))
#29 E:/Users/Josue/UDB/2026/DSS404/Laboratorio/Desafio 3/control_citas_medica/vendor/laravel/framework/src/Illuminate/Console/Command.php(180): Symfony/Component/Console/Command/Command->run(Object(Symfony/Component/Console/Input/ArgvInput), Object(Illuminate/Console/OutputStyle))
#30 E:/Users/Josue/UDB/2026/DSS404/Laboratorio/Desafio 3/control_citas_medica/vendor/symfony/console/Application.php(1117): Illuminate/Console/Command->run(Object(Symfony/Component/Console/Input/ArgvInput), Object(Symfony/Component/Console/Output/ConsoleOutput))
#31 E:/Users/Josue/UDB/2026/DSS404/Laboratorio/Desafio 3/control_citas_medica/vendor/symfony/console/Application.php(356): Symfony/Component/Console/Application->doRunCommand(Object(Illuminate/Database/Console/Migrations/MigrateCommand), Object(Symfony/Component/Console/Input/ArgvInput), Object(Symfony/Component/Console/Output/ConsoleOutput))
#32 E:/Users/Josue/UDB/2026/DSS404/Laboratorio/Desafio 3/control_citas_medica/vendor/symfony/console/Application.php(195): Symfony/Component/Console/Application->doRun(Object(Symfony/Component/Console/Input/ArgvInput), Object(Symfony/Component/Console/Output/ConsoleOutput))
#33 E:/Users/Josue/UDB/2026/DSS404/Laboratorio/Desafio 3/control_citas_medica/vendor/laravel/framework/src/Illuminate/Foundation/Console/Kernel.php(198): Symfony/Component/Console/Application->run(Object(Symfony/Component/Console/Input/ArgvInput), Object(Symfony/Component/Console/Output/ConsoleOutput))
#34 E:/Users/Josue/UDB/2026/DSS404/Laboratorio/Desafio 3/control_citas_medica/vendor/laravel/framework/src/Illuminate/Foundation/Application.php(1235): Illuminate/Foundation/Console/Kernel->handle(Object(Symfony/Component/Console/Input/ArgvInput), Object(Symfony/Component/Console/Output/ConsoleOutput))
#35 E:/Users/Josue/UDB/2026/DSS404/Laboratorio/Desafio 3/control_citas_medica/artisan(16): Illuminate/Foundation/Application->handleCommand(Object(Symfony/Component/Console/Input/ArgvInput))
#36 {main}
"} 
[2026-05-23 01:08:07] local.ERROR: SQLSTATE[23000]: Integrity constraint violation: 1451 Cannot delete or update a parent row: a foreign key constraint fails (Connection: mysql, Host: 127.0.0.1, Port: 3306, Database: control_citas_medicas, SQL: drop table if exists `users`) {"exception":"[object] (Illuminate\\Database\\QueryException(code: 23000): SQLSTATE[23000]: Integrity constraint violation: 1451 Cannot delete or update a parent row: a foreign key constraint fails (Connection: mysql, Host: 127.0.0.1, Port: 3306, Database: control_citas_medicas, SQL: drop table if exists `users`) at E:/Users/Josue/UDB/2026/DSS404/Laboratorio/Desafio 3/control_citas_medica/vendor/laravel/framework/src/Illuminate/Database/Connection.php:838)
[stacktrace]
#0 E:/Users/Josue/UDB/2026/DSS404/Laboratorio/Desafio 3/control_citas_medica/vendor/laravel/framework/src/Illuminate/Database/Connection.php(794): Illuminate/Database/Connection->runQueryCallback('drop table if e...', Array, Object(Closure))
#1 E:/Users/Josue/UDB/2026/DSS404/Laboratorio/Desafio 3/control_citas_medica/vendor/laravel/framework/src/Illuminate/Database/Connection.php(573): Illuminate/Database/Connection->run('drop table if e...', Array, Object(Closure))
#2 E:/Users/Josue/UDB/2026/DSS404/Laboratorio/Desafio 3/control_citas_medica/vendor/laravel/framework/src/Illuminate/Database/Schema/Blueprint.php(121): Illuminate/Database/Connection->statement('drop table if e...')
#3 E:/Users/Josue/UDB/2026/DSS404/Laboratorio/Desafio 3/control_citas_medica/vendor/laravel/framework/src/Illuminate/Database/Schema/Builder.php(686): Illuminate/Database/Schema/Blueprint->build()
#4 E:/Users/Josue/UDB/2026/DSS404/Laboratorio/Desafio 3/control_citas_medica/vendor/laravel/framework/src/Illuminate/Database/Schema/Builder.php(534): Illuminate/Database/Schema/Builder->build(Object(Illuminate/Database/Schema/Blueprint))
#5 E:/Users/Josue/UDB/2026/DSS404/Laboratorio/Desafio 3/control_citas_medica/vendor/laravel/framework/src/Illuminate/Support/Facades/Facade.php(363): Illuminate/Database/Schema/Builder->dropIfExists('users')
#6 E:/Users/Josue/UDB/2026/DSS404/Laboratorio/Desafio 3/control_citas_medica/database/migrations/0001_01_01_000000_create_users_table.php(46): Illuminate/Support/Facades/Facade::__callStatic('dropIfExists', Array)
#7 E:/Users/Josue/UDB/2026/DSS404/Laboratorio/Desafio 3/control_citas_medica/vendor/laravel/framework/src/Illuminate/Database/Migrations/Migrator.php(517): Illuminate/Database/Migrations/Migration@anonymous->down()
#8 E:/Users/Josue/UDB/2026/DSS404/Laboratorio/Desafio 3/control_citas_medica/vendor/laravel/framework/src/Illuminate/Database/Migrations/Migrator.php(442): Illuminate/Database/Migrations/Migrator->runMethod(Object(Illuminate/Database/MySqlConnection), Object(Illuminate/Database/Migrations/Migration@anonymous), 'down')
#9 E:/Users/Josue/UDB/2026/DSS404/Laboratorio/Desafio 3/control_citas_medica/vendor/laravel/framework/src/Illuminate/Database/Migrations/Migrator.php(451): Illuminate/Database/Migrations/Migrator->Illuminate/Database/Migrations/{closure}()
#10 E:/Users/Josue/UDB/2026/DSS404/Laboratorio/Desafio 3/control_citas_medica/vendor/laravel/framework/src/Illuminate/Database/Migrations/Migrator.php(417): Illuminate/Database/Migrations/Migrator->runMigration(Object(Illuminate/Database/Migrations/Migration@anonymous), 'down')
#11 E:/Users/Josue/UDB/2026/DSS404/Laboratorio/Desafio 3/control_citas_medica/vendor/laravel/framework/src/Illuminate/Console/View/Components/Task.php(41): Illuminate/Database/Migrations/Migrator->Illuminate/Database/Migrations/{closure}()
#12 E:/Users/Josue/UDB/2026/DSS404/Laboratorio/Desafio 3/control_citas_medica/vendor/laravel/framework/src/Illuminate/Database/Migrations/Migrator.php(814): Illuminate/Console/View/Components/Task->render('0001_01_01_0000...', Object(Closure))
#13 E:/Users/Josue/UDB/2026/DSS404/Laboratorio/Desafio 3/control_citas_medica/vendor/laravel/framework/src/Illuminate/Database/Migrations/Migrator.php(417): Illuminate/Database/Migrations/Migrator->write('Illuminate//Cons...', '0001_01_01_0000...', Object(Closure))
#14 E:/Users/Josue/UDB/2026/DSS404/Laboratorio/Desafio 3/control_citas_medica/vendor/laravel/framework/src/Illuminate/Database/Migrations/Migrator.php(340): Illuminate/Database/Migrations/Migrator->runDown('E://Users//Josue//...', Object(stdClass), false)
#15 E:/Users/Josue/UDB/2026/DSS404/Laboratorio/Desafio 3/control_citas_medica/vendor/laravel/framework/src/Illuminate/Database/Migrations/Migrator.php(284): Illuminate/Database/Migrations/Migrator->rollbackMigrations(Array, Array, Array)
#16 E:/Users/Josue/UDB/2026/DSS404/Laboratorio/Desafio 3/control_citas_medica/vendor/laravel/framework/src/Illuminate/Database/Console/Migrations/RollbackCommand.php(63): Illuminate/Database/Migrations/Migrator->rollback(Array, Array)
#17 E:/Users/Josue/UDB/2026/DSS404/Laboratorio/Desafio 3/control_citas_medica/vendor/laravel/framework/src/Illuminate/Database/Migrations/Migrator.php(671): Illuminate/Database/Console/Migrations/RollbackCommand->Illuminate/Database/Console/Migrations/{closure}()
#18 E:/Users/Josue/UDB/2026/DSS404/Laboratorio/Desafio 3/control_citas_medica/vendor/laravel/framework/src/Illuminate/Database/Console/Migrations/RollbackCommand.php(62): Illuminate/Database/Migrations/Migrator->usingConnection(NULL, Object(Closure))
#19 E:/Users/Josue/UDB/2026/DSS404/Laboratorio/Desafio 3/control_citas_medica/vendor/laravel/framework/src/Illuminate/Container/BoundMethod.php(36): Illuminate/Database/Console/Migrations/RollbackCommand->handle()
#20 E:/Users/Josue/UDB/2026/DSS404/Laboratorio/Desafio 3/control_citas_medica/vendor/laravel/framework/src/Illuminate/Container/Util.php(43): Illuminate/Container/BoundMethod::Illuminate/Container/{closure}()
#21 E:/Users/Josue/UDB/2026/DSS404/Laboratorio/Desafio 3/control_citas_medica/vendor/laravel/framework/src/Illuminate/Container/BoundMethod.php(96): Illuminate/Container/Util::unwrapIfClosure(Object(Closure))
#22 E:/Users/Josue/UDB/2026/DSS404/Laboratorio/Desafio 3/control_citas_medica/vendor/laravel/framework/src/Illuminate/Container/BoundMethod.php(35): Illuminate/Container/BoundMethod::callBoundMethod(Object(Illuminate/Foundation/Application), Array, Object(Closure))
#23 E:/Users/Josue/UDB/2026/DSS404/Laboratorio/Desafio 3/control_citas_medica/vendor/laravel/framework/src/Illuminate/Container/Container.php(799): Illuminate/Container/BoundMethod::call(Object(Illuminate/Foundation/Application), Array, Array, NULL)
#24 E:/Users/Josue/UDB/2026/DSS404/Laboratorio/Desafio 3/control_citas_medica/vendor/laravel/framework/src/Illuminate/Console/Command.php(211): Illuminate/Container/Container->call(Array)
#25 E:/Users/Josue/UDB/2026/DSS404/Laboratorio/Desafio 3/control_citas_medica/vendor/symfony/console/Command/Command.php(341): Illuminate/Console/Command->execute(Object(Symfony/Component/Console/Input/ArgvInput), Object(Illuminate/Console/OutputStyle))
#26 E:/Users/Josue/UDB/2026/DSS404/Laboratorio/Desafio 3/control_citas_medica/vendor/laravel/framework/src/Illuminate/Console/Command.php(180): Symfony/Component/Console/Command/Command->run(Object(Symfony/Component/Console/Input/ArgvInput), Object(Illuminate/Console/OutputStyle))
#27 E:/Users/Josue/UDB/2026/DSS404/Laboratorio/Desafio 3/control_citas_medica/vendor/symfony/console/Application.php(1117): Illuminate/Console/Command->run(Object(Symfony/Component/Console/Input/ArgvInput), Object(Symfony/Component/Console/Output/ConsoleOutput))
#28 E:/Users/Josue/UDB/2026/DSS404/Laboratorio/Desafio 3/control_citas_medica/vendor/symfony/console/Application.php(356): Symfony/Component/Console/Application->doRunCommand(Object(Illuminate/Database/Console/Migrations/RollbackCommand), Object(Symfony/Component/Console/Input/ArgvInput), Object(Symfony/Component/Console/Output/ConsoleOutput))
#29 E:/Users/Josue/UDB/2026/DSS404/Laboratorio/Desafio 3/control_citas_medica/vendor/symfony/console/Application.php(195): Symfony/Component/Console/Application->doRun(Object(Symfony/Component/Console/Input/ArgvInput), Object(Symfony/Component/Console/Output/ConsoleOutput))
#30 E:/Users/Josue/UDB/2026/DSS404/Laboratorio/Desafio 3/control_citas_medica/vendor/laravel/framework/src/Illuminate/Foundation/Console/Kernel.php(198): Symfony/Component/Console/Application->run(Object(Symfony/Component/Console/Input/ArgvInput), Object(Symfony/Component/Console/Output/ConsoleOutput))
#31 E:/Users/Josue/UDB/2026/DSS404/Laboratorio/Desafio 3/control_citas_medica/vendor/laravel/framework/src/Illuminate/Foundation/Application.php(1235): Illuminate/Foundation/Console/Kernel->handle(Object(Symfony/Component/Console/Input/ArgvInput), Object(Symfony/Component/Console/Output/ConsoleOutput))
#32 E:/Users/Josue/UDB/2026/DSS404/Laboratorio/Desafio 3/control_citas_medica/artisan(16): Illuminate/Foundation/Application->handleCommand(Object(Symfony/Component/Console/Input/ArgvInput))
#33 {main}

[previous exception] [object] (PDOException(code: 23000): SQLSTATE[23000]: Integrity constraint violation: 1451 Cannot delete or update a parent row: a foreign key constraint fails at E:/Users/Josue/UDB/2026/DSS404/Laboratorio/Desafio 3/control_citas_medica/vendor/laravel/framework/src/Illuminate/Database/Connection.php:584)
[stacktrace]
#0 E:/Users/Josue/UDB/2026/DSS404/Laboratorio/Desafio 3/control_citas_medica/vendor/laravel/framework/src/Illuminate/Database/Connection.php(584): PDOStatement->execute()
#1 E:/Users/Josue/UDB/2026/DSS404/Laboratorio/Desafio 3/control_citas_medica/vendor/laravel/framework/src/Illuminate/Database/Connection.php(827): Illuminate/Database/Connection->Illuminate/Database/{closure}('drop table if e...', Array)
#2 E:/Users/Josue/UDB/2026/DSS404/Laboratorio/Desafio 3/control_citas_medica/vendor/laravel/framework/src/Illuminate/Database/Connection.php(794): Illuminate/Database/Connection->runQueryCallback('drop table if e...', Array, Object(Closure))
#3 E:/Users/Josue/UDB/2026/DSS404/Laboratorio/Desafio 3/control_citas_medica/vendor/laravel/framework/src/Illuminate/Database/Connection.php(573): Illuminate/Database/Connection->run('drop table if e...', Array, Object(Closure))
#4 E:/Users/Josue/UDB/2026/DSS404/Laboratorio/Desafio 3/control_citas_medica/vendor/laravel/framework/src/Illuminate/Database/Schema/Blueprint.php(121): Illuminate/Database/Connection->statement('drop table if e...')
#5 E:/Users/Josue/UDB/2026/DSS404/Laboratorio/Desafio 3/control_citas_medica/vendor/laravel/framework/src/Illuminate/Database/Schema/Builder.php(686): Illuminate/Database/Schema/Blueprint->build()
#6 E:/Users/Josue/UDB/2026/DSS404/Laboratorio/Desafio 3/control_citas_medica/vendor/laravel/framework/src/Illuminate/Database/Schema/Builder.php(534): Illuminate/Database/Schema/Builder->build(Object(Illuminate/Database/Schema/Blueprint))
#7 E:/Users/Josue/UDB/2026/DSS404/Laboratorio/Desafio 3/control_citas_medica/vendor/laravel/framework/src/Illuminate/Support/Facades/Facade.php(363): Illuminate/Database/Schema/Builder->dropIfExists('users')
#8 E:/Users/Josue/UDB/2026/DSS404/Laboratorio/Desafio 3/control_citas_medica/database/migrations/0001_01_01_000000_create_users_table.php(46): Illuminate/Support/Facades/Facade::__callStatic('dropIfExists', Array)
#9 E:/Users/Josue/UDB/2026/DSS404/Laboratorio/Desafio 3/control_citas_medica/vendor/laravel/framework/src/Illuminate/Database/Migrations/Migrator.php(517): Illuminate/Database/Migrations/Migration@anonymous->down()
#10 E:/Users/Josue/UDB/2026/DSS404/Laboratorio/Desafio 3/control_citas_medica/vendor/laravel/framework/src/Illuminate/Database/Migrations/Migrator.php(442): Illuminate/Database/Migrations/Migrator->runMethod(Object(Illuminate/Database/MySqlConnection), Object(Illuminate/Database/Migrations/Migration@anonymous), 'down')
#11 E:/Users/Josue/UDB/2026/DSS404/Laboratorio/Desafio 3/control_citas_medica/vendor/laravel/framework/src/Illuminate/Database/Migrations/Migrator.php(451): Illuminate/Database/Migrations/Migrator->Illuminate/Database/Migrations/{closure}()
#12 E:/Users/Josue/UDB/2026/DSS404/Laboratorio/Desafio 3/control_citas_medica/vendor/laravel/framework/src/Illuminate/Database/Migrations/Migrator.php(417): Illuminate/Database/Migrations/Migrator->runMigration(Object(Illuminate/Database/Migrations/Migration@anonymous), 'down')
#13 E:/Users/Josue/UDB/2026/DSS404/Laboratorio/Desafio 3/control_citas_medica/vendor/laravel/framework/src/Illuminate/Console/View/Components/Task.php(41): Illuminate/Database/Migrations/Migrator->Illuminate/Database/Migrations/{closure}()
#14 E:/Users/Josue/UDB/2026/DSS404/Laboratorio/Desafio 3/control_citas_medica/vendor/laravel/framework/src/Illuminate/Database/Migrations/Migrator.php(814): Illuminate/Console/View/Components/Task->render('0001_01_01_0000...', Object(Closure))
#15 E:/Users/Josue/UDB/2026/DSS404/Laboratorio/Desafio 3/control_citas_medica/vendor/laravel/framework/src/Illuminate/Database/Migrations/Migrator.php(417): Illuminate/Database/Migrations/Migrator->write('Illuminate//Cons...', '0001_01_01_0000...', Object(Closure))
#16 E:/Users/Josue/UDB/2026/DSS404/Laboratorio/Desafio 3/control_citas_medica/vendor/laravel/framework/src/Illuminate/Database/Migrations/Migrator.php(340): Illuminate/Database/Migrations/Migrator->runDown('E://Users//Josue//...', Object(stdClass), false)
#17 E:/Users/Josue/UDB/2026/DSS404/Laboratorio/Desafio 3/control_citas_medica/vendor/laravel/framework/src/Illuminate/Database/Migrations/Migrator.php(284): Illuminate/Database/Migrations/Migrator->rollbackMigrations(Array, Array, Array)
#18 E:/Users/Josue/UDB/2026/DSS404/Laboratorio/Desafio 3/control_citas_medica/vendor/laravel/framework/src/Illuminate/Database/Console/Migrations/RollbackCommand.php(63): Illuminate/Database/Migrations/Migrator->rollback(Array, Array)
#19 E:/Users/Josue/UDB/2026/DSS404/Laboratorio/Desafio 3/control_citas_medica/vendor/laravel/framework/src/Illuminate/Database/Migrations/Migrator.php(671): Illuminate/Database/Console/Migrations/RollbackCommand->Illuminate/Database/Console/Migrations/{closure}()
#20 E:/Users/Josue/UDB/2026/DSS404/Laboratorio/Desafio 3/control_citas_medica/vendor/laravel/framework/src/Illuminate/Database/Console/Migrations/RollbackCommand.php(62): Illuminate/Database/Migrations/Migrator->usingConnection(NULL, Object(Closure))
#21 E:/Users/Josue/UDB/2026/DSS404/Laboratorio/Desafio 3/control_citas_medica/vendor/laravel/framework/src/Illuminate/Container/BoundMethod.php(36): Illuminate/Database/Console/Migrations/RollbackCommand->handle()
#22 E:/Users/Josue/UDB/2026/DSS404/Laboratorio/Desafio 3/control_citas_medica/vendor/laravel/framework/src/Illuminate/Container/Util.php(43): Illuminate/Container/BoundMethod::Illuminate/Container/{closure}()
#23 E:/Users/Josue/UDB/2026/DSS404/Laboratorio/Desafio 3/control_citas_medica/vendor/laravel/framework/src/Illuminate/Container/BoundMethod.php(96): Illuminate/Container/Util::unwrapIfClosure(Object(Closure))
#24 E:/Users/Josue/UDB/2026/DSS404/Laboratorio/Desafio 3/control_citas_medica/vendor/laravel/framework/src/Illuminate/Container/BoundMethod.php(35): Illuminate/Container/BoundMethod::callBoundMethod(Object(Illuminate/Foundation/Application), Array, Object(Closure))
#25 E:/Users/Josue/UDB/2026/DSS404/Laboratorio/Desafio 3/control_citas_medica/vendor/laravel/framework/src/Illuminate/Container/Container.php(799): Illuminate/Container/BoundMethod::call(Object(Illuminate/Foundation/Application), Array, Array, NULL)
#26 E:/Users/Josue/UDB/2026/DSS404/Laboratorio/Desafio 3/control_citas_medica/vendor/laravel/framework/src/Illuminate/Console/Command.php(211): Illuminate/Container/Container->call(Array)
#27 E:/Users/Josue/UDB/2026/DSS404/Laboratorio/Desafio 3/control_citas_medica/vendor/symfony/console/Command/Command.php(341): Illuminate/Console/Command->execute(Object(Symfony/Component/Console/Input/ArgvInput), Object(Illuminate/Console/OutputStyle))
#28 E:/Users/Josue/UDB/2026/DSS404/Laboratorio/Desafio 3/control_citas_medica/vendor/laravel/framework/src/Illuminate/Console/Command.php(180): Symfony/Component/Console/Command/Command->run(Object(Symfony/Component/Console/Input/ArgvInput), Object(Illuminate/Console/OutputStyle))
#29 E:/Users/Josue/UDB/2026/DSS404/Laboratorio/Desafio 3/control_citas_medica/vendor/symfony/console/Application.php(1117): Illuminate/Console/Command->run(Object(Symfony/Component/Console/Input/ArgvInput), Object(Symfony/Component/Console/Output/ConsoleOutput))
#30 E:/Users/Josue/UDB/2026/DSS404/Laboratorio/Desafio 3/control_citas_medica/vendor/symfony/console/Application.php(356): Symfony/Component/Console/Application->doRunCommand(Object(Illuminate/Database/Console/Migrations/RollbackCommand), Object(Symfony/Component/Console/Input/ArgvInput), Object(Symfony/Component/Console/Output/ConsoleOutput))
#31 E:/Users/Josue/UDB/2026/DSS404/Laboratorio/Desafio 3/control_citas_medica/vendor/symfony/console/Application.php(195): Symfony/Component/Console/Application->doRun(Object(Symfony/Component/Console/Input/ArgvInput), Object(Symfony/Component/Console/Output/ConsoleOutput))
#32 E:/Users/Josue/UDB/2026/DSS404/Laboratorio/Desafio 3/control_citas_medica/vendor/laravel/framework/src/Illuminate/Foundation/Console/Kernel.php(198): Symfony/Component/Console/Application->run(Object(Symfony/Component/Console/Input/ArgvInput), Object(Symfony/Component/Console/Output/ConsoleOutput))
#33 E:/Users/Josue/UDB/2026/DSS404/Laboratorio/Desafio 3/control_citas_medica/vendor/laravel/framework/src/Illuminate/Foundation/Application.php(1235): Illuminate/Foundation/Console/Kernel->handle(Object(Symfony/Component/Console/Input/ArgvInput), Object(Symfony/Component/Console/Output/ConsoleOutput))
#34 E:/Users/Josue/UDB/2026/DSS404/Laboratorio/Desafio 3/control_citas_medica/artisan(16): Illuminate/Foundation/Application->handleCommand(Object(Symfony/Component/Console/Input/ArgvInput))
#35 {main}
"} 
[2026-05-23 05:45:56] local.ERROR: SQLSTATE[42S01]: Base table or view already exists: 1050 Table 'appointments' already exists (Connection: mysql, Host: 127.0.0.1, Port: 3306, Database: control_citas_medicas, SQL: create table `appointments` (`id` bigint unsigned not null auto_increment primary key, `patient_id` bigint unsigned not null, `doctor_id` bigint unsigned not null, `specialty_id` bigint unsigned not null, `appointment_date` date not null, `appointment_time` time not null, `symptoms` text null, `status` enum('pendiente', 'completada', 'cancelada') not null default 'pendiente', `created_at` timestamp null, `updated_at` timestamp null) default character set utf8mb4 collate 'utf8mb4_unicode_ci') {"exception":"[object] (Illuminate\\Database\\QueryException(code: 42S01): SQLSTATE[42S01]: Base table or view already exists: 1050 Table 'appointments' already exists (Connection: mysql, Host: 127.0.0.1, Port: 3306, Database: control_citas_medicas, SQL: create table `appointments` (`id` bigint unsigned not null auto_increment primary key, `patient_id` bigint unsigned not null, `doctor_id` bigint unsigned not null, `specialty_id` bigint unsigned not null, `appointment_date` date not null, `appointment_time` time not null, `symptoms` text null, `status` enum('pendiente', 'completada', 'cancelada') not null default 'pendiente', `created_at` timestamp null, `updated_at` timestamp null) default character set utf8mb4 collate 'utf8mb4_unicode_ci') at E:/Users/Josue/UDB/2026/DSS404/Laboratorio/Desafio 3/control_citas_medica/vendor/laravel/framework/src/Illuminate/Database/Connection.php:838)
[stacktrace]
#0 E:/Users/Josue/UDB/2026/DSS404/Laboratorio/Desafio 3/control_citas_medica/vendor/laravel/framework/src/Illuminate/Database/Connection.php(794): Illuminate/Database/Connection->runQueryCallback('create table `a...', Array, Object(Closure))
#1 E:/Users/Josue/UDB/2026/DSS404/Laboratorio/Desafio 3/control_citas_medica/vendor/laravel/framework/src/Illuminate/Database/Connection.php(573): Illuminate/Database/Connection->run('create table `a...', Array, Object(Closure))
#2 E:/Users/Josue/UDB/2026/DSS404/Laboratorio/Desafio 3/control_citas_medica/vendor/laravel/framework/src/Illuminate/Database/Schema/Blueprint.php(121): Illuminate/Database/Connection->statement('create table `a...')
#3 E:/Users/Josue/UDB/2026/DSS404/Laboratorio/Desafio 3/control_citas_medica/vendor/laravel/framework/src/Illuminate/Database/Schema/Builder.php(686): Illuminate/Database/Schema/Blueprint->build()
#4 E:/Users/Josue/UDB/2026/DSS404/Laboratorio/Desafio 3/control_citas_medica/vendor/laravel/framework/src/Illuminate/Database/Schema/Builder.php(506): Illuminate/Database/Schema/Builder->build(Object(Illuminate/Database/Schema/Blueprint))
#5 E:/Users/Josue/UDB/2026/DSS404/Laboratorio/Desafio 3/control_citas_medica/vendor/laravel/framework/src/Illuminate/Support/Facades/Facade.php(363): Illuminate/Database/Schema/Builder->create('appointments', Object(Closure))
#6 E:/Users/Josue/UDB/2026/DSS404/Laboratorio/Desafio 3/control_citas_medica/database/migrations/2026_05_23_003248_create_appointments_table.php(14): Illuminate/Support/Facades/Facade::__callStatic('create', Array)
#7 E:/Users/Josue/UDB/2026/DSS404/Laboratorio/Desafio 3/control_citas_medica/vendor/laravel/framework/src/Illuminate/Database/Migrations/Migrator.php(517): Illuminate/Database/Migrations/Migration@anonymous->up()
#8 E:/Users/Josue/UDB/2026/DSS404/Laboratorio/Desafio 3/control_citas_medica/vendor/laravel/framework/src/Illuminate/Database/Migrations/Migrator.php(442): Illuminate/Database/Migrations/Migrator->runMethod(Object(Illuminate/Database/MySqlConnection), Object(Illuminate/Database/Migrations/Migration@anonymous), 'up')
#9 E:/Users/Josue/UDB/2026/DSS404/Laboratorio/Desafio 3/control_citas_medica/vendor/laravel/framework/src/Illuminate/Database/Migrations/Migrator.php(451): Illuminate/Database/Migrations/Migrator->Illuminate/Database/Migrations/{closure}()
#10 E:/Users/Josue/UDB/2026/DSS404/Laboratorio/Desafio 3/control_citas_medica/vendor/laravel/framework/src/Illuminate/Database/Migrations/Migrator.php(253): Illuminate/Database/Migrations/Migrator->runMigration(Object(Illuminate/Database/Migrations/Migration@anonymous), 'up')
#11 E:/Users/Josue/UDB/2026/DSS404/Laboratorio/Desafio 3/control_citas_medica/vendor/laravel/framework/src/Illuminate/Console/View/Components/Task.php(41): Illuminate/Database/Migrations/Migrator->Illuminate/Database/Migrations/{closure}()
#12 E:/Users/Josue/UDB/2026/DSS404/Laboratorio/Desafio 3/control_citas_medica/vendor/laravel/framework/src/Illuminate/Database/Migrations/Migrator.php(814): Illuminate/Console/View/Components/Task->render('2026_05_23_0032...', Object(Closure))
#13 E:/Users/Josue/UDB/2026/DSS404/Laboratorio/Desafio 3/control_citas_medica/vendor/laravel/framework/src/Illuminate/Database/Migrations/Migrator.php(253): Illuminate/Database/Migrations/Migrator->write('Illuminate//Cons...', '2026_05_23_0032...', Object(Closure))
#14 E:/Users/Josue/UDB/2026/DSS404/Laboratorio/Desafio 3/control_citas_medica/vendor/laravel/framework/src/Illuminate/Database/Migrations/Migrator.php(211): Illuminate/Database/Migrations/Migrator->runUp('E://Users//Josue//...', 2, false)
#15 E:/Users/Josue/UDB/2026/DSS404/Laboratorio/Desafio 3/control_citas_medica/vendor/laravel/framework/src/Illuminate/Database/Migrations/Migrator.php(138): Illuminate/Database/Migrations/Migrator->runPending(Array, Array)
#16 E:/Users/Josue/UDB/2026/DSS404/Laboratorio/Desafio 3/control_citas_medica/vendor/laravel/framework/src/Illuminate/Database/Console/Migrations/MigrateCommand.php(116): Illuminate/Database/Migrations/Migrator->run(Array, Array)
#17 E:/Users/Josue/UDB/2026/DSS404/Laboratorio/Desafio 3/control_citas_medica/vendor/laravel/framework/src/Illuminate/Database/Migrations/Migrator.php(671): Illuminate/Database/Console/Migrations/MigrateCommand->Illuminate/Database/Console/Migrations/{closure}()
#18 E:/Users/Josue/UDB/2026/DSS404/Laboratorio/Desafio 3/control_citas_medica/vendor/laravel/framework/src/Illuminate/Database/Console/Migrations/MigrateCommand.php(109): Illuminate/Database/Migrations/Migrator->usingConnection(NULL, Object(Closure))
#19 E:/Users/Josue/UDB/2026/DSS404/Laboratorio/Desafio 3/control_citas_medica/vendor/laravel/framework/src/Illuminate/Database/Console/Migrations/MigrateCommand.php(88): Illuminate/Database/Console/Migrations/MigrateCommand->runMigrations()
#20 E:/Users/Josue/UDB/2026/DSS404/Laboratorio/Desafio 3/control_citas_medica/vendor/laravel/framework/src/Illuminate/Container/BoundMethod.php(36): Illuminate/Database/Console/Migrations/MigrateCommand->handle()
#21 E:/Users/Josue/UDB/2026/DSS404/Laboratorio/Desafio 3/control_citas_medica/vendor/laravel/framework/src/Illuminate/Container/Util.php(43): Illuminate/Container/BoundMethod::Illuminate/Container/{closure}()
#22 E:/Users/Josue/UDB/2026/DSS404/Laboratorio/Desafio 3/control_citas_medica/vendor/laravel/framework/src/Illuminate/Container/BoundMethod.php(96): Illuminate/Container/Util::unwrapIfClosure(Object(Closure))
#23 E:/Users/Josue/UDB/2026/DSS404/Laboratorio/Desafio 3/control_citas_medica/vendor/laravel/framework/src/Illuminate/Container/BoundMethod.php(35): Illuminate/Container/BoundMethod::callBoundMethod(Object(Illuminate/Foundation/Application), Array, Object(Closure))
#24 E:/Users/Josue/UDB/2026/DSS404/Laboratorio/Desafio 3/control_citas_medica/vendor/laravel/framework/src/Illuminate/Container/Container.php(799): Illuminate/Container/BoundMethod::call(Object(Illuminate/Foundation/Application), Array, Array, NULL)
#25 E:/Users/Josue/UDB/2026/DSS404/Laboratorio/Desafio 3/control_citas_medica/vendor/laravel/framework/src/Illuminate/Console/Command.php(211): Illuminate/Container/Container->call(Array)
#26 E:/Users/Josue/UDB/2026/DSS404/Laboratorio/Desafio 3/control_citas_medica/vendor/symfony/console/Command/Command.php(341): Illuminate/Console/Command->execute(Object(Symfony/Component/Console/Input/ArgvInput), Object(Illuminate/Console/OutputStyle))
#27 E:/Users/Josue/UDB/2026/DSS404/Laboratorio/Desafio 3/control_citas_medica/vendor/laravel/framework/src/Illuminate/Console/Command.php(180): Symfony/Component/Console/Command/Command->run(Object(Symfony/Component/Console/Input/ArgvInput), Object(Illuminate/Console/OutputStyle))
#28 E:/Users/Josue/UDB/2026/DSS404/Laboratorio/Desafio 3/control_citas_medica/vendor/symfony/console/Application.php(1117): Illuminate/Console/Command->run(Object(Symfony/Component/Console/Input/ArgvInput), Object(Symfony/Component/Console/Output/ConsoleOutput))
#29 E:/Users/Josue/UDB/2026/DSS404/Laboratorio/Desafio 3/control_citas_medica/vendor/symfony/console/Application.php(356): Symfony/Component/Console/Application->doRunCommand(Object(Illuminate/Database/Console/Migrations/MigrateCommand), Object(Symfony/Component/Console/Input/ArgvInput), Object(Symfony/Component/Console/Output/ConsoleOutput))
#30 E:/Users/Josue/UDB/2026/DSS404/Laboratorio/Desafio 3/control_citas_medica/vendor/symfony/console/Application.php(195): Symfony/Component/Console/Application->doRun(Object(Symfony/Component/Console/Input/ArgvInput), Object(Symfony/Component/Console/Output/ConsoleOutput))
#31 E:/Users/Josue/UDB/2026/DSS404/Laboratorio/Desafio 3/control_citas_medica/vendor/laravel/framework/src/Illuminate/Foundation/Console/Kernel.php(198): Symfony/Component/Console/Application->run(Object(Symfony/Component/Console/Input/ArgvInput), Object(Symfony/Component/Console/Output/ConsoleOutput))
#32 E:/Users/Josue/UDB/2026/DSS404/Laboratorio/Desafio 3/control_citas_medica/vendor/laravel/framework/src/Illuminate/Foundation/Application.php(1235): Illuminate/Foundation/Console/Kernel->handle(Object(Symfony/Component/Console/Input/ArgvInput), Object(Symfony/Component/Console/Output/ConsoleOutput))
#33 E:/Users/Josue/UDB/2026/DSS404/Laboratorio/Desafio 3/control_citas_medica/artisan(16): Illuminate/Foundation/Application->handleCommand(Object(Symfony/Component/Console/Input/ArgvInput))
#34 {main}

[previous exception] [object] (PDOException(code: 42S01): SQLSTATE[42S01]: Base table or view already exists: 1050 Table 'appointments' already exists at E:/Users/Josue/UDB/2026/DSS404/Laboratorio/Desafio 3/control_citas_medica/vendor/laravel/framework/src/Illuminate/Database/Connection.php:584)
[stacktrace]
#0 E:/Users/Josue/UDB/2026/DSS404/Laboratorio/Desafio 3/control_citas_medica/vendor/laravel/framework/src/Illuminate/Database/Connection.php(584): PDOStatement->execute()
#1 E:/Users/Josue/UDB/2026/DSS404/Laboratorio/Desafio 3/control_citas_medica/vendor/laravel/framework/src/Illuminate/Database/Connection.php(827): Illuminate/Database/Connection->Illuminate/Database/{closure}('create table `a...', Array)
#2 E:/Users/Josue/UDB/2026/DSS404/Laboratorio/Desafio 3/control_citas_medica/vendor/laravel/framework/src/Illuminate/Database/Connection.php(794): Illuminate/Database/Connection->runQueryCallback('create table `a...', Array, Object(Closure))
#3 E:/Users/Josue/UDB/2026/DSS404/Laboratorio/Desafio 3/control_citas_medica/vendor/laravel/framework/src/Illuminate/Database/Connection.php(573): Illuminate/Database/Connection->run('create table `a...', Array, Object(Closure))
#4 E:/Users/Josue/UDB/2026/DSS404/Laboratorio/Desafio 3/control_citas_medica/vendor/laravel/framework/src/Illuminate/Database/Schema/Blueprint.php(121): Illuminate/Database/Connection->statement('create table `a...')
#5 E:/Users/Josue/UDB/2026/DSS404/Laboratorio/Desafio 3/control_citas_medica/vendor/laravel/framework/src/Illuminate/Database/Schema/Builder.php(686): Illuminate/Database/Schema/Blueprint->build()
#6 E:/Users/Josue/UDB/2026/DSS404/Laboratorio/Desafio 3/control_citas_medica/vendor/laravel/framework/src/Illuminate/Database/Schema/Builder.php(506): Illuminate/Database/Schema/Builder->build(Object(Illuminate/Database/Schema/Blueprint))
#7 E:/Users/Josue/UDB/2026/DSS404/Laboratorio/Desafio 3/control_citas_medica/vendor/laravel/framework/src/Illuminate/Support/Facades/Facade.php(363): Illuminate/Database/Schema/Builder->create('appointments', Object(Closure))
#8 E:/Users/Josue/UDB/2026/DSS404/Laboratorio/Desafio 3/control_citas_medica/database/migrations/2026_05_23_003248_create_appointments_table.php(14): Illuminate/Support/Facades/Facade::__callStatic('create', Array)
#9 E:/Users/Josue/UDB/2026/DSS404/Laboratorio/Desafio 3/control_citas_medica/vendor/laravel/framework/src/Illuminate/Database/Migrations/Migrator.php(517): Illuminate/Database/Migrations/Migration@anonymous->up()
#10 E:/Users/Josue/UDB/2026/DSS404/Laboratorio/Desafio 3/control_citas_medica/vendor/laravel/framework/src/Illuminate/Database/Migrations/Migrator.php(442): Illuminate/Database/Migrations/Migrator->runMethod(Object(Illuminate/Database/MySqlConnection), Object(Illuminate/Database/Migrations/Migration@anonymous), 'up')
#11 E:/Users/Josue/UDB/2026/DSS404/Laboratorio/Desafio 3/control_citas_medica/vendor/laravel/framework/src/Illuminate/Database/Migrations/Migrator.php(451): Illuminate/Database/Migrations/Migrator->Illuminate/Database/Migrations/{closure}()
#12 E:/Users/Josue/UDB/2026/DSS404/Laboratorio/Desafio 3/control_citas_medica/vendor/laravel/framework/src/Illuminate/Database/Migrations/Migrator.php(253): Illuminate/Database/Migrations/Migrator->runMigration(Object(Illuminate/Database/Migrations/Migration@anonymous), 'up')
#13 E:/Users/Josue/UDB/2026/DSS404/Laboratorio/Desafio 3/control_citas_medica/vendor/laravel/framework/src/Illuminate/Console/View/Components/Task.php(41): Illuminate/Database/Migrations/Migrator->Illuminate/Database/Migrations/{closure}()
#14 E:/Users/Josue/UDB/2026/DSS404/Laboratorio/Desafio 3/control_citas_medica/vendor/laravel/framework/src/Illuminate/Database/Migrations/Migrator.php(814): Illuminate/Console/View/Components/Task->render('2026_05_23_0032...', Object(Closure))
#15 E:/Users/Josue/UDB/2026/DSS404/Laboratorio/Desafio 3/control_citas_medica/vendor/laravel/framework/src/Illuminate/Database/Migrations/Migrator.php(253): Illuminate/Database/Migrations/Migrator->write('Illuminate//Cons...', '2026_05_23_0032...', Object(Closure))
#16 E:/Users/Josue/UDB/2026/DSS404/Laboratorio/Desafio 3/control_citas_medica/vendor/laravel/framework/src/Illuminate/Database/Migrations/Migrator.php(211): Illuminate/Database/Migrations/Migrator->runUp('E://Users//Josue//...', 2, false)
#17 E:/Users/Josue/UDB/2026/DSS404/Laboratorio/Desafio 3/control_citas_medica/vendor/laravel/framework/src/Illuminate/Database/Migrations/Migrator.php(138): Illuminate/Database/Migrations/Migrator->runPending(Array, Array)
#18 E:/Users/Josue/UDB/2026/DSS404/Laboratorio/Desafio 3/control_citas_medica/vendor/laravel/framework/src/Illuminate/Database/Console/Migrations/MigrateCommand.php(116): Illuminate/Database/Migrations/Migrator->run(Array, Array)
#19 E:/Users/Josue/UDB/2026/DSS404/Laboratorio/Desafio 3/control_citas_medica/vendor/laravel/framework/src/Illuminate/Database/Migrations/Migrator.php(671): Illuminate/Database/Console/Migrations/MigrateCommand->Illuminate/Database/Console/Migrations/{closure}()
#20 E:/Users/Josue/UDB/2026/DSS404/Laboratorio/Desafio 3/control_citas_medica/vendor/laravel/framework/src/Illuminate/Database/Console/Migrations/MigrateCommand.php(109): Illuminate/Database/Migrations/Migrator->usingConnection(NULL, Object(Closure))
#21 E:/Users/Josue/UDB/2026/DSS404/Laboratorio/Desafio 3/control_citas_medica/vendor/laravel/framework/src/Illuminate/Database/Console/Migrations/MigrateCommand.php(88): Illuminate/Database/Console/Migrations/MigrateCommand->runMigrations()
#22 E:/Users/Josue/UDB/2026/DSS404/Laboratorio/Desafio 3/control_citas_medica/vendor/laravel/framework/src/Illuminate/Container/BoundMethod.php(36): Illuminate/Database/Console/Migrations/MigrateCommand->handle()
#23 E:/Users/Josue/UDB/2026/DSS404/Laboratorio/Desafio 3/control_citas_medica/vendor/laravel/framework/src/Illuminate/Container/Util.php(43): Illuminate/Container/BoundMethod::Illuminate/Container/{closure}()
#24 E:/Users/Josue/UDB/2026/DSS404/Laboratorio/Desafio 3/control_citas_medica/vendor/laravel/framework/src/Illuminate/Container/BoundMethod.php(96): Illuminate/Container/Util::unwrapIfClosure(Object(Closure))
#25 E:/Users/Josue/UDB/2026/DSS404/Laboratorio/Desafio 3/control_citas_medica/vendor/laravel/framework/src/Illuminate/Container/BoundMethod.php(35): Illuminate/Container/BoundMethod::callBoundMethod(Object(Illuminate/Foundation/Application), Array, Object(Closure))
#26 E:/Users/Josue/UDB/2026/DSS404/Laboratorio/Desafio 3/control_citas_medica/vendor/laravel/framework/src/Illuminate/Container/Container.php(799): Illuminate/Container/BoundMethod::call(Object(Illuminate/Foundation/Application), Array, Array, NULL)
#27 E:/Users/Josue/UDB/2026/DSS404/Laboratorio/Desafio 3/control_citas_medica/vendor/laravel/framework/src/Illuminate/Console/Command.php(211): Illuminate/Container/Container->call(Array)
#28 E:/Users/Josue/UDB/2026/DSS404/Laboratorio/Desafio 3/control_citas_medica/vendor/symfony/console/Command/Command.php(341): Illuminate/Console/Command->execute(Object(Symfony/Component/Console/Input/ArgvInput), Object(Illuminate/Console/OutputStyle))
#29 E:/Users/Josue/UDB/2026/DSS404/Laboratorio/Desafio 3/control_citas_medica/vendor/laravel/framework/src/Illuminate/Console/Command.php(180): Symfony/Component/Console/Command/Command->run(Object(Symfony/Component/Console/Input/ArgvInput), Object(Illuminate/Console/OutputStyle))
#30 E:/Users/Josue/UDB/2026/DSS404/Laboratorio/Desafio 3/control_citas_medica/vendor/symfony/console/Application.php(1117): Illuminate/Console/Command->run(Object(Symfony/Component/Console/Input/ArgvInput), Object(Symfony/Component/Console/Output/ConsoleOutput))
#31 E:/Users/Josue/UDB/2026/DSS404/Laboratorio/Desafio 3/control_citas_medica/vendor/symfony/console/Application.php(356): Symfony/Component/Console/Application->doRunCommand(Object(Illuminate/Database/Console/Migrations/MigrateCommand), Object(Symfony/Component/Console/Input/ArgvInput), Object(Symfony/Component/Console/Output/ConsoleOutput))
#32 E:/Users/Josue/UDB/2026/DSS404/Laboratorio/Desafio 3/control_citas_medica/vendor/symfony/console/Application.php(195): Symfony/Component/Console/Application->doRun(Object(Symfony/Component/Console/Input/ArgvInput), Object(Symfony/Component/Console/Output/ConsoleOutput))
#33 E:/Users/Josue/UDB/2026/DSS404/Laboratorio/Desafio 3/control_citas_medica/vendor/laravel/framework/src/Illuminate/Foundation/Console/Kernel.php(198): Symfony/Component/Console/Application->run(Object(Symfony/Component/Console/Input/ArgvInput), Object(Symfony/Component/Console/Output/ConsoleOutput))
#34 E:/Users/Josue/UDB/2026/DSS404/Laboratorio/Desafio 3/control_citas_medica/vendor/laravel/framework/src/Illuminate/Foundation/Application.php(1235): Illuminate/Foundation/Console/Kernel->handle(Object(Symfony/Component/Console/Input/ArgvInput), Object(Symfony/Component/Console/Output/ConsoleOutput))
#35 E:/Users/Josue/UDB/2026/DSS404/Laboratorio/Desafio 3/control_citas_medica/artisan(16): Illuminate/Foundation/Application->handleCommand(Object(Symfony/Component/Console/Input/ArgvInput))
#36 {main}
"} 
[2026-05-23 05:47:18] local.ERROR: SQLSTATE[HY000]: General error: 1005 Can't create table `control_citas_medicas`.`appointments` (errno: 150 "Foreign key constraint is incorrectly formed") (Connection: mysql, Host: 127.0.0.1, Port: 3306, Database: control_citas_medicas, SQL: alter table `appointments` add constraint `appointments_specialty_id_foreign` foreign key (`specialty_id`) references `specialties` (`id`) on delete cascade) {"exception":"[object] (Illuminate\\Database\\QueryException(code: HY000): SQLSTATE[HY000]: General error: 1005 Can't create table `control_citas_medicas`.`appointments` (errno: 150 \"Foreign key constraint is incorrectly formed\") (Connection: mysql, Host: 127.0.0.1, Port: 3306, Database: control_citas_medicas, SQL: alter table `appointments` add constraint `appointments_specialty_id_foreign` foreign key (`specialty_id`) references `specialties` (`id`) on delete cascade) at E:/Users/Josue/UDB/2026/DSS404/Laboratorio/Desafio 3/control_citas_medica/vendor/laravel/framework/src/Illuminate/Database/Connection.php:838)
[stacktrace]
#0 E:/Users/Josue/UDB/2026/DSS404/Laboratorio/Desafio 3/control_citas_medica/vendor/laravel/framework/src/Illuminate/Database/Connection.php(794): Illuminate/Database/Connection->runQueryCallback('alter table `ap...', Array, Object(Closure))
#1 E:/Users/Josue/UDB/2026/DSS404/Laboratorio/Desafio 3/control_citas_medica/vendor/laravel/framework/src/Illuminate/Database/Connection.php(573): Illuminate/Database/Connection->run('alter table `ap...', Array, Object(Closure))
#2 E:/Users/Josue/UDB/2026/DSS404/Laboratorio/Desafio 3/control_citas_medica/vendor/laravel/framework/src/Illuminate/Database/Schema/Blueprint.php(121): Illuminate/Database/Connection->statement('alter table `ap...')
#3 E:/Users/Josue/UDB/2026/DSS404/Laboratorio/Desafio 3/control_citas_medica/vendor/laravel/framework/src/Illuminate/Database/Schema/Builder.php(686): Illuminate/Database/Schema/Blueprint->build()
#4 E:/Users/Josue/UDB/2026/DSS404/Laboratorio/Desafio 3/control_citas_medica/vendor/laravel/framework/src/Illuminate/Database/Schema/Builder.php(506): Illuminate/Database/Schema/Builder->build(Object(Illuminate/Database/Schema/Blueprint))
#5 E:/Users/Josue/UDB/2026/DSS404/Laboratorio/Desafio 3/control_citas_medica/vendor/laravel/framework/src/Illuminate/Support/Facades/Facade.php(363): Illuminate/Database/Schema/Builder->create('appointments', Object(Closure))
#6 E:/Users/Josue/UDB/2026/DSS404/Laboratorio/Desafio 3/control_citas_medica/database/migrations/2026_05_23_003248_create_appointments_table.php(14): Illuminate/Support/Facades/Facade::__callStatic('create', Array)
#7 E:/Users/Josue/UDB/2026/DSS404/Laboratorio/Desafio 3/control_citas_medica/vendor/laravel/framework/src/Illuminate/Database/Migrations/Migrator.php(517): Illuminate/Database/Migrations/Migration@anonymous->up()
#8 E:/Users/Josue/UDB/2026/DSS404/Laboratorio/Desafio 3/control_citas_medica/vendor/laravel/framework/src/Illuminate/Database/Migrations/Migrator.php(442): Illuminate/Database/Migrations/Migrator->runMethod(Object(Illuminate/Database/MySqlConnection), Object(Illuminate/Database/Migrations/Migration@anonymous), 'up')
#9 E:/Users/Josue/UDB/2026/DSS404/Laboratorio/Desafio 3/control_citas_medica/vendor/laravel/framework/src/Illuminate/Database/Migrations/Migrator.php(451): Illuminate/Database/Migrations/Migrator->Illuminate/Database/Migrations/{closure}()
#10 E:/Users/Josue/UDB/2026/DSS404/Laboratorio/Desafio 3/control_citas_medica/vendor/laravel/framework/src/Illuminate/Database/Migrations/Migrator.php(253): Illuminate/Database/Migrations/Migrator->runMigration(Object(Illuminate/Database/Migrations/Migration@anonymous), 'up')
#11 E:/Users/Josue/UDB/2026/DSS404/Laboratorio/Desafio 3/control_citas_medica/vendor/laravel/framework/src/Illuminate/Console/View/Components/Task.php(41): Illuminate/Database/Migrations/Migrator->Illuminate/Database/Migrations/{closure}()
#12 E:/Users/Josue/UDB/2026/DSS404/Laboratorio/Desafio 3/control_citas_medica/vendor/laravel/framework/src/Illuminate/Database/Migrations/Migrator.php(814): Illuminate/Console/View/Components/Task->render('2026_05_23_0032...', Object(Closure))
#13 E:/Users/Josue/UDB/2026/DSS404/Laboratorio/Desafio 3/control_citas_medica/vendor/laravel/framework/src/Illuminate/Database/Migrations/Migrator.php(253): Illuminate/Database/Migrations/Migrator->write('Illuminate//Cons...', '2026_05_23_0032...', Object(Closure))
#14 E:/Users/Josue/UDB/2026/DSS404/Laboratorio/Desafio 3/control_citas_medica/vendor/laravel/framework/src/Illuminate/Database/Migrations/Migrator.php(211): Illuminate/Database/Migrations/Migrator->runUp('E://Users//Josue//...', 1, false)
#15 E:/Users/Josue/UDB/2026/DSS404/Laboratorio/Desafio 3/control_citas_medica/vendor/laravel/framework/src/Illuminate/Database/Migrations/Migrator.php(138): Illuminate/Database/Migrations/Migrator->runPending(Array, Array)
#16 E:/Users/Josue/UDB/2026/DSS404/Laboratorio/Desafio 3/control_citas_medica/vendor/laravel/framework/src/Illuminate/Database/Console/Migrations/MigrateCommand.php(116): Illuminate/Database/Migrations/Migrator->run(Array, Array)
#17 E:/Users/Josue/UDB/2026/DSS404/Laboratorio/Desafio 3/control_citas_medica/vendor/laravel/framework/src/Illuminate/Database/Migrations/Migrator.php(671): Illuminate/Database/Console/Migrations/MigrateCommand->Illuminate/Database/Console/Migrations/{closure}()
#18 E:/Users/Josue/UDB/2026/DSS404/Laboratorio/Desafio 3/control_citas_medica/vendor/laravel/framework/src/Illuminate/Database/Console/Migrations/MigrateCommand.php(109): Illuminate/Database/Migrations/Migrator->usingConnection(NULL, Object(Closure))
#19 E:/Users/Josue/UDB/2026/DSS404/Laboratorio/Desafio 3/control_citas_medica/vendor/laravel/framework/src/Illuminate/Database/Console/Migrations/MigrateCommand.php(88): Illuminate/Database/Console/Migrations/MigrateCommand->runMigrations()
#20 E:/Users/Josue/UDB/2026/DSS404/Laboratorio/Desafio 3/control_citas_medica/vendor/laravel/framework/src/Illuminate/Container/BoundMethod.php(36): Illuminate/Database/Console/Migrations/MigrateCommand->handle()
#21 E:/Users/Josue/UDB/2026/DSS404/Laboratorio/Desafio 3/control_citas_medica/vendor/laravel/framework/src/Illuminate/Container/Util.php(43): Illuminate/Container/BoundMethod::Illuminate/Container/{closure}()
#22 E:/Users/Josue/UDB/2026/DSS404/Laboratorio/Desafio 3/control_citas_medica/vendor/laravel/framework/src/Illuminate/Container/BoundMethod.php(96): Illuminate/Container/Util::unwrapIfClosure(Object(Closure))
#23 E:/Users/Josue/UDB/2026/DSS404/Laboratorio/Desafio 3/control_citas_medica/vendor/laravel/framework/src/Illuminate/Container/BoundMethod.php(35): Illuminate/Container/BoundMethod::callBoundMethod(Object(Illuminate/Foundation/Application), Array, Object(Closure))
#24 E:/Users/Josue/UDB/2026/DSS404/Laboratorio/Desafio 3/control_citas_medica/vendor/laravel/framework/src/Illuminate/Container/Container.php(799): Illuminate/Container/BoundMethod::call(Object(Illuminate/Foundation/Application), Array, Array, NULL)
#25 E:/Users/Josue/UDB/2026/DSS404/Laboratorio/Desafio 3/control_citas_medica/vendor/laravel/framework/src/Illuminate/Console/Command.php(211): Illuminate/Container/Container->call(Array)
#26 E:/Users/Josue/UDB/2026/DSS404/Laboratorio/Desafio 3/control_citas_medica/vendor/symfony/console/Command/Command.php(341): Illuminate/Console/Command->execute(Object(Symfony/Component/Console/Input/ArgvInput), Object(Illuminate/Console/OutputStyle))
#27 E:/Users/Josue/UDB/2026/DSS404/Laboratorio/Desafio 3/control_citas_medica/vendor/laravel/framework/src/Illuminate/Console/Command.php(180): Symfony/Component/Console/Command/Command->run(Object(Symfony/Component/Console/Input/ArgvInput), Object(Illuminate/Console/OutputStyle))
#28 E:/Users/Josue/UDB/2026/DSS404/Laboratorio/Desafio 3/control_citas_medica/vendor/symfony/console/Application.php(1117): Illuminate/Console/Command->run(Object(Symfony/Component/Console/Input/ArgvInput), Object(Symfony/Component/Console/Output/ConsoleOutput))
#29 E:/Users/Josue/UDB/2026/DSS404/Laboratorio/Desafio 3/control_citas_medica/vendor/symfony/console/Application.php(356): Symfony/Component/Console/Application->doRunCommand(Object(Illuminate/Database/Console/Migrations/MigrateCommand), Object(Symfony/Component/Console/Input/ArgvInput), Object(Symfony/Component/Console/Output/ConsoleOutput))
#30 E:/Users/Josue/UDB/2026/DSS404/Laboratorio/Desafio 3/control_citas_medica/vendor/symfony/console/Application.php(195): Symfony/Component/Console/Application->doRun(Object(Symfony/Component/Console/Input/ArgvInput), Object(Symfony/Component/Console/Output/ConsoleOutput))
#31 E:/Users/Josue/UDB/2026/DSS404/Laboratorio/Desafio 3/control_citas_medica/vendor/laravel/framework/src/Illuminate/Foundation/Console/Kernel.php(198): Symfony/Component/Console/Application->run(Object(Symfony/Component/Console/Input/ArgvInput), Object(Symfony/Component/Console/Output/ConsoleOutput))
#32 E:/Users/Josue/UDB/2026/DSS404/Laboratorio/Desafio 3/control_citas_medica/vendor/laravel/framework/src/Illuminate/Foundation/Application.php(1235): Illuminate/Foundation/Console/Kernel->handle(Object(Symfony/Component/Console/Input/ArgvInput), Object(Symfony/Component/Console/Output/ConsoleOutput))
#33 E:/Users/Josue/UDB/2026/DSS404/Laboratorio/Desafio 3/control_citas_medica/artisan(16): Illuminate/Foundation/Application->handleCommand(Object(Symfony/Component/Console/Input/ArgvInput))
#34 {main}

[previous exception] [object] (PDOException(code: HY000): SQLSTATE[HY000]: General error: 1005 Can't create table `control_citas_medicas`.`appointments` (errno: 150 \"Foreign key constraint is incorrectly formed\") at E:/Users/Josue/UDB/2026/DSS404/Laboratorio/Desafio 3/control_citas_medica/vendor/laravel/framework/src/Illuminate/Database/Connection.php:584)
[stacktrace]
#0 E:/Users/Josue/UDB/2026/DSS404/Laboratorio/Desafio 3/control_citas_medica/vendor/laravel/framework/src/Illuminate/Database/Connection.php(584): PDOStatement->execute()
#1 E:/Users/Josue/UDB/2026/DSS404/Laboratorio/Desafio 3/control_citas_medica/vendor/laravel/framework/src/Illuminate/Database/Connection.php(827): Illuminate/Database/Connection->Illuminate/Database/{closure}('alter table `ap...', Array)
#2 E:/Users/Josue/UDB/2026/DSS404/Laboratorio/Desafio 3/control_citas_medica/vendor/laravel/framework/src/Illuminate/Database/Connection.php(794): Illuminate/Database/Connection->runQueryCallback('alter table `ap...', Array, Object(Closure))
#3 E:/Users/Josue/UDB/2026/DSS404/Laboratorio/Desafio 3/control_citas_medica/vendor/laravel/framework/src/Illuminate/Database/Connection.php(573): Illuminate/Database/Connection->run('alter table `ap...', Array, Object(Closure))
#4 E:/Users/Josue/UDB/2026/DSS404/Laboratorio/Desafio 3/control_citas_medica/vendor/laravel/framework/src/Illuminate/Database/Schema/Blueprint.php(121): Illuminate/Database/Connection->statement('alter table `ap...')
#5 E:/Users/Josue/UDB/2026/DSS404/Laboratorio/Desafio 3/control_citas_medica/vendor/laravel/framework/src/Illuminate/Database/Schema/Builder.php(686): Illuminate/Database/Schema/Blueprint->build()
#6 E:/Users/Josue/UDB/2026/DSS404/Laboratorio/Desafio 3/control_citas_medica/vendor/laravel/framework/src/Illuminate/Database/Schema/Builder.php(506): Illuminate/Database/Schema/Builder->build(Object(Illuminate/Database/Schema/Blueprint))
#7 E:/Users/Josue/UDB/2026/DSS404/Laboratorio/Desafio 3/control_citas_medica/vendor/laravel/framework/src/Illuminate/Support/Facades/Facade.php(363): Illuminate/Database/Schema/Builder->create('appointments', Object(Closure))
#8 E:/Users/Josue/UDB/2026/DSS404/Laboratorio/Desafio 3/control_citas_medica/database/migrations/2026_05_23_003248_create_appointments_table.php(14): Illuminate/Support/Facades/Facade::__callStatic('create', Array)
#9 E:/Users/Josue/UDB/2026/DSS404/Laboratorio/Desafio 3/control_citas_medica/vendor/laravel/framework/src/Illuminate/Database/Migrations/Migrator.php(517): Illuminate/Database/Migrations/Migration@anonymous->up()
#10 E:/Users/Josue/UDB/2026/DSS404/Laboratorio/Desafio 3/control_citas_medica/vendor/laravel/framework/src/Illuminate/Database/Migrations/Migrator.php(442): Illuminate/Database/Migrations/Migrator->runMethod(Object(Illuminate/Database/MySqlConnection), Object(Illuminate/Database/Migrations/Migration@anonymous), 'up')
#11 E:/Users/Josue/UDB/2026/DSS404/Laboratorio/Desafio 3/control_citas_medica/vendor/laravel/framework/src/Illuminate/Database/Migrations/Migrator.php(451): Illuminate/Database/Migrations/Migrator->Illuminate/Database/Migrations/{closure}()
#12 E:/Users/Josue/UDB/2026/DSS404/Laboratorio/Desafio 3/control_citas_medica/vendor/laravel/framework/src/Illuminate/Database/Migrations/Migrator.php(253): Illuminate/Database/Migrations/Migrator->runMigration(Object(Illuminate/Database/Migrations/Migration@anonymous), 'up')
#13 E:/Users/Josue/UDB/2026/DSS404/Laboratorio/Desafio 3/control_citas_medica/vendor/laravel/framework/src/Illuminate/Console/View/Components/Task.php(41): Illuminate/Database/Migrations/Migrator->Illuminate/Database/Migrations/{closure}()
#14 E:/Users/Josue/UDB/2026/DSS404/Laboratorio/Desafio 3/control_citas_medica/vendor/laravel/framework/src/Illuminate/Database/Migrations/Migrator.php(814): Illuminate/Console/View/Components/Task->render('2026_05_23_0032...', Object(Closure))
#15 E:/Users/Josue/UDB/2026/DSS404/Laboratorio/Desafio 3/control_citas_medica/vendor/laravel/framework/src/Illuminate/Database/Migrations/Migrator.php(253): Illuminate/Database/Migrations/Migrator->write('Illuminate//Cons...', '2026_05_23_0032...', Object(Closure))
#16 E:/Users/Josue/UDB/2026/DSS404/Laboratorio/Desafio 3/control_citas_medica/vendor/laravel/framework/src/Illuminate/Database/Migrations/Migrator.php(211): Illuminate/Database/Migrations/Migrator->runUp('E://Users//Josue//...', 1, false)
#17 E:/Users/Josue/UDB/2026/DSS404/Laboratorio/Desafio 3/control_citas_medica/vendor/laravel/framework/src/Illuminate/Database/Migrations/Migrator.php(138): Illuminate/Database/Migrations/Migrator->runPending(Array, Array)
#18 E:/Users/Josue/UDB/2026/DSS404/Laboratorio/Desafio 3/control_citas_medica/vendor/laravel/framework/src/Illuminate/Database/Console/Migrations/MigrateCommand.php(116): Illuminate/Database/Migrations/Migrator->run(Array, Array)
#19 E:/Users/Josue/UDB/2026/DSS404/Laboratorio/Desafio 3/control_citas_medica/vendor/laravel/framework/src/Illuminate/Database/Migrations/Migrator.php(671): Illuminate/Database/Console/Migrations/MigrateCommand->Illuminate/Database/Console/Migrations/{closure}()
#20 E:/Users/Josue/UDB/2026/DSS404/Laboratorio/Desafio 3/control_citas_medica/vendor/laravel/framework/src/Illuminate/Database/Console/Migrations/MigrateCommand.php(109): Illuminate/Database/Migrations/Migrator->usingConnection(NULL, Object(Closure))
#21 E:/Users/Josue/UDB/2026/DSS404/Laboratorio/Desafio 3/control_citas_medica/vendor/laravel/framework/src/Illuminate/Database/Console/Migrations/MigrateCommand.php(88): Illuminate/Database/Console/Migrations/MigrateCommand->runMigrations()
#22 E:/Users/Josue/UDB/2026/DSS404/Laboratorio/Desafio 3/control_citas_medica/vendor/laravel/framework/src/Illuminate/Container/BoundMethod.php(36): Illuminate/Database/Console/Migrations/MigrateCommand->handle()
#23 E:/Users/Josue/UDB/2026/DSS404/Laboratorio/Desafio 3/control_citas_medica/vendor/laravel/framework/src/Illuminate/Container/Util.php(43): Illuminate/Container/BoundMethod::Illuminate/Container/{closure}()
#24 E:/Users/Josue/UDB/2026/DSS404/Laboratorio/Desafio 3/control_citas_medica/vendor/laravel/framework/src/Illuminate/Container/BoundMethod.php(96): Illuminate/Container/Util::unwrapIfClosure(Object(Closure))
#25 E:/Users/Josue/UDB/2026/DSS404/Laboratorio/Desafio 3/control_citas_medica/vendor/laravel/framework/src/Illuminate/Container/BoundMethod.php(35): Illuminate/Container/BoundMethod::callBoundMethod(Object(Illuminate/Foundation/Application), Array, Object(Closure))
#26 E:/Users/Josue/UDB/2026/DSS404/Laboratorio/Desafio 3/control_citas_medica/vendor/laravel/framework/src/Illuminate/Container/Container.php(799): Illuminate/Container/BoundMethod::call(Object(Illuminate/Foundation/Application), Array, Array, NULL)
#27 E:/Users/Josue/UDB/2026/DSS404/Laboratorio/Desafio 3/control_citas_medica/vendor/laravel/framework/src/Illuminate/Console/Command.php(211): Illuminate/Container/Container->call(Array)
#28 E:/Users/Josue/UDB/2026/DSS404/Laboratorio/Desafio 3/control_citas_medica/vendor/symfony/console/Command/Command.php(341): Illuminate/Console/Command->execute(Object(Symfony/Component/Console/Input/ArgvInput), Object(Illuminate/Console/OutputStyle))
#29 E:/Users/Josue/UDB/2026/DSS404/Laboratorio/Desafio 3/control_citas_medica/vendor/laravel/framework/src/Illuminate/Console/Command.php(180): Symfony/Component/Console/Command/Command->run(Object(Symfony/Component/Console/Input/ArgvInput), Object(Illuminate/Console/OutputStyle))
#30 E:/Users/Josue/UDB/2026/DSS404/Laboratorio/Desafio 3/control_citas_medica/vendor/symfony/console/Application.php(1117): Illuminate/Console/Command->run(Object(Symfony/Component/Console/Input/ArgvInput), Object(Symfony/Component/Console/Output/ConsoleOutput))
#31 E:/Users/Josue/UDB/2026/DSS404/Laboratorio/Desafio 3/control_citas_medica/vendor/symfony/console/Application.php(356): Symfony/Component/Console/Application->doRunCommand(Object(Illuminate/Database/Console/Migrations/MigrateCommand), Object(Symfony/Component/Console/Input/ArgvInput), Object(Symfony/Component/Console/Output/ConsoleOutput))
#32 E:/Users/Josue/UDB/2026/DSS404/Laboratorio/Desafio 3/control_citas_medica/vendor/symfony/console/Application.php(195): Symfony/Component/Console/Application->doRun(Object(Symfony/Component/Console/Input/ArgvInput), Object(Symfony/Component/Console/Output/ConsoleOutput))
#33 E:/Users/Josue/UDB/2026/DSS404/Laboratorio/Desafio 3/control_citas_medica/vendor/laravel/framework/src/Illuminate/Foundation/Console/Kernel.php(198): Symfony/Component/Console/Application->run(Object(Symfony/Component/Console/Input/ArgvInput), Object(Symfony/Component/Console/Output/ConsoleOutput))
#34 E:/Users/Josue/UDB/2026/DSS404/Laboratorio/Desafio 3/control_citas_medica/vendor/laravel/framework/src/Illuminate/Foundation/Application.php(1235): Illuminate/Foundation/Console/Kernel->handle(Object(Symfony/Component/Console/Input/ArgvInput), Object(Symfony/Component/Console/Output/ConsoleOutput))
#35 E:/Users/Josue/UDB/2026/DSS404/Laboratorio/Desafio 3/control_citas_medica/artisan(16): Illuminate/Foundation/Application->handleCommand(Object(Symfony/Component/Console/Input/ArgvInput))
#36 {main}
"} 
[2026-05-23 05:47:42] local.ERROR: SQLSTATE[23000]: Integrity constraint violation: 1451 Cannot delete or update a parent row: a foreign key constraint fails (Connection: mysql, Host: 127.0.0.1, Port: 3306, Database: control_citas_medicas, SQL: drop table if exists `users`) {"exception":"[object] (Illuminate\\Database\\QueryException(code: 23000): SQLSTATE[23000]: Integrity constraint violation: 1451 Cannot delete or update a parent row: a foreign key constraint fails (Connection: mysql, Host: 127.0.0.1, Port: 3306, Database: control_citas_medicas, SQL: drop table if exists `users`) at E:/Users/Josue/UDB/2026/DSS404/Laboratorio/Desafio 3/control_citas_medica/vendor/laravel/framework/src/Illuminate/Database/Connection.php:838)
[stacktrace]
#0 E:/Users/Josue/UDB/2026/DSS404/Laboratorio/Desafio 3/control_citas_medica/vendor/laravel/framework/src/Illuminate/Database/Connection.php(794): Illuminate/Database/Connection->runQueryCallback('drop table if e...', Array, Object(Closure))
#1 E:/Users/Josue/UDB/2026/DSS404/Laboratorio/Desafio 3/control_citas_medica/vendor/laravel/framework/src/Illuminate/Database/Connection.php(573): Illuminate/Database/Connection->run('drop table if e...', Array, Object(Closure))
#2 E:/Users/Josue/UDB/2026/DSS404/Laboratorio/Desafio 3/control_citas_medica/vendor/laravel/framework/src/Illuminate/Database/Schema/Blueprint.php(121): Illuminate/Database/Connection->statement('drop table if e...')
#3 E:/Users/Josue/UDB/2026/DSS404/Laboratorio/Desafio 3/control_citas_medica/vendor/laravel/framework/src/Illuminate/Database/Schema/Builder.php(686): Illuminate/Database/Schema/Blueprint->build()
#4 E:/Users/Josue/UDB/2026/DSS404/Laboratorio/Desafio 3/control_citas_medica/vendor/laravel/framework/src/Illuminate/Database/Schema/Builder.php(534): Illuminate/Database/Schema/Builder->build(Object(Illuminate/Database/Schema/Blueprint))
#5 E:/Users/Josue/UDB/2026/DSS404/Laboratorio/Desafio 3/control_citas_medica/vendor/laravel/framework/src/Illuminate/Support/Facades/Facade.php(363): Illuminate/Database/Schema/Builder->dropIfExists('users')
#6 E:/Users/Josue/UDB/2026/DSS404/Laboratorio/Desafio 3/control_citas_medica/database/migrations/0001_01_01_000000_create_users_table.php(46): Illuminate/Support/Facades/Facade::__callStatic('dropIfExists', Array)
#7 E:/Users/Josue/UDB/2026/DSS404/Laboratorio/Desafio 3/control_citas_medica/vendor/laravel/framework/src/Illuminate/Database/Migrations/Migrator.php(517): Illuminate/Database/Migrations/Migration@anonymous->down()
#8 E:/Users/Josue/UDB/2026/DSS404/Laboratorio/Desafio 3/control_citas_medica/vendor/laravel/framework/src/Illuminate/Database/Migrations/Migrator.php(442): Illuminate/Database/Migrations/Migrator->runMethod(Object(Illuminate/Database/MySqlConnection), Object(Illuminate/Database/Migrations/Migration@anonymous), 'down')
#9 E:/Users/Josue/UDB/2026/DSS404/Laboratorio/Desafio 3/control_citas_medica/vendor/laravel/framework/src/Illuminate/Database/Migrations/Migrator.php(451): Illuminate/Database/Migrations/Migrator->Illuminate/Database/Migrations/{closure}()
#10 E:/Users/Josue/UDB/2026/DSS404/Laboratorio/Desafio 3/control_citas_medica/vendor/laravel/framework/src/Illuminate/Database/Migrations/Migrator.php(417): Illuminate/Database/Migrations/Migrator->runMigration(Object(Illuminate/Database/Migrations/Migration@anonymous), 'down')
#11 E:/Users/Josue/UDB/2026/DSS404/Laboratorio/Desafio 3/control_citas_medica/vendor/laravel/framework/src/Illuminate/Console/View/Components/Task.php(41): Illuminate/Database/Migrations/Migrator->Illuminate/Database/Migrations/{closure}()
#12 E:/Users/Josue/UDB/2026/DSS404/Laboratorio/Desafio 3/control_citas_medica/vendor/laravel/framework/src/Illuminate/Database/Migrations/Migrator.php(814): Illuminate/Console/View/Components/Task->render('0001_01_01_0000...', Object(Closure))
#13 E:/Users/Josue/UDB/2026/DSS404/Laboratorio/Desafio 3/control_citas_medica/vendor/laravel/framework/src/Illuminate/Database/Migrations/Migrator.php(417): Illuminate/Database/Migrations/Migrator->write('Illuminate//Cons...', '0001_01_01_0000...', Object(Closure))
#14 E:/Users/Josue/UDB/2026/DSS404/Laboratorio/Desafio 3/control_citas_medica/vendor/laravel/framework/src/Illuminate/Database/Migrations/Migrator.php(340): Illuminate/Database/Migrations/Migrator->runDown('E://Users//Josue//...', Object(stdClass), false)
#15 E:/Users/Josue/UDB/2026/DSS404/Laboratorio/Desafio 3/control_citas_medica/vendor/laravel/framework/src/Illuminate/Database/Migrations/Migrator.php(284): Illuminate/Database/Migrations/Migrator->rollbackMigrations(Array, Array, Array)
#16 E:/Users/Josue/UDB/2026/DSS404/Laboratorio/Desafio 3/control_citas_medica/vendor/laravel/framework/src/Illuminate/Database/Console/Migrations/RollbackCommand.php(63): Illuminate/Database/Migrations/Migrator->rollback(Array, Array)
#17 E:/Users/Josue/UDB/2026/DSS404/Laboratorio/Desafio 3/control_citas_medica/vendor/laravel/framework/src/Illuminate/Database/Migrations/Migrator.php(671): Illuminate/Database/Console/Migrations/RollbackCommand->Illuminate/Database/Console/Migrations/{closure}()
#18 E:/Users/Josue/UDB/2026/DSS404/Laboratorio/Desafio 3/control_citas_medica/vendor/laravel/framework/src/Illuminate/Database/Console/Migrations/RollbackCommand.php(62): Illuminate/Database/Migrations/Migrator->usingConnection(NULL, Object(Closure))
#19 E:/Users/Josue/UDB/2026/DSS404/Laboratorio/Desafio 3/control_citas_medica/vendor/laravel/framework/src/Illuminate/Container/BoundMethod.php(36): Illuminate/Database/Console/Migrations/RollbackCommand->handle()
#20 E:/Users/Josue/UDB/2026/DSS404/Laboratorio/Desafio 3/control_citas_medica/vendor/laravel/framework/src/Illuminate/Container/Util.php(43): Illuminate/Container/BoundMethod::Illuminate/Container/{closure}()
#21 E:/Users/Josue/UDB/2026/DSS404/Laboratorio/Desafio 3/control_citas_medica/vendor/laravel/framework/src/Illuminate/Container/BoundMethod.php(96): Illuminate/Container/Util::unwrapIfClosure(Object(Closure))
#22 E:/Users/Josue/UDB/2026/DSS404/Laboratorio/Desafio 3/control_citas_medica/vendor/laravel/framework/src/Illuminate/Container/BoundMethod.php(35): Illuminate/Container/BoundMethod::callBoundMethod(Object(Illuminate/Foundation/Application), Array, Object(Closure))
#23 E:/Users/Josue/UDB/2026/DSS404/Laboratorio/Desafio 3/control_citas_medica/vendor/laravel/framework/src/Illuminate/Container/Container.php(799): Illuminate/Container/BoundMethod::call(Object(Illuminate/Foundation/Application), Array, Array, NULL)
#24 E:/Users/Josue/UDB/2026/DSS404/Laboratorio/Desafio 3/control_citas_medica/vendor/laravel/framework/src/Illuminate/Console/Command.php(211): Illuminate/Container/Container->call(Array)
#25 E:/Users/Josue/UDB/2026/DSS404/Laboratorio/Desafio 3/control_citas_medica/vendor/symfony/console/Command/Command.php(341): Illuminate/Console/Command->execute(Object(Symfony/Component/Console/Input/ArgvInput), Object(Illuminate/Console/OutputStyle))
#26 E:/Users/Josue/UDB/2026/DSS404/Laboratorio/Desafio 3/control_citas_medica/vendor/laravel/framework/src/Illuminate/Console/Command.php(180): Symfony/Component/Console/Command/Command->run(Object(Symfony/Component/Console/Input/ArgvInput), Object(Illuminate/Console/OutputStyle))
#27 E:/Users/Josue/UDB/2026/DSS404/Laboratorio/Desafio 3/control_citas_medica/vendor/symfony/console/Application.php(1117): Illuminate/Console/Command->run(Object(Symfony/Component/Console/Input/ArgvInput), Object(Symfony/Component/Console/Output/ConsoleOutput))
#28 E:/Users/Josue/UDB/2026/DSS404/Laboratorio/Desafio 3/control_citas_medica/vendor/symfony/console/Application.php(356): Symfony/Component/Console/Application->doRunCommand(Object(Illuminate/Database/Console/Migrations/RollbackCommand), Object(Symfony/Component/Console/Input/ArgvInput), Object(Symfony/Component/Console/Output/ConsoleOutput))
#29 E:/Users/Josue/UDB/2026/DSS404/Laboratorio/Desafio 3/control_citas_medica/vendor/symfony/console/Application.php(195): Symfony/Component/Console/Application->doRun(Object(Symfony/Component/Console/Input/ArgvInput), Object(Symfony/Component/Console/Output/ConsoleOutput))
#30 E:/Users/Josue/UDB/2026/DSS404/Laboratorio/Desafio 3/control_citas_medica/vendor/laravel/framework/src/Illuminate/Foundation/Console/Kernel.php(198): Symfony/Component/Console/Application->run(Object(Symfony/Component/Console/Input/ArgvInput), Object(Symfony/Component/Console/Output/ConsoleOutput))
#31 E:/Users/Josue/UDB/2026/DSS404/Laboratorio/Desafio 3/control_citas_medica/vendor/laravel/framework/src/Illuminate/Foundation/Application.php(1235): Illuminate/Foundation/Console/Kernel->handle(Object(Symfony/Component/Console/Input/ArgvInput), Object(Symfony/Component/Console/Output/ConsoleOutput))
#32 E:/Users/Josue/UDB/2026/DSS404/Laboratorio/Desafio 3/control_citas_medica/artisan(16): Illuminate/Foundation/Application->handleCommand(Object(Symfony/Component/Console/Input/ArgvInput))
#33 {main}

[previous exception] [object] (PDOException(code: 23000): SQLSTATE[23000]: Integrity constraint violation: 1451 Cannot delete or update a parent row: a foreign key constraint fails at E:/Users/Josue/UDB/2026/DSS404/Laboratorio/Desafio 3/control_citas_medica/vendor/laravel/framework/src/Illuminate/Database/Connection.php:584)
[stacktrace]
#0 E:/Users/Josue/UDB/2026/DSS404/Laboratorio/Desafio 3/control_citas_medica/vendor/laravel/framework/src/Illuminate/Database/Connection.php(584): PDOStatement->execute()
#1 E:/Users/Josue/UDB/2026/DSS404/Laboratorio/Desafio 3/control_citas_medica/vendor/laravel/framework/src/Illuminate/Database/Connection.php(827): Illuminate/Database/Connection->Illuminate/Database/{closure}('drop table if e...', Array)
#2 E:/Users/Josue/UDB/2026/DSS404/Laboratorio/Desafio 3/control_citas_medica/vendor/laravel/framework/src/Illuminate/Database/Connection.php(794): Illuminate/Database/Connection->runQueryCallback('drop table if e...', Array, Object(Closure))
#3 E:/Users/Josue/UDB/2026/DSS404/Laboratorio/Desafio 3/control_citas_medica/vendor/laravel/framework/src/Illuminate/Database/Connection.php(573): Illuminate/Database/Connection->run('drop table if e...', Array, Object(Closure))
#4 E:/Users/Josue/UDB/2026/DSS404/Laboratorio/Desafio 3/control_citas_medica/vendor/laravel/framework/src/Illuminate/Database/Schema/Blueprint.php(121): Illuminate/Database/Connection->statement('drop table if e...')
#5 E:/Users/Josue/UDB/2026/DSS404/Laboratorio/Desafio 3/control_citas_medica/vendor/laravel/framework/src/Illuminate/Database/Schema/Builder.php(686): Illuminate/Database/Schema/Blueprint->build()
#6 E:/Users/Josue/UDB/2026/DSS404/Laboratorio/Desafio 3/control_citas_medica/vendor/laravel/framework/src/Illuminate/Database/Schema/Builder.php(534): Illuminate/Database/Schema/Builder->build(Object(Illuminate/Database/Schema/Blueprint))
#7 E:/Users/Josue/UDB/2026/DSS404/Laboratorio/Desafio 3/control_citas_medica/vendor/laravel/framework/src/Illuminate/Support/Facades/Facade.php(363): Illuminate/Database/Schema/Builder->dropIfExists('users')
#8 E:/Users/Josue/UDB/2026/DSS404/Laboratorio/Desafio 3/control_citas_medica/database/migrations/0001_01_01_000000_create_users_table.php(46): Illuminate/Support/Facades/Facade::__callStatic('dropIfExists', Array)
#9 E:/Users/Josue/UDB/2026/DSS404/Laboratorio/Desafio 3/control_citas_medica/vendor/laravel/framework/src/Illuminate/Database/Migrations/Migrator.php(517): Illuminate/Database/Migrations/Migration@anonymous->down()
#10 E:/Users/Josue/UDB/2026/DSS404/Laboratorio/Desafio 3/control_citas_medica/vendor/laravel/framework/src/Illuminate/Database/Migrations/Migrator.php(442): Illuminate/Database/Migrations/Migrator->runMethod(Object(Illuminate/Database/MySqlConnection), Object(Illuminate/Database/Migrations/Migration@anonymous), 'down')
#11 E:/Users/Josue/UDB/2026/DSS404/Laboratorio/Desafio 3/control_citas_medica/vendor/laravel/framework/src/Illuminate/Database/Migrations/Migrator.php(451): Illuminate/Database/Migrations/Migrator->Illuminate/Database/Migrations/{closure}()
#12 E:/Users/Josue/UDB/2026/DSS404/Laboratorio/Desafio 3/control_citas_medica/vendor/laravel/framework/src/Illuminate/Database/Migrations/Migrator.php(417): Illuminate/Database/Migrations/Migrator->runMigration(Object(Illuminate/Database/Migrations/Migration@anonymous), 'down')
#13 E:/Users/Josue/UDB/2026/DSS404/Laboratorio/Desafio 3/control_citas_medica/vendor/laravel/framework/src/Illuminate/Console/View/Components/Task.php(41): Illuminate/Database/Migrations/Migrator->Illuminate/Database/Migrations/{closure}()
#14 E:/Users/Josue/UDB/2026/DSS404/Laboratorio/Desafio 3/control_citas_medica/vendor/laravel/framework/src/Illuminate/Database/Migrations/Migrator.php(814): Illuminate/Console/View/Components/Task->render('0001_01_01_0000...', Object(Closure))
#15 E:/Users/Josue/UDB/2026/DSS404/Laboratorio/Desafio 3/control_citas_medica/vendor/laravel/framework/src/Illuminate/Database/Migrations/Migrator.php(417): Illuminate/Database/Migrations/Migrator->write('Illuminate//Cons...', '0001_01_01_0000...', Object(Closure))
#16 E:/Users/Josue/UDB/2026/DSS404/Laboratorio/Desafio 3/control_citas_medica/vendor/laravel/framework/src/Illuminate/Database/Migrations/Migrator.php(340): Illuminate/Database/Migrations/Migrator->runDown('E://Users//Josue//...', Object(stdClass), false)
#17 E:/Users/Josue/UDB/2026/DSS404/Laboratorio/Desafio 3/control_citas_medica/vendor/laravel/framework/src/Illuminate/Database/Migrations/Migrator.php(284): Illuminate/Database/Migrations/Migrator->rollbackMigrations(Array, Array, Array)
#18 E:/Users/Josue/UDB/2026/DSS404/Laboratorio/Desafio 3/control_citas_medica/vendor/laravel/framework/src/Illuminate/Database/Console/Migrations/RollbackCommand.php(63): Illuminate/Database/Migrations/Migrator->rollback(Array, Array)
#19 E:/Users/Josue/UDB/2026/DSS404/Laboratorio/Desafio 3/control_citas_medica/vendor/laravel/framework/src/Illuminate/Database/Migrations/Migrator.php(671): Illuminate/Database/Console/Migrations/RollbackCommand->Illuminate/Database/Console/Migrations/{closure}()
#20 E:/Users/Josue/UDB/2026/DSS404/Laboratorio/Desafio 3/control_citas_medica/vendor/laravel/framework/src/Illuminate/Database/Console/Migrations/RollbackCommand.php(62): Illuminate/Database/Migrations/Migrator->usingConnection(NULL, Object(Closure))
#21 E:/Users/Josue/UDB/2026/DSS404/Laboratorio/Desafio 3/control_citas_medica/vendor/laravel/framework/src/Illuminate/Container/BoundMethod.php(36): Illuminate/Database/Console/Migrations/RollbackCommand->handle()
#22 E:/Users/Josue/UDB/2026/DSS404/Laboratorio/Desafio 3/control_citas_medica/vendor/laravel/framework/src/Illuminate/Container/Util.php(43): Illuminate/Container/BoundMethod::Illuminate/Container/{closure}()
#23 E:/Users/Josue/UDB/2026/DSS404/Laboratorio/Desafio 3/control_citas_medica/vendor/laravel/framework/src/Illuminate/Container/BoundMethod.php(96): Illuminate/Container/Util::unwrapIfClosure(Object(Closure))
#24 E:/Users/Josue/UDB/2026/DSS404/Laboratorio/Desafio 3/control_citas_medica/vendor/laravel/framework/src/Illuminate/Container/BoundMethod.php(35): Illuminate/Container/BoundMethod::callBoundMethod(Object(Illuminate/Foundation/Application), Array, Object(Closure))
#25 E:/Users/Josue/UDB/2026/DSS404/Laboratorio/Desafio 3/control_citas_medica/vendor/laravel/framework/src/Illuminate/Container/Container.php(799): Illuminate/Container/BoundMethod::call(Object(Illuminate/Foundation/Application), Array, Array, NULL)
#26 E:/Users/Josue/UDB/2026/DSS404/Laboratorio/Desafio 3/control_citas_medica/vendor/laravel/framework/src/Illuminate/Console/Command.php(211): Illuminate/Container/Container->call(Array)
#27 E:/Users/Josue/UDB/2026/DSS404/Laboratorio/Desafio 3/control_citas_medica/vendor/symfony/console/Command/Command.php(341): Illuminate/Console/Command->execute(Object(Symfony/Component/Console/Input/ArgvInput), Object(Illuminate/Console/OutputStyle))
#28 E:/Users/Josue/UDB/2026/DSS404/Laboratorio/Desafio 3/control_citas_medica/vendor/laravel/framework/src/Illuminate/Console/Command.php(180): Symfony/Component/Console/Command/Command->run(Object(Symfony/Component/Console/Input/ArgvInput), Object(Illuminate/Console/OutputStyle))
#29 E:/Users/Josue/UDB/2026/DSS404/Laboratorio/Desafio 3/control_citas_medica/vendor/symfony/console/Application.php(1117): Illuminate/Console/Command->run(Object(Symfony/Component/Console/Input/ArgvInput), Object(Symfony/Component/Console/Output/ConsoleOutput))
#30 E:/Users/Josue/UDB/2026/DSS404/Laboratorio/Desafio 3/control_citas_medica/vendor/symfony/console/Application.php(356): Symfony/Component/Console/Application->doRunCommand(Object(Illuminate/Database/Console/Migrations/RollbackCommand), Object(Symfony/Component/Console/Input/ArgvInput), Object(Symfony/Component/Console/Output/ConsoleOutput))
#31 E:/Users/Josue/UDB/2026/DSS404/Laboratorio/Desafio 3/control_citas_medica/vendor/symfony/console/Application.php(195): Symfony/Component/Console/Application->doRun(Object(Symfony/Component/Console/Input/ArgvInput), Object(Symfony/Component/Console/Output/ConsoleOutput))
#32 E:/Users/Josue/UDB/2026/DSS404/Laboratorio/Desafio 3/control_citas_medica/vendor/laravel/framework/src/Illuminate/Foundation/Console/Kernel.php(198): Symfony/Component/Console/Application->run(Object(Symfony/Component/Console/Input/ArgvInput), Object(Symfony/Component/Console/Output/ConsoleOutput))
#33 E:/Users/Josue/UDB/2026/DSS404/Laboratorio/Desafio 3/control_citas_medica/vendor/laravel/framework/src/Illuminate/Foundation/Application.php(1235): Illuminate/Foundation/Console/Kernel->handle(Object(Symfony/Component/Console/Input/ArgvInput), Object(Symfony/Component/Console/Output/ConsoleOutput))
#34 E:/Users/Josue/UDB/2026/DSS404/Laboratorio/Desafio 3/control_citas_medica/artisan(16): Illuminate/Foundation/Application->handleCommand(Object(Symfony/Component/Console/Input/ArgvInput))
#35 {main}
"} 
[2026-05-23 05:54:00] local.ERROR: SQLSTATE[HY000]: General error: 1005 Can't create table `control_citas_medicas`.`appointments` (errno: 150 "Foreign key constraint is incorrectly formed") (Connection: mysql, Host: 127.0.0.1, Port: 3306, Database: control_citas_medicas, SQL: alter table `appointments` add constraint `appointments_specialty_id_foreign` foreign key (`specialty_id`) references `specialties` (`id`) on delete cascade) {"exception":"[object] (Illuminate\\Database\\QueryException(code: HY000): SQLSTATE[HY000]: General error: 1005 Can't create table `control_citas_medicas`.`appointments` (errno: 150 \"Foreign key constraint is incorrectly formed\") (Connection: mysql, Host: 127.0.0.1, Port: 3306, Database: control_citas_medicas, SQL: alter table `appointments` add constraint `appointments_specialty_id_foreign` foreign key (`specialty_id`) references `specialties` (`id`) on delete cascade) at E:/Users/Josue/UDB/2026/DSS404/Laboratorio/Desafio 3/control_citas_medica/vendor/laravel/framework/src/Illuminate/Database/Connection.php:838)
[stacktrace]
#0 E:/Users/Josue/UDB/2026/DSS404/Laboratorio/Desafio 3/control_citas_medica/vendor/laravel/framework/src/Illuminate/Database/Connection.php(794): Illuminate/Database/Connection->runQueryCallback('alter table `ap...', Array, Object(Closure))
#1 E:/Users/Josue/UDB/2026/DSS404/Laboratorio/Desafio 3/control_citas_medica/vendor/laravel/framework/src/Illuminate/Database/Connection.php(573): Illuminate/Database/Connection->run('alter table `ap...', Array, Object(Closure))
#2 E:/Users/Josue/UDB/2026/DSS404/Laboratorio/Desafio 3/control_citas_medica/vendor/laravel/framework/src/Illuminate/Database/Schema/Blueprint.php(121): Illuminate/Database/Connection->statement('alter table `ap...')
#3 E:/Users/Josue/UDB/2026/DSS404/Laboratorio/Desafio 3/control_citas_medica/vendor/laravel/framework/src/Illuminate/Database/Schema/Builder.php(686): Illuminate/Database/Schema/Blueprint->build()
#4 E:/Users/Josue/UDB/2026/DSS404/Laboratorio/Desafio 3/control_citas_medica/vendor/laravel/framework/src/Illuminate/Database/Schema/Builder.php(506): Illuminate/Database/Schema/Builder->build(Object(Illuminate/Database/Schema/Blueprint))
#5 E:/Users/Josue/UDB/2026/DSS404/Laboratorio/Desafio 3/control_citas_medica/vendor/laravel/framework/src/Illuminate/Support/Facades/Facade.php(363): Illuminate/Database/Schema/Builder->create('appointments', Object(Closure))
#6 E:/Users/Josue/UDB/2026/DSS404/Laboratorio/Desafio 3/control_citas_medica/database/migrations/2026_05_23_003248_create_appointments_table.php(14): Illuminate/Support/Facades/Facade::__callStatic('create', Array)
#7 E:/Users/Josue/UDB/2026/DSS404/Laboratorio/Desafio 3/control_citas_medica/vendor/laravel/framework/src/Illuminate/Database/Migrations/Migrator.php(517): Illuminate/Database/Migrations/Migration@anonymous->up()
#8 E:/Users/Josue/UDB/2026/DSS404/Laboratorio/Desafio 3/control_citas_medica/vendor/laravel/framework/src/Illuminate/Database/Migrations/Migrator.php(442): Illuminate/Database/Migrations/Migrator->runMethod(Object(Illuminate/Database/MySqlConnection), Object(Illuminate/Database/Migrations/Migration@anonymous), 'up')
#9 E:/Users/Josue/UDB/2026/DSS404/Laboratorio/Desafio 3/control_citas_medica/vendor/laravel/framework/src/Illuminate/Database/Migrations/Migrator.php(451): Illuminate/Database/Migrations/Migrator->Illuminate/Database/Migrations/{closure}()
#10 E:/Users/Josue/UDB/2026/DSS404/Laboratorio/Desafio 3/control_citas_medica/vendor/laravel/framework/src/Illuminate/Database/Migrations/Migrator.php(253): Illuminate/Database/Migrations/Migrator->runMigration(Object(Illuminate/Database/Migrations/Migration@anonymous), 'up')
#11 E:/Users/Josue/UDB/2026/DSS404/Laboratorio/Desafio 3/control_citas_medica/vendor/laravel/framework/src/Illuminate/Console/View/Components/Task.php(41): Illuminate/Database/Migrations/Migrator->Illuminate/Database/Migrations/{closure}()
#12 E:/Users/Josue/UDB/2026/DSS404/Laboratorio/Desafio 3/control_citas_medica/vendor/laravel/framework/src/Illuminate/Database/Migrations/Migrator.php(814): Illuminate/Console/View/Components/Task->render('2026_05_23_0032...', Object(Closure))
#13 E:/Users/Josue/UDB/2026/DSS404/Laboratorio/Desafio 3/control_citas_medica/vendor/laravel/framework/src/Illuminate/Database/Migrations/Migrator.php(253): Illuminate/Database/Migrations/Migrator->write('Illuminate//Cons...', '2026_05_23_0032...', Object(Closure))
#14 E:/Users/Josue/UDB/2026/DSS404/Laboratorio/Desafio 3/control_citas_medica/vendor/laravel/framework/src/Illuminate/Database/Migrations/Migrator.php(211): Illuminate/Database/Migrations/Migrator->runUp('E://Users//Josue//...', 1, false)
#15 E:/Users/Josue/UDB/2026/DSS404/Laboratorio/Desafio 3/control_citas_medica/vendor/laravel/framework/src/Illuminate/Database/Migrations/Migrator.php(138): Illuminate/Database/Migrations/Migrator->runPending(Array, Array)
#16 E:/Users/Josue/UDB/2026/DSS404/Laboratorio/Desafio 3/control_citas_medica/vendor/laravel/framework/src/Illuminate/Database/Console/Migrations/MigrateCommand.php(116): Illuminate/Database/Migrations/Migrator->run(Array, Array)
#17 E:/Users/Josue/UDB/2026/DSS404/Laboratorio/Desafio 3/control_citas_medica/vendor/laravel/framework/src/Illuminate/Database/Migrations/Migrator.php(671): Illuminate/Database/Console/Migrations/MigrateCommand->Illuminate/Database/Console/Migrations/{closure}()
#18 E:/Users/Josue/UDB/2026/DSS404/Laboratorio/Desafio 3/control_citas_medica/vendor/laravel/framework/src/Illuminate/Database/Console/Migrations/MigrateCommand.php(109): Illuminate/Database/Migrations/Migrator->usingConnection(NULL, Object(Closure))
#19 E:/Users/Josue/UDB/2026/DSS404/Laboratorio/Desafio 3/control_citas_medica/vendor/laravel/framework/src/Illuminate/Database/Console/Migrations/MigrateCommand.php(88): Illuminate/Database/Console/Migrations/MigrateCommand->runMigrations()
#20 E:/Users/Josue/UDB/2026/DSS404/Laboratorio/Desafio 3/control_citas_medica/vendor/laravel/framework/src/Illuminate/Container/BoundMethod.php(36): Illuminate/Database/Console/Migrations/MigrateCommand->handle()
#21 E:/Users/Josue/UDB/2026/DSS404/Laboratorio/Desafio 3/control_citas_medica/vendor/laravel/framework/src/Illuminate/Container/Util.php(43): Illuminate/Container/BoundMethod::Illuminate/Container/{closure}()
#22 E:/Users/Josue/UDB/2026/DSS404/Laboratorio/Desafio 3/control_citas_medica/vendor/laravel/framework/src/Illuminate/Container/BoundMethod.php(96): Illuminate/Container/Util::unwrapIfClosure(Object(Closure))
#23 E:/Users/Josue/UDB/2026/DSS404/Laboratorio/Desafio 3/control_citas_medica/vendor/laravel/framework/src/Illuminate/Container/BoundMethod.php(35): Illuminate/Container/BoundMethod::callBoundMethod(Object(Illuminate/Foundation/Application), Array, Object(Closure))
#24 E:/Users/Josue/UDB/2026/DSS404/Laboratorio/Desafio 3/control_citas_medica/vendor/laravel/framework/src/Illuminate/Container/Container.php(799): Illuminate/Container/BoundMethod::call(Object(Illuminate/Foundation/Application), Array, Array, NULL)
#25 E:/Users/Josue/UDB/2026/DSS404/Laboratorio/Desafio 3/control_citas_medica/vendor/laravel/framework/src/Illuminate/Console/Command.php(211): Illuminate/Container/Container->call(Array)
#26 E:/Users/Josue/UDB/2026/DSS404/Laboratorio/Desafio 3/control_citas_medica/vendor/symfony/console/Command/Command.php(341): Illuminate/Console/Command->execute(Object(Symfony/Component/Console/Input/ArgvInput), Object(Illuminate/Console/OutputStyle))
#27 E:/Users/Josue/UDB/2026/DSS404/Laboratorio/Desafio 3/control_citas_medica/vendor/laravel/framework/src/Illuminate/Console/Command.php(180): Symfony/Component/Console/Command/Command->run(Object(Symfony/Component/Console/Input/ArgvInput), Object(Illuminate/Console/OutputStyle))
#28 E:/Users/Josue/UDB/2026/DSS404/Laboratorio/Desafio 3/control_citas_medica/vendor/symfony/console/Application.php(1117): Illuminate/Console/Command->run(Object(Symfony/Component/Console/Input/ArgvInput), Object(Symfony/Component/Console/Output/ConsoleOutput))
#29 E:/Users/Josue/UDB/2026/DSS404/Laboratorio/Desafio 3/control_citas_medica/vendor/symfony/console/Application.php(356): Symfony/Component/Console/Application->doRunCommand(Object(Illuminate/Database/Console/Migrations/MigrateCommand), Object(Symfony/Component/Console/Input/ArgvInput), Object(Symfony/Component/Console/Output/ConsoleOutput))
#30 E:/Users/Josue/UDB/2026/DSS404/Laboratorio/Desafio 3/control_citas_medica/vendor/symfony/console/Application.php(195): Symfony/Component/Console/Application->doRun(Object(Symfony/Component/Console/Input/ArgvInput), Object(Symfony/Component/Console/Output/ConsoleOutput))
#31 E:/Users/Josue/UDB/2026/DSS404/Laboratorio/Desafio 3/control_citas_medica/vendor/laravel/framework/src/Illuminate/Foundation/Console/Kernel.php(198): Symfony/Component/Console/Application->run(Object(Symfony/Component/Console/Input/ArgvInput), Object(Symfony/Component/Console/Output/ConsoleOutput))
#32 E:/Users/Josue/UDB/2026/DSS404/Laboratorio/Desafio 3/control_citas_medica/vendor/laravel/framework/src/Illuminate/Foundation/Application.php(1235): Illuminate/Foundation/Console/Kernel->handle(Object(Symfony/Component/Console/Input/ArgvInput), Object(Symfony/Component/Console/Output/ConsoleOutput))
#33 E:/Users/Josue/UDB/2026/DSS404/Laboratorio/Desafio 3/control_citas_medica/artisan(16): Illuminate/Foundation/Application->handleCommand(Object(Symfony/Component/Console/Input/ArgvInput))
#34 {main}

[previous exception] [object] (PDOException(code: HY000): SQLSTATE[HY000]: General error: 1005 Can't create table `control_citas_medicas`.`appointments` (errno: 150 \"Foreign key constraint is incorrectly formed\") at E:/Users/Josue/UDB/2026/DSS404/Laboratorio/Desafio 3/control_citas_medica/vendor/laravel/framework/src/Illuminate/Database/Connection.php:584)
[stacktrace]
#0 E:/Users/Josue/UDB/2026/DSS404/Laboratorio/Desafio 3/control_citas_medica/vendor/laravel/framework/src/Illuminate/Database/Connection.php(584): PDOStatement->execute()
#1 E:/Users/Josue/UDB/2026/DSS404/Laboratorio/Desafio 3/control_citas_medica/vendor/laravel/framework/src/Illuminate/Database/Connection.php(827): Illuminate/Database/Connection->Illuminate/Database/{closure}('alter table `ap...', Array)
#2 E:/Users/Josue/UDB/2026/DSS404/Laboratorio/Desafio 3/control_citas_medica/vendor/laravel/framework/src/Illuminate/Database/Connection.php(794): Illuminate/Database/Connection->runQueryCallback('alter table `ap...', Array, Object(Closure))
#3 E:/Users/Josue/UDB/2026/DSS404/Laboratorio/Desafio 3/control_citas_medica/vendor/laravel/framework/src/Illuminate/Database/Connection.php(573): Illuminate/Database/Connection->run('alter table `ap...', Array, Object(Closure))
#4 E:/Users/Josue/UDB/2026/DSS404/Laboratorio/Desafio 3/control_citas_medica/vendor/laravel/framework/src/Illuminate/Database/Schema/Blueprint.php(121): Illuminate/Database/Connection->statement('alter table `ap...')
#5 E:/Users/Josue/UDB/2026/DSS404/Laboratorio/Desafio 3/control_citas_medica/vendor/laravel/framework/src/Illuminate/Database/Schema/Builder.php(686): Illuminate/Database/Schema/Blueprint->build()
#6 E:/Users/Josue/UDB/2026/DSS404/Laboratorio/Desafio 3/control_citas_medica/vendor/laravel/framework/src/Illuminate/Database/Schema/Builder.php(506): Illuminate/Database/Schema/Builder->build(Object(Illuminate/Database/Schema/Blueprint))
#7 E:/Users/Josue/UDB/2026/DSS404/Laboratorio/Desafio 3/control_citas_medica/vendor/laravel/framework/src/Illuminate/Support/Facades/Facade.php(363): Illuminate/Database/Schema/Builder->create('appointments', Object(Closure))
#8 E:/Users/Josue/UDB/2026/DSS404/Laboratorio/Desafio 3/control_citas_medica/database/migrations/2026_05_23_003248_create_appointments_table.php(14): Illuminate/Support/Facades/Facade::__callStatic('create', Array)
#9 E:/Users/Josue/UDB/2026/DSS404/Laboratorio/Desafio 3/control_citas_medica/vendor/laravel/framework/src/Illuminate/Database/Migrations/Migrator.php(517): Illuminate/Database/Migrations/Migration@anonymous->up()
#10 E:/Users/Josue/UDB/2026/DSS404/Laboratorio/Desafio 3/control_citas_medica/vendor/laravel/framework/src/Illuminate/Database/Migrations/Migrator.php(442): Illuminate/Database/Migrations/Migrator->runMethod(Object(Illuminate/Database/MySqlConnection), Object(Illuminate/Database/Migrations/Migration@anonymous), 'up')
#11 E:/Users/Josue/UDB/2026/DSS404/Laboratorio/Desafio 3/control_citas_medica/vendor/laravel/framework/src/Illuminate/Database/Migrations/Migrator.php(451): Illuminate/Database/Migrations/Migrator->Illuminate/Database/Migrations/{closure}()
#12 E:/Users/Josue/UDB/2026/DSS404/Laboratorio/Desafio 3/control_citas_medica/vendor/laravel/framework/src/Illuminate/Database/Migrations/Migrator.php(253): Illuminate/Database/Migrations/Migrator->runMigration(Object(Illuminate/Database/Migrations/Migration@anonymous), 'up')
#13 E:/Users/Josue/UDB/2026/DSS404/Laboratorio/Desafio 3/control_citas_medica/vendor/laravel/framework/src/Illuminate/Console/View/Components/Task.php(41): Illuminate/Database/Migrations/Migrator->Illuminate/Database/Migrations/{closure}()
#14 E:/Users/Josue/UDB/2026/DSS404/Laboratorio/Desafio 3/control_citas_medica/vendor/laravel/framework/src/Illuminate/Database/Migrations/Migrator.php(814): Illuminate/Console/View/Components/Task->render('2026_05_23_0032...', Object(Closure))
#15 E:/Users/Josue/UDB/2026/DSS404/Laboratorio/Desafio 3/control_citas_medica/vendor/laravel/framework/src/Illuminate/Database/Migrations/Migrator.php(253): Illuminate/Database/Migrations/Migrator->write('Illuminate//Cons...', '2026_05_23_0032...', Object(Closure))
#16 E:/Users/Josue/UDB/2026/DSS404/Laboratorio/Desafio 3/control_citas_medica/vendor/laravel/framework/src/Illuminate/Database/Migrations/Migrator.php(211): Illuminate/Database/Migrations/Migrator->runUp('E://Users//Josue//...', 1, false)
#17 E:/Users/Josue/UDB/2026/DSS404/Laboratorio/Desafio 3/control_citas_medica/vendor/laravel/framework/src/Illuminate/Database/Migrations/Migrator.php(138): Illuminate/Database/Migrations/Migrator->runPending(Array, Array)
#18 E:/Users/Josue/UDB/2026/DSS404/Laboratorio/Desafio 3/control_citas_medica/vendor/laravel/framework/src/Illuminate/Database/Console/Migrations/MigrateCommand.php(116): Illuminate/Database/Migrations/Migrator->run(Array, Array)
#19 E:/Users/Josue/UDB/2026/DSS404/Laboratorio/Desafio 3/control_citas_medica/vendor/laravel/framework/src/Illuminate/Database/Migrations/Migrator.php(671): Illuminate/Database/Console/Migrations/MigrateCommand->Illuminate/Database/Console/Migrations/{closure}()
#20 E:/Users/Josue/UDB/2026/DSS404/Laboratorio/Desafio 3/control_citas_medica/vendor/laravel/framework/src/Illuminate/Database/Console/Migrations/MigrateCommand.php(109): Illuminate/Database/Migrations/Migrator->usingConnection(NULL, Object(Closure))
#21 E:/Users/Josue/UDB/2026/DSS404/Laboratorio/Desafio 3/control_citas_medica/vendor/laravel/framework/src/Illuminate/Database/Console/Migrations/MigrateCommand.php(88): Illuminate/Database/Console/Migrations/MigrateCommand->runMigrations()
#22 E:/Users/Josue/UDB/2026/DSS404/Laboratorio/Desafio 3/control_citas_medica/vendor/laravel/framework/src/Illuminate/Container/BoundMethod.php(36): Illuminate/Database/Console/Migrations/MigrateCommand->handle()
#23 E:/Users/Josue/UDB/2026/DSS404/Laboratorio/Desafio 3/control_citas_medica/vendor/laravel/framework/src/Illuminate/Container/Util.php(43): Illuminate/Container/BoundMethod::Illuminate/Container/{closure}()
#24 E:/Users/Josue/UDB/2026/DSS404/Laboratorio/Desafio 3/control_citas_medica/vendor/laravel/framework/src/Illuminate/Container/BoundMethod.php(96): Illuminate/Container/Util::unwrapIfClosure(Object(Closure))
#25 E:/Users/Josue/UDB/2026/DSS404/Laboratorio/Desafio 3/control_citas_medica/vendor/laravel/framework/src/Illuminate/Container/BoundMethod.php(35): Illuminate/Container/BoundMethod::callBoundMethod(Object(Illuminate/Foundation/Application), Array, Object(Closure))
#26 E:/Users/Josue/UDB/2026/DSS404/Laboratorio/Desafio 3/control_citas_medica/vendor/laravel/framework/src/Illuminate/Container/Container.php(799): Illuminate/Container/BoundMethod::call(Object(Illuminate/Foundation/Application), Array, Array, NULL)
#27 E:/Users/Josue/UDB/2026/DSS404/Laboratorio/Desafio 3/control_citas_medica/vendor/laravel/framework/src/Illuminate/Console/Command.php(211): Illuminate/Container/Container->call(Array)
#28 E:/Users/Josue/UDB/2026/DSS404/Laboratorio/Desafio 3/control_citas_medica/vendor/symfony/console/Command/Command.php(341): Illuminate/Console/Command->execute(Object(Symfony/Component/Console/Input/ArgvInput), Object(Illuminate/Console/OutputStyle))
#29 E:/Users/Josue/UDB/2026/DSS404/Laboratorio/Desafio 3/control_citas_medica/vendor/laravel/framework/src/Illuminate/Console/Command.php(180): Symfony/Component/Console/Command/Command->run(Object(Symfony/Component/Console/Input/ArgvInput), Object(Illuminate/Console/OutputStyle))
#30 E:/Users/Josue/UDB/2026/DSS404/Laboratorio/Desafio 3/control_citas_medica/vendor/symfony/console/Application.php(1117): Illuminate/Console/Command->run(Object(Symfony/Component/Console/Input/ArgvInput), Object(Symfony/Component/Console/Output/ConsoleOutput))
#31 E:/Users/Josue/UDB/2026/DSS404/Laboratorio/Desafio 3/control_citas_medica/vendor/symfony/console/Application.php(356): Symfony/Component/Console/Application->doRunCommand(Object(Illuminate/Database/Console/Migrations/MigrateCommand), Object(Symfony/Component/Console/Input/ArgvInput), Object(Symfony/Component/Console/Output/ConsoleOutput))
#32 E:/Users/Josue/UDB/2026/DSS404/Laboratorio/Desafio 3/control_citas_medica/vendor/symfony/console/Application.php(195): Symfony/Component/Console/Application->doRun(Object(Symfony/Component/Console/Input/ArgvInput), Object(Symfony/Component/Console/Output/ConsoleOutput))
#33 E:/Users/Josue/UDB/2026/DSS404/Laboratorio/Desafio 3/control_citas_medica/vendor/laravel/framework/src/Illuminate/Foundation/Console/Kernel.php(198): Symfony/Component/Console/Application->run(Object(Symfony/Component/Console/Input/ArgvInput), Object(Symfony/Component/Console/Output/ConsoleOutput))
#34 E:/Users/Josue/UDB/2026/DSS404/Laboratorio/Desafio 3/control_citas_medica/vendor/laravel/framework/src/Illuminate/Foundation/Application.php(1235): Illuminate/Foundation/Console/Kernel->handle(Object(Symfony/Component/Console/Input/ArgvInput), Object(Symfony/Component/Console/Output/ConsoleOutput))
#35 E:/Users/Josue/UDB/2026/DSS404/Laboratorio/Desafio 3/control_citas_medica/artisan(16): Illuminate/Foundation/Application->handleCommand(Object(Symfony/Component/Console/Input/ArgvInput))
#36 {main}
"} 
[2026-05-23 05:55:03] local.ERROR: SQLSTATE[23000]: Integrity constraint violation: 1451 Cannot delete or update a parent row: a foreign key constraint fails (Connection: mysql, Host: 127.0.0.1, Port: 3306, Database: control_citas_medicas, SQL: drop table if exists `users`) {"exception":"[object] (Illuminate\\Database\\QueryException(code: 23000): SQLSTATE[23000]: Integrity constraint violation: 1451 Cannot delete or update a parent row: a foreign key constraint fails (Connection: mysql, Host: 127.0.0.1, Port: 3306, Database: control_citas_medicas, SQL: drop table if exists `users`) at E:/Users/Josue/UDB/2026/DSS404/Laboratorio/Desafio 3/control_citas_medica/vendor/laravel/framework/src/Illuminate/Database/Connection.php:838)
[stacktrace]
#0 E:/Users/Josue/UDB/2026/DSS404/Laboratorio/Desafio 3/control_citas_medica/vendor/laravel/framework/src/Illuminate/Database/Connection.php(794): Illuminate/Database/Connection->runQueryCallback('drop table if e...', Array, Object(Closure))
#1 E:/Users/Josue/UDB/2026/DSS404/Laboratorio/Desafio 3/control_citas_medica/vendor/laravel/framework/src/Illuminate/Database/Connection.php(573): Illuminate/Database/Connection->run('drop table if e...', Array, Object(Closure))
#2 E:/Users/Josue/UDB/2026/DSS404/Laboratorio/Desafio 3/control_citas_medica/vendor/laravel/framework/src/Illuminate/Database/Schema/Blueprint.php(121): Illuminate/Database/Connection->statement('drop table if e...')
#3 E:/Users/Josue/UDB/2026/DSS404/Laboratorio/Desafio 3/control_citas_medica/vendor/laravel/framework/src/Illuminate/Database/Schema/Builder.php(686): Illuminate/Database/Schema/Blueprint->build()
#4 E:/Users/Josue/UDB/2026/DSS404/Laboratorio/Desafio 3/control_citas_medica/vendor/laravel/framework/src/Illuminate/Database/Schema/Builder.php(534): Illuminate/Database/Schema/Builder->build(Object(Illuminate/Database/Schema/Blueprint))
#5 E:/Users/Josue/UDB/2026/DSS404/Laboratorio/Desafio 3/control_citas_medica/vendor/laravel/framework/src/Illuminate/Support/Facades/Facade.php(363): Illuminate/Database/Schema/Builder->dropIfExists('users')
#6 E:/Users/Josue/UDB/2026/DSS404/Laboratorio/Desafio 3/control_citas_medica/database/migrations/0001_01_01_000000_create_users_table.php(46): Illuminate/Support/Facades/Facade::__callStatic('dropIfExists', Array)
#7 E:/Users/Josue/UDB/2026/DSS404/Laboratorio/Desafio 3/control_citas_medica/vendor/laravel/framework/src/Illuminate/Database/Migrations/Migrator.php(517): Illuminate/Database/Migrations/Migration@anonymous->down()
#8 E:/Users/Josue/UDB/2026/DSS404/Laboratorio/Desafio 3/control_citas_medica/vendor/laravel/framework/src/Illuminate/Database/Migrations/Migrator.php(442): Illuminate/Database/Migrations/Migrator->runMethod(Object(Illuminate/Database/MySqlConnection), Object(Illuminate/Database/Migrations/Migration@anonymous), 'down')
#9 E:/Users/Josue/UDB/2026/DSS404/Laboratorio/Desafio 3/control_citas_medica/vendor/laravel/framework/src/Illuminate/Database/Migrations/Migrator.php(451): Illuminate/Database/Migrations/Migrator->Illuminate/Database/Migrations/{closure}()
#10 E:/Users/Josue/UDB/2026/DSS404/Laboratorio/Desafio 3/control_citas_medica/vendor/laravel/framework/src/Illuminate/Database/Migrations/Migrator.php(417): Illuminate/Database/Migrations/Migrator->runMigration(Object(Illuminate/Database/Migrations/Migration@anonymous), 'down')
#11 E:/Users/Josue/UDB/2026/DSS404/Laboratorio/Desafio 3/control_citas_medica/vendor/laravel/framework/src/Illuminate/Console/View/Components/Task.php(41): Illuminate/Database/Migrations/Migrator->Illuminate/Database/Migrations/{closure}()
#12 E:/Users/Josue/UDB/2026/DSS404/Laboratorio/Desafio 3/control_citas_medica/vendor/laravel/framework/src/Illuminate/Database/Migrations/Migrator.php(814): Illuminate/Console/View/Components/Task->render('0001_01_01_0000...', Object(Closure))
#13 E:/Users/Josue/UDB/2026/DSS404/Laboratorio/Desafio 3/control_citas_medica/vendor/laravel/framework/src/Illuminate/Database/Migrations/Migrator.php(417): Illuminate/Database/Migrations/Migrator->write('Illuminate//Cons...', '0001_01_01_0000...', Object(Closure))
#14 E:/Users/Josue/UDB/2026/DSS404/Laboratorio/Desafio 3/control_citas_medica/vendor/laravel/framework/src/Illuminate/Database/Migrations/Migrator.php(340): Illuminate/Database/Migrations/Migrator->runDown('E://Users//Josue//...', Object(stdClass), false)
#15 E:/Users/Josue/UDB/2026/DSS404/Laboratorio/Desafio 3/control_citas_medica/vendor/laravel/framework/src/Illuminate/Database/Migrations/Migrator.php(284): Illuminate/Database/Migrations/Migrator->rollbackMigrations(Array, Array, Array)
#16 E:/Users/Josue/UDB/2026/DSS404/Laboratorio/Desafio 3/control_citas_medica/vendor/laravel/framework/src/Illuminate/Database/Console/Migrations/RollbackCommand.php(63): Illuminate/Database/Migrations/Migrator->rollback(Array, Array)
#17 E:/Users/Josue/UDB/2026/DSS404/Laboratorio/Desafio 3/control_citas_medica/vendor/laravel/framework/src/Illuminate/Database/Migrations/Migrator.php(671): Illuminate/Database/Console/Migrations/RollbackCommand->Illuminate/Database/Console/Migrations/{closure}()
#18 E:/Users/Josue/UDB/2026/DSS404/Laboratorio/Desafio 3/control_citas_medica/vendor/laravel/framework/src/Illuminate/Database/Console/Migrations/RollbackCommand.php(62): Illuminate/Database/Migrations/Migrator->usingConnection(NULL, Object(Closure))
#19 E:/Users/Josue/UDB/2026/DSS404/Laboratorio/Desafio 3/control_citas_medica/vendor/laravel/framework/src/Illuminate/Container/BoundMethod.php(36): Illuminate/Database/Console/Migrations/RollbackCommand->handle()
#20 E:/Users/Josue/UDB/2026/DSS404/Laboratorio/Desafio 3/control_citas_medica/vendor/laravel/framework/src/Illuminate/Container/Util.php(43): Illuminate/Container/BoundMethod::Illuminate/Container/{closure}()
#21 E:/Users/Josue/UDB/2026/DSS404/Laboratorio/Desafio 3/control_citas_medica/vendor/laravel/framework/src/Illuminate/Container/BoundMethod.php(96): Illuminate/Container/Util::unwrapIfClosure(Object(Closure))
#22 E:/Users/Josue/UDB/2026/DSS404/Laboratorio/Desafio 3/control_citas_medica/vendor/laravel/framework/src/Illuminate/Container/BoundMethod.php(35): Illuminate/Container/BoundMethod::callBoundMethod(Object(Illuminate/Foundation/Application), Array, Object(Closure))
#23 E:/Users/Josue/UDB/2026/DSS404/Laboratorio/Desafio 3/control_citas_medica/vendor/laravel/framework/src/Illuminate/Container/Container.php(799): Illuminate/Container/BoundMethod::call(Object(Illuminate/Foundation/Application), Array, Array, NULL)
#24 E:/Users/Josue/UDB/2026/DSS404/Laboratorio/Desafio 3/control_citas_medica/vendor/laravel/framework/src/Illuminate/Console/Command.php(211): Illuminate/Container/Container->call(Array)
#25 E:/Users/Josue/UDB/2026/DSS404/Laboratorio/Desafio 3/control_citas_medica/vendor/symfony/console/Command/Command.php(341): Illuminate/Console/Command->execute(Object(Symfony/Component/Console/Input/ArgvInput), Object(Illuminate/Console/OutputStyle))
#26 E:/Users/Josue/UDB/2026/DSS404/Laboratorio/Desafio 3/control_citas_medica/vendor/laravel/framework/src/Illuminate/Console/Command.php(180): Symfony/Component/Console/Command/Command->run(Object(Symfony/Component/Console/Input/ArgvInput), Object(Illuminate/Console/OutputStyle))
#27 E:/Users/Josue/UDB/2026/DSS404/Laboratorio/Desafio 3/control_citas_medica/vendor/symfony/console/Application.php(1117): Illuminate/Console/Command->run(Object(Symfony/Component/Console/Input/ArgvInput), Object(Symfony/Component/Console/Output/ConsoleOutput))
#28 E:/Users/Josue/UDB/2026/DSS404/Laboratorio/Desafio 3/control_citas_medica/vendor/symfony/console/Application.php(356): Symfony/Component/Console/Application->doRunCommand(Object(Illuminate/Database/Console/Migrations/RollbackCommand), Object(Symfony/Component/Console/Input/ArgvInput), Object(Symfony/Component/Console/Output/ConsoleOutput))
#29 E:/Users/Josue/UDB/2026/DSS404/Laboratorio/Desafio 3/control_citas_medica/vendor/symfony/console/Application.php(195): Symfony/Component/Console/Application->doRun(Object(Symfony/Component/Console/Input/ArgvInput), Object(Symfony/Component/Console/Output/ConsoleOutput))
#30 E:/Users/Josue/UDB/2026/DSS404/Laboratorio/Desafio 3/control_citas_medica/vendor/laravel/framework/src/Illuminate/Foundation/Console/Kernel.php(198): Symfony/Component/Console/Application->run(Object(Symfony/Component/Console/Input/ArgvInput), Object(Symfony/Component/Console/Output/ConsoleOutput))
#31 E:/Users/Josue/UDB/2026/DSS404/Laboratorio/Desafio 3/control_citas_medica/vendor/laravel/framework/src/Illuminate/Foundation/Application.php(1235): Illuminate/Foundation/Console/Kernel->handle(Object(Symfony/Component/Console/Input/ArgvInput), Object(Symfony/Component/Console/Output/ConsoleOutput))
#32 E:/Users/Josue/UDB/2026/DSS404/Laboratorio/Desafio 3/control_citas_medica/artisan(16): Illuminate/Foundation/Application->handleCommand(Object(Symfony/Component/Console/Input/ArgvInput))
#33 {main}

[previous exception] [object] (PDOException(code: 23000): SQLSTATE[23000]: Integrity constraint violation: 1451 Cannot delete or update a parent row: a foreign key constraint fails at E:/Users/Josue/UDB/2026/DSS404/Laboratorio/Desafio 3/control_citas_medica/vendor/laravel/framework/src/Illuminate/Database/Connection.php:584)
[stacktrace]
#0 E:/Users/Josue/UDB/2026/DSS404/Laboratorio/Desafio 3/control_citas_medica/vendor/laravel/framework/src/Illuminate/Database/Connection.php(584): PDOStatement->execute()
#1 E:/Users/Josue/UDB/2026/DSS404/Laboratorio/Desafio 3/control_citas_medica/vendor/laravel/framework/src/Illuminate/Database/Connection.php(827): Illuminate/Database/Connection->Illuminate/Database/{closure}('drop table if e...', Array)
#2 E:/Users/Josue/UDB/2026/DSS404/Laboratorio/Desafio 3/control_citas_medica/vendor/laravel/framework/src/Illuminate/Database/Connection.php(794): Illuminate/Database/Connection->runQueryCallback('drop table if e...', Array, Object(Closure))
#3 E:/Users/Josue/UDB/2026/DSS404/Laboratorio/Desafio 3/control_citas_medica/vendor/laravel/framework/src/Illuminate/Database/Connection.php(573): Illuminate/Database/Connection->run('drop table if e...', Array, Object(Closure))
#4 E:/Users/Josue/UDB/2026/DSS404/Laboratorio/Desafio 3/control_citas_medica/vendor/laravel/framework/src/Illuminate/Database/Schema/Blueprint.php(121): Illuminate/Database/Connection->statement('drop table if e...')
#5 E:/Users/Josue/UDB/2026/DSS404/Laboratorio/Desafio 3/control_citas_medica/vendor/laravel/framework/src/Illuminate/Database/Schema/Builder.php(686): Illuminate/Database/Schema/Blueprint->build()
#6 E:/Users/Josue/UDB/2026/DSS404/Laboratorio/Desafio 3/control_citas_medica/vendor/laravel/framework/src/Illuminate/Database/Schema/Builder.php(534): Illuminate/Database/Schema/Builder->build(Object(Illuminate/Database/Schema/Blueprint))
#7 E:/Users/Josue/UDB/2026/DSS404/Laboratorio/Desafio 3/control_citas_medica/vendor/laravel/framework/src/Illuminate/Support/Facades/Facade.php(363): Illuminate/Database/Schema/Builder->dropIfExists('users')
#8 E:/Users/Josue/UDB/2026/DSS404/Laboratorio/Desafio 3/control_citas_medica/database/migrations/0001_01_01_000000_create_users_table.php(46): Illuminate/Support/Facades/Facade::__callStatic('dropIfExists', Array)
#9 E:/Users/Josue/UDB/2026/DSS404/Laboratorio/Desafio 3/control_citas_medica/vendor/laravel/framework/src/Illuminate/Database/Migrations/Migrator.php(517): Illuminate/Database/Migrations/Migration@anonymous->down()
#10 E:/Users/Josue/UDB/2026/DSS404/Laboratorio/Desafio 3/control_citas_medica/vendor/laravel/framework/src/Illuminate/Database/Migrations/Migrator.php(442): Illuminate/Database/Migrations/Migrator->runMethod(Object(Illuminate/Database/MySqlConnection), Object(Illuminate/Database/Migrations/Migration@anonymous), 'down')
#11 E:/Users/Josue/UDB/2026/DSS404/Laboratorio/Desafio 3/control_citas_medica/vendor/laravel/framework/src/Illuminate/Database/Migrations/Migrator.php(451): Illuminate/Database/Migrations/Migrator->Illuminate/Database/Migrations/{closure}()
#12 E:/Users/Josue/UDB/2026/DSS404/Laboratorio/Desafio 3/control_citas_medica/vendor/laravel/framework/src/Illuminate/Database/Migrations/Migrator.php(417): Illuminate/Database/Migrations/Migrator->runMigration(Object(Illuminate/Database/Migrations/Migration@anonymous), 'down')
#13 E:/Users/Josue/UDB/2026/DSS404/Laboratorio/Desafio 3/control_citas_medica/vendor/laravel/framework/src/Illuminate/Console/View/Components/Task.php(41): Illuminate/Database/Migrations/Migrator->Illuminate/Database/Migrations/{closure}()
#14 E:/Users/Josue/UDB/2026/DSS404/Laboratorio/Desafio 3/control_citas_medica/vendor/laravel/framework/src/Illuminate/Database/Migrations/Migrator.php(814): Illuminate/Console/View/Components/Task->render('0001_01_01_0000...', Object(Closure))
#15 E:/Users/Josue/UDB/2026/DSS404/Laboratorio/Desafio 3/control_citas_medica/vendor/laravel/framework/src/Illuminate/Database/Migrations/Migrator.php(417): Illuminate/Database/Migrations/Migrator->write('Illuminate//Cons...', '0001_01_01_0000...', Object(Closure))
#16 E:/Users/Josue/UDB/2026/DSS404/Laboratorio/Desafio 3/control_citas_medica/vendor/laravel/framework/src/Illuminate/Database/Migrations/Migrator.php(340): Illuminate/Database/Migrations/Migrator->runDown('E://Users//Josue//...', Object(stdClass), false)
#17 E:/Users/Josue/UDB/2026/DSS404/Laboratorio/Desafio 3/control_citas_medica/vendor/laravel/framework/src/Illuminate/Database/Migrations/Migrator.php(284): Illuminate/Database/Migrations/Migrator->rollbackMigrations(Array, Array, Array)
#18 E:/Users/Josue/UDB/2026/DSS404/Laboratorio/Desafio 3/control_citas_medica/vendor/laravel/framework/src/Illuminate/Database/Console/Migrations/RollbackCommand.php(63): Illuminate/Database/Migrations/Migrator->rollback(Array, Array)
#19 E:/Users/Josue/UDB/2026/DSS404/Laboratorio/Desafio 3/control_citas_medica/vendor/laravel/framework/src/Illuminate/Database/Migrations/Migrator.php(671): Illuminate/Database/Console/Migrations/RollbackCommand->Illuminate/Database/Console/Migrations/{closure}()
#20 E:/Users/Josue/UDB/2026/DSS404/Laboratorio/Desafio 3/control_citas_medica/vendor/laravel/framework/src/Illuminate/Database/Console/Migrations/RollbackCommand.php(62): Illuminate/Database/Migrations/Migrator->usingConnection(NULL, Object(Closure))
#21 E:/Users/Josue/UDB/2026/DSS404/Laboratorio/Desafio 3/control_citas_medica/vendor/laravel/framework/src/Illuminate/Container/BoundMethod.php(36): Illuminate/Database/Console/Migrations/RollbackCommand->handle()
#22 E:/Users/Josue/UDB/2026/DSS404/Laboratorio/Desafio 3/control_citas_medica/vendor/laravel/framework/src/Illuminate/Container/Util.php(43): Illuminate/Container/BoundMethod::Illuminate/Container/{closure}()
#23 E:/Users/Josue/UDB/2026/DSS404/Laboratorio/Desafio 3/control_citas_medica/vendor/laravel/framework/src/Illuminate/Container/BoundMethod.php(96): Illuminate/Container/Util::unwrapIfClosure(Object(Closure))
#24 E:/Users/Josue/UDB/2026/DSS404/Laboratorio/Desafio 3/control_citas_medica/vendor/laravel/framework/src/Illuminate/Container/BoundMethod.php(35): Illuminate/Container/BoundMethod::callBoundMethod(Object(Illuminate/Foundation/Application), Array, Object(Closure))
#25 E:/Users/Josue/UDB/2026/DSS404/Laboratorio/Desafio 3/control_citas_medica/vendor/laravel/framework/src/Illuminate/Container/Container.php(799): Illuminate/Container/BoundMethod::call(Object(Illuminate/Foundation/Application), Array, Array, NULL)
#26 E:/Users/Josue/UDB/2026/DSS404/Laboratorio/Desafio 3/control_citas_medica/vendor/laravel/framework/src/Illuminate/Console/Command.php(211): Illuminate/Container/Container->call(Array)
#27 E:/Users/Josue/UDB/2026/DSS404/Laboratorio/Desafio 3/control_citas_medica/vendor/symfony/console/Command/Command.php(341): Illuminate/Console/Command->execute(Object(Symfony/Component/Console/Input/ArgvInput), Object(Illuminate/Console/OutputStyle))
#28 E:/Users/Josue/UDB/2026/DSS404/Laboratorio/Desafio 3/control_citas_medica/vendor/laravel/framework/src/Illuminate/Console/Command.php(180): Symfony/Component/Console/Command/Command->run(Object(Symfony/Component/Console/Input/ArgvInput), Object(Illuminate/Console/OutputStyle))
#29 E:/Users/Josue/UDB/2026/DSS404/Laboratorio/Desafio 3/control_citas_medica/vendor/symfony/console/Application.php(1117): Illuminate/Console/Command->run(Object(Symfony/Component/Console/Input/ArgvInput), Object(Symfony/Component/Console/Output/ConsoleOutput))
#30 E:/Users/Josue/UDB/2026/DSS404/Laboratorio/Desafio 3/control_citas_medica/vendor/symfony/console/Application.php(356): Symfony/Component/Console/Application->doRunCommand(Object(Illuminate/Database/Console/Migrations/RollbackCommand), Object(Symfony/Component/Console/Input/ArgvInput), Object(Symfony/Component/Console/Output/ConsoleOutput))
#31 E:/Users/Josue/UDB/2026/DSS404/Laboratorio/Desafio 3/control_citas_medica/vendor/symfony/console/Application.php(195): Symfony/Component/Console/Application->doRun(Object(Symfony/Component/Console/Input/ArgvInput), Object(Symfony/Component/Console/Output/ConsoleOutput))
#32 E:/Users/Josue/UDB/2026/DSS404/Laboratorio/Desafio 3/control_citas_medica/vendor/laravel/framework/src/Illuminate/Foundation/Console/Kernel.php(198): Symfony/Component/Console/Application->run(Object(Symfony/Component/Console/Input/ArgvInput), Object(Symfony/Component/Console/Output/ConsoleOutput))
#33 E:/Users/Josue/UDB/2026/DSS404/Laboratorio/Desafio 3/control_citas_medica/vendor/laravel/framework/src/Illuminate/Foundation/Application.php(1235): Illuminate/Foundation/Console/Kernel->handle(Object(Symfony/Component/Console/Input/ArgvInput), Object(Symfony/Component/Console/Output/ConsoleOutput))
#34 E:/Users/Josue/UDB/2026/DSS404/Laboratorio/Desafio 3/control_citas_medica/artisan(16): Illuminate/Foundation/Application->handleCommand(Object(Symfony/Component/Console/Input/ArgvInput))
#35 {main}
"} 
[2026-05-23 15:58:33] local.ERROR: Trait "Database\Seeders\WithoutModelEvents" not found {"exception":"[object] (Symfony\\Component\\ErrorHandler\\Error\\FatalError(code: 0): Trait \"Database\\Seeders\\WithoutModelEvents\" not found at E:/Users/Josue/UDB/2026/DSS404/Laboratorio/Desafio 3/control_citas_medica/database/seeders/DatabaseSeeder.php:11)
[stacktrace]
#0 {main}
"} 
[2026-05-23 20:41:05] local.ERROR: Route [appointment.index] not defined. {"exception":"[object] (Symfony\\Component\\Routing\\Exception\\RouteNotFoundException(code: 0): Route [appointment.index] not defined. at E:/Users/Josue/UDB/2026/DSS404/Laboratorio/Desafio 3/control_citas_medica/vendor/laravel/framework/src/Illuminate/Routing/UrlGenerator.php:534)
[stacktrace]
#0 E:/Users/Josue/UDB/2026/DSS404/Laboratorio/Desafio 3/control_citas_medica/vendor/laravel/framework/src/Illuminate/Routing/Redirector.php(153): Illuminate/Routing/UrlGenerator->route('appointment.ind...', Array)
#1 E:/Users/Josue/UDB/2026/DSS404/Laboratorio/Desafio 3/control_citas_medica/routes/web.php(7): Illuminate/Routing/Redirector->route('appointment.ind...')
#2 E:/Users/Josue/UDB/2026/DSS404/Laboratorio/Desafio 3/control_citas_medica/vendor/laravel/framework/src/Illuminate/Routing/CallableDispatcher.php(39): Illuminate/Routing/RouteFileRegistrar->{closure}()
#3 E:/Users/Josue/UDB/2026/DSS404/Laboratorio/Desafio 3/control_citas_medica/vendor/laravel/framework/src/Illuminate/Routing/Route.php(243): Illuminate/Routing/CallableDispatcher->dispatch(Object(Illuminate/Routing/Route), Object(Closure))
#4 E:/Users/Josue/UDB/2026/DSS404/Laboratorio/Desafio 3/control_citas_medica/vendor/laravel/framework/src/Illuminate/Routing/Route.php(214): Illuminate/Routing/Route->runCallable()
#5 E:/Users/Josue/UDB/2026/DSS404/Laboratorio/Desafio 3/control_citas_medica/vendor/laravel/framework/src/Illuminate/Routing/Router.php(822): Illuminate/Routing/Route->run()
#6 E:/Users/Josue/UDB/2026/DSS404/Laboratorio/Desafio 3/control_citas_medica/vendor/laravel/framework/src/Illuminate/Pipeline/Pipeline.php(180): Illuminate/Routing/Router->Illuminate/Routing/{closure}(Object(Illuminate/Http/Request))
#7 E:/Users/Josue/UDB/2026/DSS404/Laboratorio/Desafio 3/control_citas_medica/vendor/laravel/framework/src/Illuminate/Routing/Middleware/SubstituteBindings.php(50): Illuminate/Pipeline/Pipeline->Illuminate/Pipeline/{closure}(Object(Illuminate/Http/Request))
#8 E:/Users/Josue/UDB/2026/DSS404/Laboratorio/Desafio 3/control_citas_medica/vendor/laravel/framework/src/Illuminate/Pipeline/Pipeline.php(219): Illuminate/Routing/Middleware/SubstituteBindings->handle(Object(Illuminate/Http/Request), Object(Closure))
#9 E:/Users/Josue/UDB/2026/DSS404/Laboratorio/Desafio 3/control_citas_medica/vendor/laravel/framework/src/Illuminate/Foundation/Http/Middleware/VerifyCsrfToken.php(87): Illuminate/Pipeline/Pipeline->Illuminate/Pipeline/{closure}(Object(Illuminate/Http/Request))
#10 E:/Users/Josue/UDB/2026/DSS404/Laboratorio/Desafio 3/control_citas_medica/vendor/laravel/framework/src/Illuminate/Pipeline/Pipeline.php(219): Illuminate/Foundation/Http/Middleware/VerifyCsrfToken->handle(Object(Illuminate/Http/Request), Object(Closure))
#11 E:/Users/Josue/UDB/2026/DSS404/Laboratorio/Desafio 3/control_citas_medica/vendor/laravel/framework/src/Illuminate/View/Middleware/ShareErrorsFromSession.php(48): Illuminate/Pipeline/Pipeline->Illuminate/Pipeline/{closure}(Object(Illuminate/Http/Request))
#12 E:/Users/Josue/UDB/2026/DSS404/Laboratorio/Desafio 3/control_citas_medica/vendor/laravel/framework/src/Illuminate/Pipeline/Pipeline.php(219): Illuminate/View/Middleware/ShareErrorsFromSession->handle(Object(Illuminate/Http/Request), Object(Closure))
#13 E:/Users/Josue/UDB/2026/DSS404/Laboratorio/Desafio 3/control_citas_medica/vendor/laravel/framework/src/Illuminate/Session/Middleware/StartSession.php(120): Illuminate/Pipeline/Pipeline->Illuminate/Pipeline/{closure}(Object(Illuminate/Http/Request))
#14 E:/Users/Josue/UDB/2026/DSS404/Laboratorio/Desafio 3/control_citas_medica/vendor/laravel/framework/src/Illuminate/Session/Middleware/StartSession.php(63): Illuminate/Session/Middleware/StartSession->handleStatefulRequest(Object(Illuminate/Http/Request), Object(Illuminate/Session/Store), Object(Closure))
#15 E:/Users/Josue/UDB/2026/DSS404/Laboratorio/Desafio 3/control_citas_medica/vendor/laravel/framework/src/Illuminate/Pipeline/Pipeline.php(219): Illuminate/Session/Middleware/StartSession->handle(Object(Illuminate/Http/Request), Object(Closure))
#16 E:/Users/Josue/UDB/2026/DSS404/Laboratorio/Desafio 3/control_citas_medica/vendor/laravel/framework/src/Illuminate/Cookie/Middleware/AddQueuedCookiesToResponse.php(36): Illuminate/Pipeline/Pipeline->Illuminate/Pipeline/{closure}(Object(Illuminate/Http/Request))
#17 E:/Users/Josue/UDB/2026/DSS404/Laboratorio/Desafio 3/control_citas_medica/vendor/laravel/framework/src/Illuminate/Pipeline/Pipeline.php(219): Illuminate/Cookie/Middleware/AddQueuedCookiesToResponse->handle(Object(Illuminate/Http/Request), Object(Closure))
#18 E:/Users/Josue/UDB/2026/DSS404/Laboratorio/Desafio 3/control_citas_medica/vendor/laravel/framework/src/Illuminate/Cookie/Middleware/EncryptCookies.php(74): Illuminate/Pipeline/Pipeline->Illuminate/Pipeline/{closure}(Object(Illuminate/Http/Request))
#19 E:/Users/Josue/UDB/2026/DSS404/Laboratorio/Desafio 3/control_citas_medica/vendor/laravel/framework/src/Illuminate/Pipeline/Pipeline.php(219): Illuminate/Cookie/Middleware/EncryptCookies->handle(Object(Illuminate/Http/Request), Object(Closure))
#20 E:/Users/Josue/UDB/2026/DSS404/Laboratorio/Desafio 3/control_citas_medica/vendor/laravel/framework/src/Illuminate/Pipeline/Pipeline.php(137): Illuminate/Pipeline/Pipeline->Illuminate/Pipeline/{closure}(Object(Illuminate/Http/Request))
#21 E:/Users/Josue/UDB/2026/DSS404/Laboratorio/Desafio 3/control_citas_medica/vendor/laravel/framework/src/Illuminate/Routing/Router.php(821): Illuminate/Pipeline/Pipeline->then(Object(Closure))
#22 E:/Users/Josue/UDB/2026/DSS404/Laboratorio/Desafio 3/control_citas_medica/vendor/laravel/framework/src/Illuminate/Routing/Router.php(800): Illuminate/Routing/Router->runRouteWithinStack(Object(Illuminate/Routing/Route), Object(Illuminate/Http/Request))
#23 E:/Users/Josue/UDB/2026/DSS404/Laboratorio/Desafio 3/control_citas_medica/vendor/laravel/framework/src/Illuminate/Routing/Router.php(764): Illuminate/Routing/Router->runRoute(Object(Illuminate/Http/Request), Object(Illuminate/Routing/Route))
#24 E:/Users/Josue/UDB/2026/DSS404/Laboratorio/Desafio 3/control_citas_medica/vendor/laravel/framework/src/Illuminate/Routing/Router.php(753): Illuminate/Routing/Router->dispatchToRoute(Object(Illuminate/Http/Request))
#25 E:/Users/Josue/UDB/2026/DSS404/Laboratorio/Desafio 3/control_citas_medica/vendor/laravel/framework/src/Illuminate/Foundation/Http/Kernel.php(200): Illuminate/Routing/Router->dispatch(Object(Illuminate/Http/Request))
#26 E:/Users/Josue/UDB/2026/DSS404/Laboratorio/Desafio 3/control_citas_medica/vendor/laravel/framework/src/Illuminate/Pipeline/Pipeline.php(180): Illuminate/Foundation/Http/Kernel->Illuminate/Foundation/Http/{closure}(Object(Illuminate/Http/Request))
#27 E:/Users/Josue/UDB/2026/DSS404/Laboratorio/Desafio 3/control_citas_medica/vendor/laravel/framework/src/Illuminate/Foundation/Http/Middleware/TransformsRequest.php(21): Illuminate/Pipeline/Pipeline->Illuminate/Pipeline/{closure}(Object(Illuminate/Http/Request))
#28 E:/Users/Josue/UDB/2026/DSS404/Laboratorio/Desafio 3/control_citas_medica/vendor/laravel/framework/src/Illuminate/Foundation/Http/Middleware/ConvertEmptyStringsToNull.php(31): Illuminate/Foundation/Http/Middleware/TransformsRequest->handle(Object(Illuminate/Http/Request), Object(Closure))
#29 E:/Users/Josue/UDB/2026/DSS404/Laboratorio/Desafio 3/control_citas_medica/vendor/laravel/framework/src/Illuminate/Pipeline/Pipeline.php(219): Illuminate/Foundation/Http/Middleware/ConvertEmptyStringsToNull->handle(Object(Illuminate/Http/Request), Object(Closure))
#30 E:/Users/Josue/UDB/2026/DSS404/Laboratorio/Desafio 3/control_citas_medica/vendor/laravel/framework/src/Illuminate/Foundation/Http/Middleware/TransformsRequest.php(21): Illuminate/Pipeline/Pipeline->Illuminate/Pipeline/{closure}(Object(Illuminate/Http/Request))
#31 E:/Users/Josue/UDB/2026/DSS404/Laboratorio/Desafio 3/control_citas_medica/vendor/laravel/framework/src/Illuminate/Foundation/Http/Middleware/TrimStrings.php(51): Illuminate/Foundation/Http/Middleware/TransformsRequest->handle(Object(Illuminate/Http/Request), Object(Closure))
#32 E:/Users/Josue/UDB/2026/DSS404/Laboratorio/Desafio 3/control_citas_medica/vendor/laravel/framework/src/Illuminate/Pipeline/Pipeline.php(219): Illuminate/Foundation/Http/Middleware/TrimStrings->handle(Object(Illuminate/Http/Request), Object(Closure))
#33 E:/Users/Josue/UDB/2026/DSS404/Laboratorio/Desafio 3/control_citas_medica/vendor/laravel/framework/src/Illuminate/Http/Middleware/ValidatePostSize.php(27): Illuminate/Pipeline/Pipeline->Illuminate/Pipeline/{closure}(Object(Illuminate/Http/Request))
#34 E:/Users/Josue/UDB/2026/DSS404/Laboratorio/Desafio 3/control_citas_medica/vendor/laravel/framework/src/Illuminate/Pipeline/Pipeline.php(219): Illuminate/Http/Middleware/ValidatePostSize->handle(Object(Illuminate/Http/Request), Object(Closure))
#35 E:/Users/Josue/UDB/2026/DSS404/Laboratorio/Desafio 3/control_citas_medica/vendor/laravel/framework/src/Illuminate/Foundation/Http/Middleware/PreventRequestsDuringMaintenance.php(109): Illuminate/Pipeline/Pipeline->Illuminate/Pipeline/{closure}(Object(Illuminate/Http/Request))
#36 E:/Users/Josue/UDB/2026/DSS404/Laboratorio/Desafio 3/control_citas_medica/vendor/laravel/framework/src/Illuminate/Pipeline/Pipeline.php(219): Illuminate/Foundation/Http/Middleware/PreventRequestsDuringMaintenance->handle(Object(Illuminate/Http/Request), Object(Closure))
#37 E:/Users/Josue/UDB/2026/DSS404/Laboratorio/Desafio 3/control_citas_medica/vendor/laravel/framework/src/Illuminate/Http/Middleware/HandleCors.php(61): Illuminate/Pipeline/Pipeline->Illuminate/Pipeline/{closure}(Object(Illuminate/Http/Request))
#38 E:/Users/Josue/UDB/2026/DSS404/Laboratorio/Desafio 3/control_citas_medica/vendor/laravel/framework/src/Illuminate/Pipeline/Pipeline.php(219): Illuminate/Http/Middleware/HandleCors->handle(Object(Illuminate/Http/Request), Object(Closure))
#39 E:/Users/Josue/UDB/2026/DSS404/Laboratorio/Desafio 3/control_citas_medica/vendor/laravel/framework/src/Illuminate/Http/Middleware/TrustProxies.php(58): Illuminate/Pipeline/Pipeline->Illuminate/Pipeline/{closure}(Object(Illuminate/Http/Request))
#40 E:/Users/Josue/UDB/2026/DSS404/Laboratorio/Desafio 3/control_citas_medica/vendor/laravel/framework/src/Illuminate/Pipeline/Pipeline.php(219): Illuminate/Http/Middleware/TrustProxies->handle(Object(Illuminate/Http/Request), Object(Closure))
#41 E:/Users/Josue/UDB/2026/DSS404/Laboratorio/Desafio 3/control_citas_medica/vendor/laravel/framework/src/Illuminate/Foundation/Http/Middleware/InvokeDeferredCallbacks.php(22): Illuminate/Pipeline/Pipeline->Illuminate/Pipeline/{closure}(Object(Illuminate/Http/Request))
#42 E:/Users/Josue/UDB/2026/DSS404/Laboratorio/Desafio 3/control_citas_medica/vendor/laravel/framework/src/Illuminate/Pipeline/Pipeline.php(219): Illuminate/Foundation/Http/Middleware/InvokeDeferredCallbacks->handle(Object(Illuminate/Http/Request), Object(Closure))
#43 E:/Users/Josue/UDB/2026/DSS404/Laboratorio/Desafio 3/control_citas_medica/vendor/laravel/framework/src/Illuminate/Http/Middleware/ValidatePathEncoding.php(26): Illuminate/Pipeline/Pipeline->Illuminate/Pipeline/{closure}(Object(Illuminate/Http/Request))
#44 E:/Users/Josue/UDB/2026/DSS404/Laboratorio/Desafio 3/control_citas_medica/vendor/laravel/framework/src/Illuminate/Pipeline/Pipeline.php(219): Illuminate/Http/Middleware/ValidatePathEncoding->handle(Object(Illuminate/Http/Request), Object(Closure))
#45 E:/Users/Josue/UDB/2026/DSS404/Laboratorio/Desafio 3/control_citas_medica/vendor/laravel/framework/src/Illuminate/Pipeline/Pipeline.php(137): Illuminate/Pipeline/Pipeline->Illuminate/Pipeline/{closure}(Object(Illuminate/Http/Request))
#46 E:/Users/Josue/UDB/2026/DSS404/Laboratorio/Desafio 3/control_citas_medica/vendor/laravel/framework/src/Illuminate/Foundation/Http/Kernel.php(175): Illuminate/Pipeline/Pipeline->then(Object(Closure))
#47 E:/Users/Josue/UDB/2026/DSS404/Laboratorio/Desafio 3/control_citas_medica/vendor/laravel/framework/src/Illuminate/Foundation/Http/Kernel.php(144): Illuminate/Foundation/Http/Kernel->sendRequestThroughRouter(Object(Illuminate/Http/Request))
#48 E:/Users/Josue/UDB/2026/DSS404/Laboratorio/Desafio 3/control_citas_medica/vendor/laravel/framework/src/Illuminate/Foundation/Application.php(1220): Illuminate/Foundation/Http/Kernel->handle(Object(Illuminate/Http/Request))
#49 E:/Users/Josue/UDB/2026/DSS404/Laboratorio/Desafio 3/control_citas_medica/public/index.php(20): Illuminate/Foundation/Application->handleRequest(Object(Illuminate/Http/Request))
#50 E:/Users/Josue/UDB/2026/DSS404/Laboratorio/Desafio 3/control_citas_medica/vendor/laravel/framework/src/Illuminate/Foundation/resources/server.php(23): require_once('E://Users//Josue//...')
#51 {main}
"} 
[2026-05-23 20:57:17] local.ERROR: Call to undefined relationship [doctor] on model [App\Models\Appointment]. {"exception":"[object] (Illuminate\\Database\\Eloquent\\RelationNotFoundException(code: 0): Call to undefined relationship [doctor] on model [App\\Models\\Appointment]. at E:/Users/Josue/UDB/2026/DSS404/Laboratorio/Desafio 3/control_citas_medica/vendor/laravel/framework/src/Illuminate/Database/Eloquent/RelationNotFoundException.php:35)
[stacktrace]
#0 E:/Users/Josue/UDB/2026/DSS404/Laboratorio/Desafio 3/control_citas_medica/vendor/laravel/framework/src/Illuminate/Database/Eloquent/Builder.php(969): Illuminate/Database/Eloquent/RelationNotFoundException::make(Object(App/Models/Appointment), 'doctor')
#1 E:/Users/Josue/UDB/2026/DSS404/Laboratorio/Desafio 3/control_citas_medica/vendor/laravel/framework/src/Illuminate/Database/Eloquent/Relations/Relation.php(119): Illuminate/Database/Eloquent/Builder->Illuminate/Database/Eloquent/{closure}()
#2 E:/Users/Josue/UDB/2026/DSS404/Laboratorio/Desafio 3/control_citas_medica/vendor/laravel/framework/src/Illuminate/Database/Eloquent/Builder.php(965): Illuminate/Database/Eloquent/Relations/Relation::noConstraints(Object(Closure))
#3 E:/Users/Josue/UDB/2026/DSS404/Laboratorio/Desafio 3/control_citas_medica/vendor/laravel/framework/src/Illuminate/Database/Eloquent/Builder.php(939): Illuminate/Database/Eloquent/Builder->getRelation('doctor')
#4 E:/Users/Josue/UDB/2026/DSS404/Laboratorio/Desafio 3/control_citas_medica/vendor/laravel/framework/src/Illuminate/Database/Eloquent/Builder.php(919): Illuminate/Database/Eloquent/Builder->eagerLoadRelation(Array, 'doctor', Object(Closure))
#5 E:/Users/Josue/UDB/2026/DSS404/Laboratorio/Desafio 3/control_citas_medica/vendor/laravel/framework/src/Illuminate/Database/Eloquent/Builder.php(885): Illuminate/Database/Eloquent/Builder->eagerLoadRelations(Array)
#6 E:/Users/Josue/UDB/2026/DSS404/Laboratorio/Desafio 3/control_citas_medica/app/Http/Controllers/AppointmentController.php(19): Illuminate/Database/Eloquent/Builder->get()
#7 E:/Users/Josue/UDB/2026/DSS404/Laboratorio/Desafio 3/control_citas_medica/vendor/laravel/framework/src/Illuminate/Routing/ControllerDispatcher.php(46): App/Http/Controllers/AppointmentController->index()
#8 E:/Users/Josue/UDB/2026/DSS404/Laboratorio/Desafio 3/control_citas_medica/vendor/laravel/framework/src/Illuminate/Routing/Route.php(265): Illuminate/Routing/ControllerDispatcher->dispatch(Object(Illuminate/Routing/Route), Object(App/Http/Controllers/AppointmentController), 'index')
#9 E:/Users/Josue/UDB/2026/DSS404/Laboratorio/Desafio 3/control_citas_medica/vendor/laravel/framework/src/Illuminate/Routing/Route.php(211): Illuminate/Routing/Route->runController()
#10 E:/Users/Josue/UDB/2026/DSS404/Laboratorio/Desafio 3/control_citas_medica/vendor/laravel/framework/src/Illuminate/Routing/Router.php(822): Illuminate/Routing/Route->run()
#11 E:/Users/Josue/UDB/2026/DSS404/Laboratorio/Desafio 3/control_citas_medica/vendor/laravel/framework/src/Illuminate/Pipeline/Pipeline.php(180): Illuminate/Routing/Router->Illuminate/Routing/{closure}(Object(Illuminate/Http/Request))
#12 E:/Users/Josue/UDB/2026/DSS404/Laboratorio/Desafio 3/control_citas_medica/vendor/laravel/framework/src/Illuminate/Routing/Middleware/SubstituteBindings.php(50): Illuminate/Pipeline/Pipeline->Illuminate/Pipeline/{closure}(Object(Illuminate/Http/Request))
#13 E:/Users/Josue/UDB/2026/DSS404/Laboratorio/Desafio 3/control_citas_medica/vendor/laravel/framework/src/Illuminate/Pipeline/Pipeline.php(219): Illuminate/Routing/Middleware/SubstituteBindings->handle(Object(Illuminate/Http/Request), Object(Closure))
#14 E:/Users/Josue/UDB/2026/DSS404/Laboratorio/Desafio 3/control_citas_medica/vendor/laravel/framework/src/Illuminate/Foundation/Http/Middleware/VerifyCsrfToken.php(87): Illuminate/Pipeline/Pipeline->Illuminate/Pipeline/{closure}(Object(Illuminate/Http/Request))
#15 E:/Users/Josue/UDB/2026/DSS404/Laboratorio/Desafio 3/control_citas_medica/vendor/laravel/framework/src/Illuminate/Pipeline/Pipeline.php(219): Illuminate/Foundation/Http/Middleware/VerifyCsrfToken->handle(Object(Illuminate/Http/Request), Object(Closure))
#16 E:/Users/Josue/UDB/2026/DSS404/Laboratorio/Desafio 3/control_citas_medica/vendor/laravel/framework/src/Illuminate/View/Middleware/ShareErrorsFromSession.php(48): Illuminate/Pipeline/Pipeline->Illuminate/Pipeline/{closure}(Object(Illuminate/Http/Request))
#17 E:/Users/Josue/UDB/2026/DSS404/Laboratorio/Desafio 3/control_citas_medica/vendor/laravel/framework/src/Illuminate/Pipeline/Pipeline.php(219): Illuminate/View/Middleware/ShareErrorsFromSession->handle(Object(Illuminate/Http/Request), Object(Closure))
#18 E:/Users/Josue/UDB/2026/DSS404/Laboratorio/Desafio 3/control_citas_medica/vendor/laravel/framework/src/Illuminate/Session/Middleware/StartSession.php(120): Illuminate/Pipeline/Pipeline->Illuminate/Pipeline/{closure}(Object(Illuminate/Http/Request))
#19 E:/Users/Josue/UDB/2026/DSS404/Laboratorio/Desafio 3/control_citas_medica/vendor/laravel/framework/src/Illuminate/Session/Middleware/StartSession.php(63): Illuminate/Session/Middleware/StartSession->handleStatefulRequest(Object(Illuminate/Http/Request), Object(Illuminate/Session/Store), Object(Closure))
#20 E:/Users/Josue/UDB/2026/DSS404/Laboratorio/Desafio 3/control_citas_medica/vendor/laravel/framework/src/Illuminate/Pipeline/Pipeline.php(219): Illuminate/Session/Middleware/StartSession->handle(Object(Illuminate/Http/Request), Object(Closure))
#21 E:/Users/Josue/UDB/2026/DSS404/Laboratorio/Desafio 3/control_citas_medica/vendor/laravel/framework/src/Illuminate/Cookie/Middleware/AddQueuedCookiesToResponse.php(36): Illuminate/Pipeline/Pipeline->Illuminate/Pipeline/{closure}(Object(Illuminate/Http/Request))
#22 E:/Users/Josue/UDB/2026/DSS404/Laboratorio/Desafio 3/control_citas_medica/vendor/laravel/framework/src/Illuminate/Pipeline/Pipeline.php(219): Illuminate/Cookie/Middleware/AddQueuedCookiesToResponse->handle(Object(Illuminate/Http/Request), Object(Closure))
#23 E:/Users/Josue/UDB/2026/DSS404/Laboratorio/Desafio 3/control_citas_medica/vendor/laravel/framework/src/Illuminate/Cookie/Middleware/EncryptCookies.php(74): Illuminate/Pipeline/Pipeline->Illuminate/Pipeline/{closure}(Object(Illuminate/Http/Request))
#24 E:/Users/Josue/UDB/2026/DSS404/Laboratorio/Desafio 3/control_citas_medica/vendor/laravel/framework/src/Illuminate/Pipeline/Pipeline.php(219): Illuminate/Cookie/Middleware/EncryptCookies->handle(Object(Illuminate/Http/Request), Object(Closure))
#25 E:/Users/Josue/UDB/2026/DSS404/Laboratorio/Desafio 3/control_citas_medica/vendor/laravel/framework/src/Illuminate/Pipeline/Pipeline.php(137): Illuminate/Pipeline/Pipeline->Illuminate/Pipeline/{closure}(Object(Illuminate/Http/Request))
#26 E:/Users/Josue/UDB/2026/DSS404/Laboratorio/Desafio 3/control_citas_medica/vendor/laravel/framework/src/Illuminate/Routing/Router.php(821): Illuminate/Pipeline/Pipeline->then(Object(Closure))
#27 E:/Users/Josue/UDB/2026/DSS404/Laboratorio/Desafio 3/control_citas_medica/vendor/laravel/framework/src/Illuminate/Routing/Router.php(800): Illuminate/Routing/Router->runRouteWithinStack(Object(Illuminate/Routing/Route), Object(Illuminate/Http/Request))
#28 E:/Users/Josue/UDB/2026/DSS404/Laboratorio/Desafio 3/control_citas_medica/vendor/laravel/framework/src/Illuminate/Routing/Router.php(764): Illuminate/Routing/Router->runRoute(Object(Illuminate/Http/Request), Object(Illuminate/Routing/Route))
#29 E:/Users/Josue/UDB/2026/DSS404/Laboratorio/Desafio 3/control_citas_medica/vendor/laravel/framework/src/Illuminate/Routing/Router.php(753): Illuminate/Routing/Router->dispatchToRoute(Object(Illuminate/Http/Request))
#30 E:/Users/Josue/UDB/2026/DSS404/Laboratorio/Desafio 3/control_citas_medica/vendor/laravel/framework/src/Illuminate/Foundation/Http/Kernel.php(200): Illuminate/Routing/Router->dispatch(Object(Illuminate/Http/Request))
#31 E:/Users/Josue/UDB/2026/DSS404/Laboratorio/Desafio 3/control_citas_medica/vendor/laravel/framework/src/Illuminate/Pipeline/Pipeline.php(180): Illuminate/Foundation/Http/Kernel->Illuminate/Foundation/Http/{closure}(Object(Illuminate/Http/Request))
#32 E:/Users/Josue/UDB/2026/DSS404/Laboratorio/Desafio 3/control_citas_medica/vendor/laravel/framework/src/Illuminate/Foundation/Http/Middleware/TransformsRequest.php(21): Illuminate/Pipeline/Pipeline->Illuminate/Pipeline/{closure}(Object(Illuminate/Http/Request))
#33 E:/Users/Josue/UDB/2026/DSS404/Laboratorio/Desafio 3/control_citas_medica/vendor/laravel/framework/src/Illuminate/Foundation/Http/Middleware/ConvertEmptyStringsToNull.php(31): Illuminate/Foundation/Http/Middleware/TransformsRequest->handle(Object(Illuminate/Http/Request), Object(Closure))
#34 E:/Users/Josue/UDB/2026/DSS404/Laboratorio/Desafio 3/control_citas_medica/vendor/laravel/framework/src/Illuminate/Pipeline/Pipeline.php(219): Illuminate/Foundation/Http/Middleware/ConvertEmptyStringsToNull->handle(Object(Illuminate/Http/Request), Object(Closure))
#35 E:/Users/Josue/UDB/2026/DSS404/Laboratorio/Desafio 3/control_citas_medica/vendor/laravel/framework/src/Illuminate/Foundation/Http/Middleware/TransformsRequest.php(21): Illuminate/Pipeline/Pipeline->Illuminate/Pipeline/{closure}(Object(Illuminate/Http/Request))
#36 E:/Users/Josue/UDB/2026/DSS404/Laboratorio/Desafio 3/control_citas_medica/vendor/laravel/framework/src/Illuminate/Foundation/Http/Middleware/TrimStrings.php(51): Illuminate/Foundation/Http/Middleware/TransformsRequest->handle(Object(Illuminate/Http/Request), Object(Closure))
#37 E:/Users/Josue/UDB/2026/DSS404/Laboratorio/Desafio 3/control_citas_medica/vendor/laravel/framework/src/Illuminate/Pipeline/Pipeline.php(219): Illuminate/Foundation/Http/Middleware/TrimStrings->handle(Object(Illuminate/Http/Request), Object(Closure))
#38 E:/Users/Josue/UDB/2026/DSS404/Laboratorio/Desafio 3/control_citas_medica/vendor/laravel/framework/src/Illuminate/Http/Middleware/ValidatePostSize.php(27): Illuminate/Pipeline/Pipeline->Illuminate/Pipeline/{closure}(Object(Illuminate/Http/Request))
#39 E:/Users/Josue/UDB/2026/DSS404/Laboratorio/Desafio 3/control_citas_medica/vendor/laravel/framework/src/Illuminate/Pipeline/Pipeline.php(219): Illuminate/Http/Middleware/ValidatePostSize->handle(Object(Illuminate/Http/Request), Object(Closure))
#40 E:/Users/Josue/UDB/2026/DSS404/Laboratorio/Desafio 3/control_citas_medica/vendor/laravel/framework/src/Illuminate/Foundation/Http/Middleware/PreventRequestsDuringMaintenance.php(109): Illuminate/Pipeline/Pipeline->Illuminate/Pipeline/{closure}(Object(Illuminate/Http/Request))
#41 E:/Users/Josue/UDB/2026/DSS404/Laboratorio/Desafio 3/control_citas_medica/vendor/laravel/framework/src/Illuminate/Pipeline/Pipeline.php(219): Illuminate/Foundation/Http/Middleware/PreventRequestsDuringMaintenance->handle(Object(Illuminate/Http/Request), Object(Closure))
#42 E:/Users/Josue/UDB/2026/DSS404/Laboratorio/Desafio 3/control_citas_medica/vendor/laravel/framework/src/Illuminate/Http/Middleware/HandleCors.php(61): Illuminate/Pipeline/Pipeline->Illuminate/Pipeline/{closure}(Object(Illuminate/Http/Request))
#43 E:/Users/Josue/UDB/2026/DSS404/Laboratorio/Desafio 3/control_citas_medica/vendor/laravel/framework/src/Illuminate/Pipeline/Pipeline.php(219): Illuminate/Http/Middleware/HandleCors->handle(Object(Illuminate/Http/Request), Object(Closure))
#44 E:/Users/Josue/UDB/2026/DSS404/Laboratorio/Desafio 3/control_citas_medica/vendor/laravel/framework/src/Illuminate/Http/Middleware/TrustProxies.php(58): Illuminate/Pipeline/Pipeline->Illuminate/Pipeline/{closure}(Object(Illuminate/Http/Request))
#45 E:/Users/Josue/UDB/2026/DSS404/Laboratorio/Desafio 3/control_citas_medica/vendor/laravel/framework/src/Illuminate/Pipeline/Pipeline.php(219): Illuminate/Http/Middleware/TrustProxies->handle(Object(Illuminate/Http/Request), Object(Closure))
#46 E:/Users/Josue/UDB/2026/DSS404/Laboratorio/Desafio 3/control_citas_medica/vendor/laravel/framework/src/Illuminate/Foundation/Http/Middleware/InvokeDeferredCallbacks.php(22): Illuminate/Pipeline/Pipeline->Illuminate/Pipeline/{closure}(Object(Illuminate/Http/Request))
#47 E:/Users/Josue/UDB/2026/DSS404/Laboratorio/Desafio 3/control_citas_medica/vendor/laravel/framework/src/Illuminate/Pipeline/Pipeline.php(219): Illuminate/Foundation/Http/Middleware/InvokeDeferredCallbacks->handle(Object(Illuminate/Http/Request), Object(Closure))
#48 E:/Users/Josue/UDB/2026/DSS404/Laboratorio/Desafio 3/control_citas_medica/vendor/laravel/framework/src/Illuminate/Http/Middleware/ValidatePathEncoding.php(26): Illuminate/Pipeline/Pipeline->Illuminate/Pipeline/{closure}(Object(Illuminate/Http/Request))
#49 E:/Users/Josue/UDB/2026/DSS404/Laboratorio/Desafio 3/control_citas_medica/vendor/laravel/framework/src/Illuminate/Pipeline/Pipeline.php(219): Illuminate/Http/Middleware/ValidatePathEncoding->handle(Object(Illuminate/Http/Request), Object(Closure))
#50 E:/Users/Josue/UDB/2026/DSS404/Laboratorio/Desafio 3/control_citas_medica/vendor/laravel/framework/src/Illuminate/Pipeline/Pipeline.php(137): Illuminate/Pipeline/Pipeline->Illuminate/Pipeline/{closure}(Object(Illuminate/Http/Request))
#51 E:/Users/Josue/UDB/2026/DSS404/Laboratorio/Desafio 3/control_citas_medica/vendor/laravel/framework/src/Illuminate/Foundation/Http/Kernel.php(175): Illuminate/Pipeline/Pipeline->then(Object(Closure))
#52 E:/Users/Josue/UDB/2026/DSS404/Laboratorio/Desafio 3/control_citas_medica/vendor/laravel/framework/src/Illuminate/Foundation/Http/Kernel.php(144): Illuminate/Foundation/Http/Kernel->sendRequestThroughRouter(Object(Illuminate/Http/Request))
#53 E:/Users/Josue/UDB/2026/DSS404/Laboratorio/Desafio 3/control_citas_medica/vendor/laravel/framework/src/Illuminate/Foundation/Application.php(1220): Illuminate/Foundation/Http/Kernel->handle(Object(Illuminate/Http/Request))
#54 E:/Users/Josue/UDB/2026/DSS404/Laboratorio/Desafio 3/control_citas_medica/public/index.php(20): Illuminate/Foundation/Application->handleRequest(Object(Illuminate/Http/Request))
#55 E:/Users/Josue/UDB/2026/DSS404/Laboratorio/Desafio 3/control_citas_medica/vendor/laravel/framework/src/Illuminate/Foundation/resources/server.php(23): require_once('E://Users//Josue//...')
#56 {main}
"} 
[2026-05-24 02:45:08] local.ERROR: Maximum execution time of 60 seconds exceeded {"exception":"[object] (Symfony\\Component\\ErrorHandler\\Error\\FatalError(code: 0): Maximum execution time of 60 seconds exceeded at E:/Users/Josue/UDB/2026/DSS404/Laboratorio/Desafio 3/control_citas_medica/vendor/laravel/framework/src/Illuminate/Database/Connectors/Connector.php:66)
[stacktrace]
#0 {main}
"} 
[2026-05-24 03:10:49] local.ERROR: Call to undefined method App\Http\Controllers\AppointmentController::diagnose() {"userId":2,"exception":"[object] (Error(code: 0): Call to undefined method App\\Http\\Controllers\\AppointmentController::diagnose() at E:/Users/Josue/UDB/2026/DSS404/Laboratorio/Desafio 3/control_citas_medica/vendor/laravel/framework/src/Illuminate/Routing/ControllerDispatcher.php:46)
[stacktrace]
#0 E:/Users/Josue/UDB/2026/DSS404/Laboratorio/Desafio 3/control_citas_medica/vendor/laravel/framework/src/Illuminate/Routing/Route.php(265): Illuminate/Routing/ControllerDispatcher->dispatch(Object(Illuminate/Routing/Route), Object(App/Http/Controllers/AppointmentController), 'diagnose')
#1 E:/Users/Josue/UDB/2026/DSS404/Laboratorio/Desafio 3/control_citas_medica/vendor/laravel/framework/src/Illuminate/Routing/Route.php(211): Illuminate/Routing/Route->runController()
#2 E:/Users/Josue/UDB/2026/DSS404/Laboratorio/Desafio 3/control_citas_medica/vendor/laravel/framework/src/Illuminate/Routing/Router.php(822): Illuminate/Routing/Route->run()
#3 E:/Users/Josue/UDB/2026/DSS404/Laboratorio/Desafio 3/control_citas_medica/vendor/laravel/framework/src/Illuminate/Pipeline/Pipeline.php(180): Illuminate/Routing/Router->Illuminate/Routing/{closure}(Object(Illuminate/Http/Request))
#4 E:/Users/Josue/UDB/2026/DSS404/Laboratorio/Desafio 3/control_citas_medica/vendor/laravel/framework/src/Illuminate/Routing/Middleware/SubstituteBindings.php(50): Illuminate/Pipeline/Pipeline->Illuminate/Pipeline/{closure}(Object(Illuminate/Http/Request))
#5 E:/Users/Josue/UDB/2026/DSS404/Laboratorio/Desafio 3/control_citas_medica/vendor/laravel/framework/src/Illuminate/Pipeline/Pipeline.php(219): Illuminate/Routing/Middleware/SubstituteBindings->handle(Object(Illuminate/Http/Request), Object(Closure))
#6 E:/Users/Josue/UDB/2026/DSS404/Laboratorio/Desafio 3/control_citas_medica/vendor/laravel/framework/src/Illuminate/Auth/Middleware/Authenticate.php(63): Illuminate/Pipeline/Pipeline->Illuminate/Pipeline/{closure}(Object(Illuminate/Http/Request))
#7 E:/Users/Josue/UDB/2026/DSS404/Laboratorio/Desafio 3/control_citas_medica/vendor/laravel/framework/src/Illuminate/Pipeline/Pipeline.php(219): Illuminate/Auth/Middleware/Authenticate->handle(Object(Illuminate/Http/Request), Object(Closure))
#8 E:/Users/Josue/UDB/2026/DSS404/Laboratorio/Desafio 3/control_citas_medica/vendor/laravel/framework/src/Illuminate/Foundation/Http/Middleware/VerifyCsrfToken.php(87): Illuminate/Pipeline/Pipeline->Illuminate/Pipeline/{closure}(Object(Illuminate/Http/Request))
#9 E:/Users/Josue/UDB/2026/DSS404/Laboratorio/Desafio 3/control_citas_medica/vendor/laravel/framework/src/Illuminate/Pipeline/Pipeline.php(219): Illuminate/Foundation/Http/Middleware/VerifyCsrfToken->handle(Object(Illuminate/Http/Request), Object(Closure))
#10 E:/Users/Josue/UDB/2026/DSS404/Laboratorio/Desafio 3/control_citas_medica/vendor/laravel/framework/src/Illuminate/View/Middleware/ShareErrorsFromSession.php(48): Illuminate/Pipeline/Pipeline->Illuminate/Pipeline/{closure}(Object(Illuminate/Http/Request))
#11 E:/Users/Josue/UDB/2026/DSS404/Laboratorio/Desafio 3/control_citas_medica/vendor/laravel/framework/src/Illuminate/Pipeline/Pipeline.php(219): Illuminate/View/Middleware/ShareErrorsFromSession->handle(Object(Illuminate/Http/Request), Object(Closure))
#12 E:/Users/Josue/UDB/2026/DSS404/Laboratorio/Desafio 3/control_citas_medica/vendor/laravel/framework/src/Illuminate/Session/Middleware/StartSession.php(120): Illuminate/Pipeline/Pipeline->Illuminate/Pipeline/{closure}(Object(Illuminate/Http/Request))
#13 E:/Users/Josue/UDB/2026/DSS404/Laboratorio/Desafio 3/control_citas_medica/vendor/laravel/framework/src/Illuminate/Session/Middleware/StartSession.php(63): Illuminate/Session/Middleware/StartSession->handleStatefulRequest(Object(Illuminate/Http/Request), Object(Illuminate/Session/Store), Object(Closure))
#14 E:/Users/Josue/UDB/2026/DSS404/Laboratorio/Desafio 3/control_citas_medica/vendor/laravel/framework/src/Illuminate/Pipeline/Pipeline.php(219): Illuminate/Session/Middleware/StartSession->handle(Object(Illuminate/Http/Request), Object(Closure))
#15 E:/Users/Josue/UDB/2026/DSS404/Laboratorio/Desafio 3/control_citas_medica/vendor/laravel/framework/src/Illuminate/Cookie/Middleware/AddQueuedCookiesToResponse.php(36): Illuminate/Pipeline/Pipeline->Illuminate/Pipeline/{closure}(Object(Illuminate/Http/Request))
#16 E:/Users/Josue/UDB/2026/DSS404/Laboratorio/Desafio 3/control_citas_medica/vendor/laravel/framework/src/Illuminate/Pipeline/Pipeline.php(219): Illuminate/Cookie/Middleware/AddQueuedCookiesToResponse->handle(Object(Illuminate/Http/Request), Object(Closure))
#17 E:/Users/Josue/UDB/2026/DSS404/Laboratorio/Desafio 3/control_citas_medica/vendor/laravel/framework/src/Illuminate/Cookie/Middleware/EncryptCookies.php(74): Illuminate/Pipeline/Pipeline->Illuminate/Pipeline/{closure}(Object(Illuminate/Http/Request))
#18 E:/Users/Josue/UDB/2026/DSS404/Laboratorio/Desafio 3/control_citas_medica/vendor/laravel/framework/src/Illuminate/Pipeline/Pipeline.php(219): Illuminate/Cookie/Middleware/EncryptCookies->handle(Object(Illuminate/Http/Request), Object(Closure))
#19 E:/Users/Josue/UDB/2026/DSS404/Laboratorio/Desafio 3/control_citas_medica/vendor/laravel/framework/src/Illuminate/Pipeline/Pipeline.php(137): Illuminate/Pipeline/Pipeline->Illuminate/Pipeline/{closure}(Object(Illuminate/Http/Request))
#20 E:/Users/Josue/UDB/2026/DSS404/Laboratorio/Desafio 3/control_citas_medica/vendor/laravel/framework/src/Illuminate/Routing/Router.php(821): Illuminate/Pipeline/Pipeline->then(Object(Closure))
#21 E:/Users/Josue/UDB/2026/DSS404/Laboratorio/Desafio 3/control_citas_medica/vendor/laravel/framework/src/Illuminate/Routing/Router.php(800): Illuminate/Routing/Router->runRouteWithinStack(Object(Illuminate/Routing/Route), Object(Illuminate/Http/Request))
#22 E:/Users/Josue/UDB/2026/DSS404/Laboratorio/Desafio 3/control_citas_medica/vendor/laravel/framework/src/Illuminate/Routing/Router.php(764): Illuminate/Routing/Router->runRoute(Object(Illuminate/Http/Request), Object(Illuminate/Routing/Route))
#23 E:/Users/Josue/UDB/2026/DSS404/Laboratorio/Desafio 3/control_citas_medica/vendor/laravel/framework/src/Illuminate/Routing/Router.php(753): Illuminate/Routing/Router->dispatchToRoute(Object(Illuminate/Http/Request))
#24 E:/Users/Josue/UDB/2026/DSS404/Laboratorio/Desafio 3/control_citas_medica/vendor/laravel/framework/src/Illuminate/Foundation/Http/Kernel.php(200): Illuminate/Routing/Router->dispatch(Object(Illuminate/Http/Request))
#25 E:/Users/Josue/UDB/2026/DSS404/Laboratorio/Desafio 3/control_citas_medica/vendor/laravel/framework/src/Illuminate/Pipeline/Pipeline.php(180): Illuminate/Foundation/Http/Kernel->Illuminate/Foundation/Http/{closure}(Object(Illuminate/Http/Request))
#26 E:/Users/Josue/UDB/2026/DSS404/Laboratorio/Desafio 3/control_citas_medica/vendor/laravel/framework/src/Illuminate/Foundation/Http/Middleware/TransformsRequest.php(21): Illuminate/Pipeline/Pipeline->Illuminate/Pipeline/{closure}(Object(Illuminate/Http/Request))
#27 E:/Users/Josue/UDB/2026/DSS404/Laboratorio/Desafio 3/control_citas_medica/vendor/laravel/framework/src/Illuminate/Foundation/Http/Middleware/ConvertEmptyStringsToNull.php(31): Illuminate/Foundation/Http/Middleware/TransformsRequest->handle(Object(Illuminate/Http/Request), Object(Closure))
#28 E:/Users/Josue/UDB/2026/DSS404/Laboratorio/Desafio 3/control_citas_medica/vendor/laravel/framework/src/Illuminate/Pipeline/Pipeline.php(219): Illuminate/Foundation/Http/Middleware/ConvertEmptyStringsToNull->handle(Object(Illuminate/Http/Request), Object(Closure))
#29 E:/Users/Josue/UDB/2026/DSS404/Laboratorio/Desafio 3/control_citas_medica/vendor/laravel/framework/src/Illuminate/Foundation/Http/Middleware/TransformsRequest.php(21): Illuminate/Pipeline/Pipeline->Illuminate/Pipeline/{closure}(Object(Illuminate/Http/Request))
#30 E:/Users/Josue/UDB/2026/DSS404/Laboratorio/Desafio 3/control_citas_medica/vendor/laravel/framework/src/Illuminate/Foundation/Http/Middleware/TrimStrings.php(51): Illuminate/Foundation/Http/Middleware/TransformsRequest->handle(Object(Illuminate/Http/Request), Object(Closure))
#31 E:/Users/Josue/UDB/2026/DSS404/Laboratorio/Desafio 3/control_citas_medica/vendor/laravel/framework/src/Illuminate/Pipeline/Pipeline.php(219): Illuminate/Foundation/Http/Middleware/TrimStrings->handle(Object(Illuminate/Http/Request), Object(Closure))
#32 E:/Users/Josue/UDB/2026/DSS404/Laboratorio/Desafio 3/control_citas_medica/vendor/laravel/framework/src/Illuminate/Http/Middleware/ValidatePostSize.php(27): Illuminate/Pipeline/Pipeline->Illuminate/Pipeline/{closure}(Object(Illuminate/Http/Request))
#33 E:/Users/Josue/UDB/2026/DSS404/Laboratorio/Desafio 3/control_citas_medica/vendor/laravel/framework/src/Illuminate/Pipeline/Pipeline.php(219): Illuminate/Http/Middleware/ValidatePostSize->handle(Object(Illuminate/Http/Request), Object(Closure))
#34 E:/Users/Josue/UDB/2026/DSS404/Laboratorio/Desafio 3/control_citas_medica/vendor/laravel/framework/src/Illuminate/Foundation/Http/Middleware/PreventRequestsDuringMaintenance.php(109): Illuminate/Pipeline/Pipeline->Illuminate/Pipeline/{closure}(Object(Illuminate/Http/Request))
#35 E:/Users/Josue/UDB/2026/DSS404/Laboratorio/Desafio 3/control_citas_medica/vendor/laravel/framework/src/Illuminate/Pipeline/Pipeline.php(219): Illuminate/Foundation/Http/Middleware/PreventRequestsDuringMaintenance->handle(Object(Illuminate/Http/Request), Object(Closure))
#36 E:/Users/Josue/UDB/2026/DSS404/Laboratorio/Desafio 3/control_citas_medica/vendor/laravel/framework/src/Illuminate/Http/Middleware/HandleCors.php(61): Illuminate/Pipeline/Pipeline->Illuminate/Pipeline/{closure}(Object(Illuminate/Http/Request))
#37 E:/Users/Josue/UDB/2026/DSS404/Laboratorio/Desafio 3/control_citas_medica/vendor/laravel/framework/src/Illuminate/Pipeline/Pipeline.php(219): Illuminate/Http/Middleware/HandleCors->handle(Object(Illuminate/Http/Request), Object(Closure))
#38 E:/Users/Josue/UDB/2026/DSS404/Laboratorio/Desafio 3/control_citas_medica/vendor/laravel/framework/src/Illuminate/Http/Middleware/TrustProxies.php(58): Illuminate/Pipeline/Pipeline->Illuminate/Pipeline/{closure}(Object(Illuminate/Http/Request))
#39 E:/Users/Josue/UDB/2026/DSS404/Laboratorio/Desafio 3/control_citas_medica/vendor/laravel/framework/src/Illuminate/Pipeline/Pipeline.php(219): Illuminate/Http/Middleware/TrustProxies->handle(Object(Illuminate/Http/Request), Object(Closure))
#40 E:/Users/Josue/UDB/2026/DSS404/Laboratorio/Desafio 3/control_citas_medica/vendor/laravel/framework/src/Illuminate/Foundation/Http/Middleware/InvokeDeferredCallbacks.php(22): Illuminate/Pipeline/Pipeline->Illuminate/Pipeline/{closure}(Object(Illuminate/Http/Request))
#41 E:/Users/Josue/UDB/2026/DSS404/Laboratorio/Desafio 3/control_citas_medica/vendor/laravel/framework/src/Illuminate/Pipeline/Pipeline.php(219): Illuminate/Foundation/Http/Middleware/InvokeDeferredCallbacks->handle(Object(Illuminate/Http/Request), Object(Closure))
#42 E:/Users/Josue/UDB/2026/DSS404/Laboratorio/Desafio 3/control_citas_medica/vendor/laravel/framework/src/Illuminate/Http/Middleware/ValidatePathEncoding.php(26): Illuminate/Pipeline/Pipeline->Illuminate/Pipeline/{closure}(Object(Illuminate/Http/Request))
#43 E:/Users/Josue/UDB/2026/DSS404/Laboratorio/Desafio 3/control_citas_medica/vendor/laravel/framework/src/Illuminate/Pipeline/Pipeline.php(219): Illuminate/Http/Middleware/ValidatePathEncoding->handle(Object(Illuminate/Http/Request), Object(Closure))
#44 E:/Users/Josue/UDB/2026/DSS404/Laboratorio/Desafio 3/control_citas_medica/vendor/laravel/framework/src/Illuminate/Pipeline/Pipeline.php(137): Illuminate/Pipeline/Pipeline->Illuminate/Pipeline/{closure}(Object(Illuminate/Http/Request))
#45 E:/Users/Josue/UDB/2026/DSS404/Laboratorio/Desafio 3/control_citas_medica/vendor/laravel/framework/src/Illuminate/Foundation/Http/Kernel.php(175): Illuminate/Pipeline/Pipeline->then(Object(Closure))
#46 E:/Users/Josue/UDB/2026/DSS404/Laboratorio/Desafio 3/control_citas_medica/vendor/laravel/framework/src/Illuminate/Foundation/Http/Kernel.php(144): Illuminate/Foundation/Http/Kernel->sendRequestThroughRouter(Object(Illuminate/Http/Request))
#47 E:/Users/Josue/UDB/2026/DSS404/Laboratorio/Desafio 3/control_citas_medica/vendor/laravel/framework/src/Illuminate/Foundation/Application.php(1220): Illuminate/Foundation/Http/Kernel->handle(Object(Illuminate/Http/Request))
#48 E:/Users/Josue/UDB/2026/DSS404/Laboratorio/Desafio 3/control_citas_medica/public/index.php(20): Illuminate/Foundation/Application->handleRequest(Object(Illuminate/Http/Request))
#49 E:/Users/Josue/UDB/2026/DSS404/Laboratorio/Desafio 3/control_citas_medica/vendor/laravel/framework/src/Illuminate/Foundation/resources/server.php(23): require_once('E://Users//Josue//...')
#50 {main}
"} 
[2026-05-24 03:10:56] local.ERROR: Call to undefined method App\Http\Controllers\AppointmentController::diagnose() {"userId":2,"exception":"[object] (Error(code: 0): Call to undefined method App\\Http\\Controllers\\AppointmentController::diagnose() at E:/Users/Josue/UDB/2026/DSS404/Laboratorio/Desafio 3/control_citas_medica/vendor/laravel/framework/src/Illuminate/Routing/ControllerDispatcher.php:46)
[stacktrace]
#0 E:/Users/Josue/UDB/2026/DSS404/Laboratorio/Desafio 3/control_citas_medica/vendor/laravel/framework/src/Illuminate/Routing/Route.php(265): Illuminate/Routing/ControllerDispatcher->dispatch(Object(Illuminate/Routing/Route), Object(App/Http/Controllers/AppointmentController), 'diagnose')
#1 E:/Users/Josue/UDB/2026/DSS404/Laboratorio/Desafio 3/control_citas_medica/vendor/laravel/framework/src/Illuminate/Routing/Route.php(211): Illuminate/Routing/Route->runController()
#2 E:/Users/Josue/UDB/2026/DSS404/Laboratorio/Desafio 3/control_citas_medica/vendor/laravel/framework/src/Illuminate/Routing/Router.php(822): Illuminate/Routing/Route->run()
#3 E:/Users/Josue/UDB/2026/DSS404/Laboratorio/Desafio 3/control_citas_medica/vendor/laravel/framework/src/Illuminate/Pipeline/Pipeline.php(180): Illuminate/Routing/Router->Illuminate/Routing/{closure}(Object(Illuminate/Http/Request))
#4 E:/Users/Josue/UDB/2026/DSS404/Laboratorio/Desafio 3/control_citas_medica/vendor/laravel/framework/src/Illuminate/Routing/Middleware/SubstituteBindings.php(50): Illuminate/Pipeline/Pipeline->Illuminate/Pipeline/{closure}(Object(Illuminate/Http/Request))
#5 E:/Users/Josue/UDB/2026/DSS404/Laboratorio/Desafio 3/control_citas_medica/vendor/laravel/framework/src/Illuminate/Pipeline/Pipeline.php(219): Illuminate/Routing/Middleware/SubstituteBindings->handle(Object(Illuminate/Http/Request), Object(Closure))
#6 E:/Users/Josue/UDB/2026/DSS404/Laboratorio/Desafio 3/control_citas_medica/vendor/laravel/framework/src/Illuminate/Auth/Middleware/Authenticate.php(63): Illuminate/Pipeline/Pipeline->Illuminate/Pipeline/{closure}(Object(Illuminate/Http/Request))
#7 E:/Users/Josue/UDB/2026/DSS404/Laboratorio/Desafio 3/control_citas_medica/vendor/laravel/framework/src/Illuminate/Pipeline/Pipeline.php(219): Illuminate/Auth/Middleware/Authenticate->handle(Object(Illuminate/Http/Request), Object(Closure))
#8 E:/Users/Josue/UDB/2026/DSS404/Laboratorio/Desafio 3/control_citas_medica/vendor/laravel/framework/src/Illuminate/Foundation/Http/Middleware/VerifyCsrfToken.php(87): Illuminate/Pipeline/Pipeline->Illuminate/Pipeline/{closure}(Object(Illuminate/Http/Request))
#9 E:/Users/Josue/UDB/2026/DSS404/Laboratorio/Desafio 3/control_citas_medica/vendor/laravel/framework/src/Illuminate/Pipeline/Pipeline.php(219): Illuminate/Foundation/Http/Middleware/VerifyCsrfToken->handle(Object(Illuminate/Http/Request), Object(Closure))
#10 E:/Users/Josue/UDB/2026/DSS404/Laboratorio/Desafio 3/control_citas_medica/vendor/laravel/framework/src/Illuminate/View/Middleware/ShareErrorsFromSession.php(48): Illuminate/Pipeline/Pipeline->Illuminate/Pipeline/{closure}(Object(Illuminate/Http/Request))
#11 E:/Users/Josue/UDB/2026/DSS404/Laboratorio/Desafio 3/control_citas_medica/vendor/laravel/framework/src/Illuminate/Pipeline/Pipeline.php(219): Illuminate/View/Middleware/ShareErrorsFromSession->handle(Object(Illuminate/Http/Request), Object(Closure))
#12 E:/Users/Josue/UDB/2026/DSS404/Laboratorio/Desafio 3/control_citas_medica/vendor/laravel/framework/src/Illuminate/Session/Middleware/StartSession.php(120): Illuminate/Pipeline/Pipeline->Illuminate/Pipeline/{closure}(Object(Illuminate/Http/Request))
#13 E:/Users/Josue/UDB/2026/DSS404/Laboratorio/Desafio 3/control_citas_medica/vendor/laravel/framework/src/Illuminate/Session/Middleware/StartSession.php(63): Illuminate/Session/Middleware/StartSession->handleStatefulRequest(Object(Illuminate/Http/Request), Object(Illuminate/Session/Store), Object(Closure))
#14 E:/Users/Josue/UDB/2026/DSS404/Laboratorio/Desafio 3/control_citas_medica/vendor/laravel/framework/src/Illuminate/Pipeline/Pipeline.php(219): Illuminate/Session/Middleware/StartSession->handle(Object(Illuminate/Http/Request), Object(Closure))
#15 E:/Users/Josue/UDB/2026/DSS404/Laboratorio/Desafio 3/control_citas_medica/vendor/laravel/framework/src/Illuminate/Cookie/Middleware/AddQueuedCookiesToResponse.php(36): Illuminate/Pipeline/Pipeline->Illuminate/Pipeline/{closure}(Object(Illuminate/Http/Request))
#16 E:/Users/Josue/UDB/2026/DSS404/Laboratorio/Desafio 3/control_citas_medica/vendor/laravel/framework/src/Illuminate/Pipeline/Pipeline.php(219): Illuminate/Cookie/Middleware/AddQueuedCookiesToResponse->handle(Object(Illuminate/Http/Request), Object(Closure))
#17 E:/Users/Josue/UDB/2026/DSS404/Laboratorio/Desafio 3/control_citas_medica/vendor/laravel/framework/src/Illuminate/Cookie/Middleware/EncryptCookies.php(74): Illuminate/Pipeline/Pipeline->Illuminate/Pipeline/{closure}(Object(Illuminate/Http/Request))
#18 E:/Users/Josue/UDB/2026/DSS404/Laboratorio/Desafio 3/control_citas_medica/vendor/laravel/framework/src/Illuminate/Pipeline/Pipeline.php(219): Illuminate/Cookie/Middleware/EncryptCookies->handle(Object(Illuminate/Http/Request), Object(Closure))
#19 E:/Users/Josue/UDB/2026/DSS404/Laboratorio/Desafio 3/control_citas_medica/vendor/laravel/framework/src/Illuminate/Pipeline/Pipeline.php(137): Illuminate/Pipeline/Pipeline->Illuminate/Pipeline/{closure}(Object(Illuminate/Http/Request))
#20 E:/Users/Josue/UDB/2026/DSS404/Laboratorio/Desafio 3/control_citas_medica/vendor/laravel/framework/src/Illuminate/Routing/Router.php(821): Illuminate/Pipeline/Pipeline->then(Object(Closure))
#21 E:/Users/Josue/UDB/2026/DSS404/Laboratorio/Desafio 3/control_citas_medica/vendor/laravel/framework/src/Illuminate/Routing/Router.php(800): Illuminate/Routing/Router->runRouteWithinStack(Object(Illuminate/Routing/Route), Object(Illuminate/Http/Request))
#22 E:/Users/Josue/UDB/2026/DSS404/Laboratorio/Desafio 3/control_citas_medica/vendor/laravel/framework/src/Illuminate/Routing/Router.php(764): Illuminate/Routing/Router->runRoute(Object(Illuminate/Http/Request), Object(Illuminate/Routing/Route))
#23 E:/Users/Josue/UDB/2026/DSS404/Laboratorio/Desafio 3/control_citas_medica/vendor/laravel/framework/src/Illuminate/Routing/Router.php(753): Illuminate/Routing/Router->dispatchToRoute(Object(Illuminate/Http/Request))
#24 E:/Users/Josue/UDB/2026/DSS404/Laboratorio/Desafio 3/control_citas_medica/vendor/laravel/framework/src/Illuminate/Foundation/Http/Kernel.php(200): Illuminate/Routing/Router->dispatch(Object(Illuminate/Http/Request))
#25 E:/Users/Josue/UDB/2026/DSS404/Laboratorio/Desafio 3/control_citas_medica/vendor/laravel/framework/src/Illuminate/Pipeline/Pipeline.php(180): Illuminate/Foundation/Http/Kernel->Illuminate/Foundation/Http/{closure}(Object(Illuminate/Http/Request))
#26 E:/Users/Josue/UDB/2026/DSS404/Laboratorio/Desafio 3/control_citas_medica/vendor/laravel/framework/src/Illuminate/Foundation/Http/Middleware/TransformsRequest.php(21): Illuminate/Pipeline/Pipeline->Illuminate/Pipeline/{closure}(Object(Illuminate/Http/Request))
#27 E:/Users/Josue/UDB/2026/DSS404/Laboratorio/Desafio 3/control_citas_medica/vendor/laravel/framework/src/Illuminate/Foundation/Http/Middleware/ConvertEmptyStringsToNull.php(31): Illuminate/Foundation/Http/Middleware/TransformsRequest->handle(Object(Illuminate/Http/Request), Object(Closure))
#28 E:/Users/Josue/UDB/2026/DSS404/Laboratorio/Desafio 3/control_citas_medica/vendor/laravel/framework/src/Illuminate/Pipeline/Pipeline.php(219): Illuminate/Foundation/Http/Middleware/ConvertEmptyStringsToNull->handle(Object(Illuminate/Http/Request), Object(Closure))
#29 E:/Users/Josue/UDB/2026/DSS404/Laboratorio/Desafio 3/control_citas_medica/vendor/laravel/framework/src/Illuminate/Foundation/Http/Middleware/TransformsRequest.php(21): Illuminate/Pipeline/Pipeline->Illuminate/Pipeline/{closure}(Object(Illuminate/Http/Request))
#30 E:/Users/Josue/UDB/2026/DSS404/Laboratorio/Desafio 3/control_citas_medica/vendor/laravel/framework/src/Illuminate/Foundation/Http/Middleware/TrimStrings.php(51): Illuminate/Foundation/Http/Middleware/TransformsRequest->handle(Object(Illuminate/Http/Request), Object(Closure))
#31 E:/Users/Josue/UDB/2026/DSS404/Laboratorio/Desafio 3/control_citas_medica/vendor/laravel/framework/src/Illuminate/Pipeline/Pipeline.php(219): Illuminate/Foundation/Http/Middleware/TrimStrings->handle(Object(Illuminate/Http/Request), Object(Closure))
#32 E:/Users/Josue/UDB/2026/DSS404/Laboratorio/Desafio 3/control_citas_medica/vendor/laravel/framework/src/Illuminate/Http/Middleware/ValidatePostSize.php(27): Illuminate/Pipeline/Pipeline->Illuminate/Pipeline/{closure}(Object(Illuminate/Http/Request))
#33 E:/Users/Josue/UDB/2026/DSS404/Laboratorio/Desafio 3/control_citas_medica/vendor/laravel/framework/src/Illuminate/Pipeline/Pipeline.php(219): Illuminate/Http/Middleware/ValidatePostSize->handle(Object(Illuminate/Http/Request), Object(Closure))
#34 E:/Users/Josue/UDB/2026/DSS404/Laboratorio/Desafio 3/control_citas_medica/vendor/laravel/framework/src/Illuminate/Foundation/Http/Middleware/PreventRequestsDuringMaintenance.php(109): Illuminate/Pipeline/Pipeline->Illuminate/Pipeline/{closure}(Object(Illuminate/Http/Request))
#35 E:/Users/Josue/UDB/2026/DSS404/Laboratorio/Desafio 3/control_citas_medica/vendor/laravel/framework/src/Illuminate/Pipeline/Pipeline.php(219): Illuminate/Foundation/Http/Middleware/PreventRequestsDuringMaintenance->handle(Object(Illuminate/Http/Request), Object(Closure))
#36 E:/Users/Josue/UDB/2026/DSS404/Laboratorio/Desafio 3/control_citas_medica/vendor/laravel/framework/src/Illuminate/Http/Middleware/HandleCors.php(61): Illuminate/Pipeline/Pipeline->Illuminate/Pipeline/{closure}(Object(Illuminate/Http/Request))
#37 E:/Users/Josue/UDB/2026/DSS404/Laboratorio/Desafio 3/control_citas_medica/vendor/laravel/framework/src/Illuminate/Pipeline/Pipeline.php(219): Illuminate/Http/Middleware/HandleCors->handle(Object(Illuminate/Http/Request), Object(Closure))
#38 E:/Users/Josue/UDB/2026/DSS404/Laboratorio/Desafio 3/control_citas_medica/vendor/laravel/framework/src/Illuminate/Http/Middleware/TrustProxies.php(58): Illuminate/Pipeline/Pipeline->Illuminate/Pipeline/{closure}(Object(Illuminate/Http/Request))
#39 E:/Users/Josue/UDB/2026/DSS404/Laboratorio/Desafio 3/control_citas_medica/vendor/laravel/framework/src/Illuminate/Pipeline/Pipeline.php(219): Illuminate/Http/Middleware/TrustProxies->handle(Object(Illuminate/Http/Request), Object(Closure))
#40 E:/Users/Josue/UDB/2026/DSS404/Laboratorio/Desafio 3/control_citas_medica/vendor/laravel/framework/src/Illuminate/Foundation/Http/Middleware/InvokeDeferredCallbacks.php(22): Illuminate/Pipeline/Pipeline->Illuminate/Pipeline/{closure}(Object(Illuminate/Http/Request))
#41 E:/Users/Josue/UDB/2026/DSS404/Laboratorio/Desafio 3/control_citas_medica/vendor/laravel/framework/src/Illuminate/Pipeline/Pipeline.php(219): Illuminate/Foundation/Http/Middleware/InvokeDeferredCallbacks->handle(Object(Illuminate/Http/Request), Object(Closure))
#42 E:/Users/Josue/UDB/2026/DSS404/Laboratorio/Desafio 3/control_citas_medica/vendor/laravel/framework/src/Illuminate/Http/Middleware/ValidatePathEncoding.php(26): Illuminate/Pipeline/Pipeline->Illuminate/Pipeline/{closure}(Object(Illuminate/Http/Request))
#43 E:/Users/Josue/UDB/2026/DSS404/Laboratorio/Desafio 3/control_citas_medica/vendor/laravel/framework/src/Illuminate/Pipeline/Pipeline.php(219): Illuminate/Http/Middleware/ValidatePathEncoding->handle(Object(Illuminate/Http/Request), Object(Closure))
#44 E:/Users/Josue/UDB/2026/DSS404/Laboratorio/Desafio 3/control_citas_medica/vendor/laravel/framework/src/Illuminate/Pipeline/Pipeline.php(137): Illuminate/Pipeline/Pipeline->Illuminate/Pipeline/{closure}(Object(Illuminate/Http/Request))
#45 E:/Users/Josue/UDB/2026/DSS404/Laboratorio/Desafio 3/control_citas_medica/vendor/laravel/framework/src/Illuminate/Foundation/Http/Kernel.php(175): Illuminate/Pipeline/Pipeline->then(Object(Closure))
#46 E:/Users/Josue/UDB/2026/DSS404/Laboratorio/Desafio 3/control_citas_medica/vendor/laravel/framework/src/Illuminate/Foundation/Http/Kernel.php(144): Illuminate/Foundation/Http/Kernel->sendRequestThroughRouter(Object(Illuminate/Http/Request))
#47 E:/Users/Josue/UDB/2026/DSS404/Laboratorio/Desafio 3/control_citas_medica/vendor/laravel/framework/src/Illuminate/Foundation/Application.php(1220): Illuminate/Foundation/Http/Kernel->handle(Object(Illuminate/Http/Request))
#48 E:/Users/Josue/UDB/2026/DSS404/Laboratorio/Desafio 3/control_citas_medica/public/index.php(20): Illuminate/Foundation/Application->handleRequest(Object(Illuminate/Http/Request))
#49 E:/Users/Josue/UDB/2026/DSS404/Laboratorio/Desafio 3/control_citas_medica/vendor/laravel/framework/src/Illuminate/Foundation/resources/server.php(23): require_once('E://Users//Josue//...')
#50 {main}
"} 
[2026-05-24 03:10:57] local.ERROR: Call to undefined method App\Http\Controllers\AppointmentController::diagnose() {"userId":2,"exception":"[object] (Error(code: 0): Call to undefined method App\\Http\\Controllers\\AppointmentController::diagnose() at E:/Users/Josue/UDB/2026/DSS404/Laboratorio/Desafio 3/control_citas_medica/vendor/laravel/framework/src/Illuminate/Routing/ControllerDispatcher.php:46)
[stacktrace]
#0 E:/Users/Josue/UDB/2026/DSS404/Laboratorio/Desafio 3/control_citas_medica/vendor/laravel/framework/src/Illuminate/Routing/Route.php(265): Illuminate/Routing/ControllerDispatcher->dispatch(Object(Illuminate/Routing/Route), Object(App/Http/Controllers/AppointmentController), 'diagnose')
#1 E:/Users/Josue/UDB/2026/DSS404/Laboratorio/Desafio 3/control_citas_medica/vendor/laravel/framework/src/Illuminate/Routing/Route.php(211): Illuminate/Routing/Route->runController()
#2 E:/Users/Josue/UDB/2026/DSS404/Laboratorio/Desafio 3/control_citas_medica/vendor/laravel/framework/src/Illuminate/Routing/Router.php(822): Illuminate/Routing/Route->run()
#3 E:/Users/Josue/UDB/2026/DSS404/Laboratorio/Desafio 3/control_citas_medica/vendor/laravel/framework/src/Illuminate/Pipeline/Pipeline.php(180): Illuminate/Routing/Router->Illuminate/Routing/{closure}(Object(Illuminate/Http/Request))
#4 E:/Users/Josue/UDB/2026/DSS404/Laboratorio/Desafio 3/control_citas_medica/vendor/laravel/framework/src/Illuminate/Routing/Middleware/SubstituteBindings.php(50): Illuminate/Pipeline/Pipeline->Illuminate/Pipeline/{closure}(Object(Illuminate/Http/Request))
#5 E:/Users/Josue/UDB/2026/DSS404/Laboratorio/Desafio 3/control_citas_medica/vendor/laravel/framework/src/Illuminate/Pipeline/Pipeline.php(219): Illuminate/Routing/Middleware/SubstituteBindings->handle(Object(Illuminate/Http/Request), Object(Closure))
#6 E:/Users/Josue/UDB/2026/DSS404/Laboratorio/Desafio 3/control_citas_medica/vendor/laravel/framework/src/Illuminate/Auth/Middleware/Authenticate.php(63): Illuminate/Pipeline/Pipeline->Illuminate/Pipeline/{closure}(Object(Illuminate/Http/Request))
#7 E:/Users/Josue/UDB/2026/DSS404/Laboratorio/Desafio 3/control_citas_medica/vendor/laravel/framework/src/Illuminate/Pipeline/Pipeline.php(219): Illuminate/Auth/Middleware/Authenticate->handle(Object(Illuminate/Http/Request), Object(Closure))
#8 E:/Users/Josue/UDB/2026/DSS404/Laboratorio/Desafio 3/control_citas_medica/vendor/laravel/framework/src/Illuminate/Foundation/Http/Middleware/VerifyCsrfToken.php(87): Illuminate/Pipeline/Pipeline->Illuminate/Pipeline/{closure}(Object(Illuminate/Http/Request))
#9 E:/Users/Josue/UDB/2026/DSS404/Laboratorio/Desafio 3/control_citas_medica/vendor/laravel/framework/src/Illuminate/Pipeline/Pipeline.php(219): Illuminate/Foundation/Http/Middleware/VerifyCsrfToken->handle(Object(Illuminate/Http/Request), Object(Closure))
#10 E:/Users/Josue/UDB/2026/DSS404/Laboratorio/Desafio 3/control_citas_medica/vendor/laravel/framework/src/Illuminate/View/Middleware/ShareErrorsFromSession.php(48): Illuminate/Pipeline/Pipeline->Illuminate/Pipeline/{closure}(Object(Illuminate/Http/Request))
#11 E:/Users/Josue/UDB/2026/DSS404/Laboratorio/Desafio 3/control_citas_medica/vendor/laravel/framework/src/Illuminate/Pipeline/Pipeline.php(219): Illuminate/View/Middleware/ShareErrorsFromSession->handle(Object(Illuminate/Http/Request), Object(Closure))
#12 E:/Users/Josue/UDB/2026/DSS404/Laboratorio/Desafio 3/control_citas_medica/vendor/laravel/framework/src/Illuminate/Session/Middleware/StartSession.php(120): Illuminate/Pipeline/Pipeline->Illuminate/Pipeline/{closure}(Object(Illuminate/Http/Request))
#13 E:/Users/Josue/UDB/2026/DSS404/Laboratorio/Desafio 3/control_citas_medica/vendor/laravel/framework/src/Illuminate/Session/Middleware/StartSession.php(63): Illuminate/Session/Middleware/StartSession->handleStatefulRequest(Object(Illuminate/Http/Request), Object(Illuminate/Session/Store), Object(Closure))
#14 E:/Users/Josue/UDB/2026/DSS404/Laboratorio/Desafio 3/control_citas_medica/vendor/laravel/framework/src/Illuminate/Pipeline/Pipeline.php(219): Illuminate/Session/Middleware/StartSession->handle(Object(Illuminate/Http/Request), Object(Closure))
#15 E:/Users/Josue/UDB/2026/DSS404/Laboratorio/Desafio 3/control_citas_medica/vendor/laravel/framework/src/Illuminate/Cookie/Middleware/AddQueuedCookiesToResponse.php(36): Illuminate/Pipeline/Pipeline->Illuminate/Pipeline/{closure}(Object(Illuminate/Http/Request))
#16 E:/Users/Josue/UDB/2026/DSS404/Laboratorio/Desafio 3/control_citas_medica/vendor/laravel/framework/src/Illuminate/Pipeline/Pipeline.php(219): Illuminate/Cookie/Middleware/AddQueuedCookiesToResponse->handle(Object(Illuminate/Http/Request), Object(Closure))
#17 E:/Users/Josue/UDB/2026/DSS404/Laboratorio/Desafio 3/control_citas_medica/vendor/laravel/framework/src/Illuminate/Cookie/Middleware/EncryptCookies.php(74): Illuminate/Pipeline/Pipeline->Illuminate/Pipeline/{closure}(Object(Illuminate/Http/Request))
#18 E:/Users/Josue/UDB/2026/DSS404/Laboratorio/Desafio 3/control_citas_medica/vendor/laravel/framework/src/Illuminate/Pipeline/Pipeline.php(219): Illuminate/Cookie/Middleware/EncryptCookies->handle(Object(Illuminate/Http/Request), Object(Closure))
#19 E:/Users/Josue/UDB/2026/DSS404/Laboratorio/Desafio 3/control_citas_medica/vendor/laravel/framework/src/Illuminate/Pipeline/Pipeline.php(137): Illuminate/Pipeline/Pipeline->Illuminate/Pipeline/{closure}(Object(Illuminate/Http/Request))
#20 E:/Users/Josue/UDB/2026/DSS404/Laboratorio/Desafio 3/control_citas_medica/vendor/laravel/framework/src/Illuminate/Routing/Router.php(821): Illuminate/Pipeline/Pipeline->then(Object(Closure))
#21 E:/Users/Josue/UDB/2026/DSS404/Laboratorio/Desafio 3/control_citas_medica/vendor/laravel/framework/src/Illuminate/Routing/Router.php(800): Illuminate/Routing/Router->runRouteWithinStack(Object(Illuminate/Routing/Route), Object(Illuminate/Http/Request))
#22 E:/Users/Josue/UDB/2026/DSS404/Laboratorio/Desafio 3/control_citas_medica/vendor/laravel/framework/src/Illuminate/Routing/Router.php(764): Illuminate/Routing/Router->runRoute(Object(Illuminate/Http/Request), Object(Illuminate/Routing/Route))
#23 E:/Users/Josue/UDB/2026/DSS404/Laboratorio/Desafio 3/control_citas_medica/vendor/laravel/framework/src/Illuminate/Routing/Router.php(753): Illuminate/Routing/Router->dispatchToRoute(Object(Illuminate/Http/Request))
#24 E:/Users/Josue/UDB/2026/DSS404/Laboratorio/Desafio 3/control_citas_medica/vendor/laravel/framework/src/Illuminate/Foundation/Http/Kernel.php(200): Illuminate/Routing/Router->dispatch(Object(Illuminate/Http/Request))
#25 E:/Users/Josue/UDB/2026/DSS404/Laboratorio/Desafio 3/control_citas_medica/vendor/laravel/framework/src/Illuminate/Pipeline/Pipeline.php(180): Illuminate/Foundation/Http/Kernel->Illuminate/Foundation/Http/{closure}(Object(Illuminate/Http/Request))
#26 E:/Users/Josue/UDB/2026/DSS404/Laboratorio/Desafio 3/control_citas_medica/vendor/laravel/framework/src/Illuminate/Foundation/Http/Middleware/TransformsRequest.php(21): Illuminate/Pipeline/Pipeline->Illuminate/Pipeline/{closure}(Object(Illuminate/Http/Request))
#27 E:/Users/Josue/UDB/2026/DSS404/Laboratorio/Desafio 3/control_citas_medica/vendor/laravel/framework/src/Illuminate/Foundation/Http/Middleware/ConvertEmptyStringsToNull.php(31): Illuminate/Foundation/Http/Middleware/TransformsRequest->handle(Object(Illuminate/Http/Request), Object(Closure))
#28 E:/Users/Josue/UDB/2026/DSS404/Laboratorio/Desafio 3/control_citas_medica/vendor/laravel/framework/src/Illuminate/Pipeline/Pipeline.php(219): Illuminate/Foundation/Http/Middleware/ConvertEmptyStringsToNull->handle(Object(Illuminate/Http/Request), Object(Closure))
#29 E:/Users/Josue/UDB/2026/DSS404/Laboratorio/Desafio 3/control_citas_medica/vendor/laravel/framework/src/Illuminate/Foundation/Http/Middleware/TransformsRequest.php(21): Illuminate/Pipeline/Pipeline->Illuminate/Pipeline/{closure}(Object(Illuminate/Http/Request))
#30 E:/Users/Josue/UDB/2026/DSS404/Laboratorio/Desafio 3/control_citas_medica/vendor/laravel/framework/src/Illuminate/Foundation/Http/Middleware/TrimStrings.php(51): Illuminate/Foundation/Http/Middleware/TransformsRequest->handle(Object(Illuminate/Http/Request), Object(Closure))
#31 E:/Users/Josue/UDB/2026/DSS404/Laboratorio/Desafio 3/control_citas_medica/vendor/laravel/framework/src/Illuminate/Pipeline/Pipeline.php(219): Illuminate/Foundation/Http/Middleware/TrimStrings->handle(Object(Illuminate/Http/Request), Object(Closure))
#32 E:/Users/Josue/UDB/2026/DSS404/Laboratorio/Desafio 3/control_citas_medica/vendor/laravel/framework/src/Illuminate/Http/Middleware/ValidatePostSize.php(27): Illuminate/Pipeline/Pipeline->Illuminate/Pipeline/{closure}(Object(Illuminate/Http/Request))
#33 E:/Users/Josue/UDB/2026/DSS404/Laboratorio/Desafio 3/control_citas_medica/vendor/laravel/framework/src/Illuminate/Pipeline/Pipeline.php(219): Illuminate/Http/Middleware/ValidatePostSize->handle(Object(Illuminate/Http/Request), Object(Closure))
#34 E:/Users/Josue/UDB/2026/DSS404/Laboratorio/Desafio 3/control_citas_medica/vendor/laravel/framework/src/Illuminate/Foundation/Http/Middleware/PreventRequestsDuringMaintenance.php(109): Illuminate/Pipeline/Pipeline->Illuminate/Pipeline/{closure}(Object(Illuminate/Http/Request))
#35 E:/Users/Josue/UDB/2026/DSS404/Laboratorio/Desafio 3/control_citas_medica/vendor/laravel/framework/src/Illuminate/Pipeline/Pipeline.php(219): Illuminate/Foundation/Http/Middleware/PreventRequestsDuringMaintenance->handle(Object(Illuminate/Http/Request), Object(Closure))
#36 E:/Users/Josue/UDB/2026/DSS404/Laboratorio/Desafio 3/control_citas_medica/vendor/laravel/framework/src/Illuminate/Http/Middleware/HandleCors.php(61): Illuminate/Pipeline/Pipeline->Illuminate/Pipeline/{closure}(Object(Illuminate/Http/Request))
#37 E:/Users/Josue/UDB/2026/DSS404/Laboratorio/Desafio 3/control_citas_medica/vendor/laravel/framework/src/Illuminate/Pipeline/Pipeline.php(219): Illuminate/Http/Middleware/HandleCors->handle(Object(Illuminate/Http/Request), Object(Closure))
#38 E:/Users/Josue/UDB/2026/DSS404/Laboratorio/Desafio 3/control_citas_medica/vendor/laravel/framework/src/Illuminate/Http/Middleware/TrustProxies.php(58): Illuminate/Pipeline/Pipeline->Illuminate/Pipeline/{closure}(Object(Illuminate/Http/Request))
#39 E:/Users/Josue/UDB/2026/DSS404/Laboratorio/Desafio 3/control_citas_medica/vendor/laravel/framework/src/Illuminate/Pipeline/Pipeline.php(219): Illuminate/Http/Middleware/TrustProxies->handle(Object(Illuminate/Http/Request), Object(Closure))
#40 E:/Users/Josue/UDB/2026/DSS404/Laboratorio/Desafio 3/control_citas_medica/vendor/laravel/framework/src/Illuminate/Foundation/Http/Middleware/InvokeDeferredCallbacks.php(22): Illuminate/Pipeline/Pipeline->Illuminate/Pipeline/{closure}(Object(Illuminate/Http/Request))
#41 E:/Users/Josue/UDB/2026/DSS404/Laboratorio/Desafio 3/control_citas_medica/vendor/laravel/framework/src/Illuminate/Pipeline/Pipeline.php(219): Illuminate/Foundation/Http/Middleware/InvokeDeferredCallbacks->handle(Object(Illuminate/Http/Request), Object(Closure))
#42 E:/Users/Josue/UDB/2026/DSS404/Laboratorio/Desafio 3/control_citas_medica/vendor/laravel/framework/src/Illuminate/Http/Middleware/ValidatePathEncoding.php(26): Illuminate/Pipeline/Pipeline->Illuminate/Pipeline/{closure}(Object(Illuminate/Http/Request))
#43 E:/Users/Josue/UDB/2026/DSS404/Laboratorio/Desafio 3/control_citas_medica/vendor/laravel/framework/src/Illuminate/Pipeline/Pipeline.php(219): Illuminate/Http/Middleware/ValidatePathEncoding->handle(Object(Illuminate/Http/Request), Object(Closure))
#44 E:/Users/Josue/UDB/2026/DSS404/Laboratorio/Desafio 3/control_citas_medica/vendor/laravel/framework/src/Illuminate/Pipeline/Pipeline.php(137): Illuminate/Pipeline/Pipeline->Illuminate/Pipeline/{closure}(Object(Illuminate/Http/Request))
#45 E:/Users/Josue/UDB/2026/DSS404/Laboratorio/Desafio 3/control_citas_medica/vendor/laravel/framework/src/Illuminate/Foundation/Http/Kernel.php(175): Illuminate/Pipeline/Pipeline->then(Object(Closure))
#46 E:/Users/Josue/UDB/2026/DSS404/Laboratorio/Desafio 3/control_citas_medica/vendor/laravel/framework/src/Illuminate/Foundation/Http/Kernel.php(144): Illuminate/Foundation/Http/Kernel->sendRequestThroughRouter(Object(Illuminate/Http/Request))
#47 E:/Users/Josue/UDB/2026/DSS404/Laboratorio/Desafio 3/control_citas_medica/vendor/laravel/framework/src/Illuminate/Foundation/Application.php(1220): Illuminate/Foundation/Http/Kernel->handle(Object(Illuminate/Http/Request))
#48 E:/Users/Josue/UDB/2026/DSS404/Laboratorio/Desafio 3/control_citas_medica/public/index.php(20): Illuminate/Foundation/Application->handleRequest(Object(Illuminate/Http/Request))
#49 E:/Users/Josue/UDB/2026/DSS404/Laboratorio/Desafio 3/control_citas_medica/vendor/laravel/framework/src/Illuminate/Foundation/resources/server.php(23): require_once('E://Users//Josue//...')
#50 {main}
"} 
[2026-05-24 03:10:57] local.ERROR: Call to undefined method App\Http\Controllers\AppointmentController::diagnose() {"userId":2,"exception":"[object] (Error(code: 0): Call to undefined method App\\Http\\Controllers\\AppointmentController::diagnose() at E:/Users/Josue/UDB/2026/DSS404/Laboratorio/Desafio 3/control_citas_medica/vendor/laravel/framework/src/Illuminate/Routing/ControllerDispatcher.php:46)
[stacktrace]
#0 E:/Users/Josue/UDB/2026/DSS404/Laboratorio/Desafio 3/control_citas_medica/vendor/laravel/framework/src/Illuminate/Routing/Route.php(265): Illuminate/Routing/ControllerDispatcher->dispatch(Object(Illuminate/Routing/Route), Object(App/Http/Controllers/AppointmentController), 'diagnose')
#1 E:/Users/Josue/UDB/2026/DSS404/Laboratorio/Desafio 3/control_citas_medica/vendor/laravel/framework/src/Illuminate/Routing/Route.php(211): Illuminate/Routing/Route->runController()
#2 E:/Users/Josue/UDB/2026/DSS404/Laboratorio/Desafio 3/control_citas_medica/vendor/laravel/framework/src/Illuminate/Routing/Router.php(822): Illuminate/Routing/Route->run()
#3 E:/Users/Josue/UDB/2026/DSS404/Laboratorio/Desafio 3/control_citas_medica/vendor/laravel/framework/src/Illuminate/Pipeline/Pipeline.php(180): Illuminate/Routing/Router->Illuminate/Routing/{closure}(Object(Illuminate/Http/Request))
#4 E:/Users/Josue/UDB/2026/DSS404/Laboratorio/Desafio 3/control_citas_medica/vendor/laravel/framework/src/Illuminate/Routing/Middleware/SubstituteBindings.php(50): Illuminate/Pipeline/Pipeline->Illuminate/Pipeline/{closure}(Object(Illuminate/Http/Request))
#5 E:/Users/Josue/UDB/2026/DSS404/Laboratorio/Desafio 3/control_citas_medica/vendor/laravel/framework/src/Illuminate/Pipeline/Pipeline.php(219): Illuminate/Routing/Middleware/SubstituteBindings->handle(Object(Illuminate/Http/Request), Object(Closure))
#6 E:/Users/Josue/UDB/2026/DSS404/Laboratorio/Desafio 3/control_citas_medica/vendor/laravel/framework/src/Illuminate/Auth/Middleware/Authenticate.php(63): Illuminate/Pipeline/Pipeline->Illuminate/Pipeline/{closure}(Object(Illuminate/Http/Request))
#7 E:/Users/Josue/UDB/2026/DSS404/Laboratorio/Desafio 3/control_citas_medica/vendor/laravel/framework/src/Illuminate/Pipeline/Pipeline.php(219): Illuminate/Auth/Middleware/Authenticate->handle(Object(Illuminate/Http/Request), Object(Closure))
#8 E:/Users/Josue/UDB/2026/DSS404/Laboratorio/Desafio 3/control_citas_medica/vendor/laravel/framework/src/Illuminate/Foundation/Http/Middleware/VerifyCsrfToken.php(87): Illuminate/Pipeline/Pipeline->Illuminate/Pipeline/{closure}(Object(Illuminate/Http/Request))
#9 E:/Users/Josue/UDB/2026/DSS404/Laboratorio/Desafio 3/control_citas_medica/vendor/laravel/framework/src/Illuminate/Pipeline/Pipeline.php(219): Illuminate/Foundation/Http/Middleware/VerifyCsrfToken->handle(Object(Illuminate/Http/Request), Object(Closure))
#10 E:/Users/Josue/UDB/2026/DSS404/Laboratorio/Desafio 3/control_citas_medica/vendor/laravel/framework/src/Illuminate/View/Middleware/ShareErrorsFromSession.php(48): Illuminate/Pipeline/Pipeline->Illuminate/Pipeline/{closure}(Object(Illuminate/Http/Request))
#11 E:/Users/Josue/UDB/2026/DSS404/Laboratorio/Desafio 3/control_citas_medica/vendor/laravel/framework/src/Illuminate/Pipeline/Pipeline.php(219): Illuminate/View/Middleware/ShareErrorsFromSession->handle(Object(Illuminate/Http/Request), Object(Closure))
#12 E:/Users/Josue/UDB/2026/DSS404/Laboratorio/Desafio 3/control_citas_medica/vendor/laravel/framework/src/Illuminate/Session/Middleware/StartSession.php(120): Illuminate/Pipeline/Pipeline->Illuminate/Pipeline/{closure}(Object(Illuminate/Http/Request))
#13 E:/Users/Josue/UDB/2026/DSS404/Laboratorio/Desafio 3/control_citas_medica/vendor/laravel/framework/src/Illuminate/Session/Middleware/StartSession.php(63): Illuminate/Session/Middleware/StartSession->handleStatefulRequest(Object(Illuminate/Http/Request), Object(Illuminate/Session/Store), Object(Closure))
#14 E:/Users/Josue/UDB/2026/DSS404/Laboratorio/Desafio 3/control_citas_medica/vendor/laravel/framework/src/Illuminate/Pipeline/Pipeline.php(219): Illuminate/Session/Middleware/StartSession->handle(Object(Illuminate/Http/Request), Object(Closure))
#15 E:/Users/Josue/UDB/2026/DSS404/Laboratorio/Desafio 3/control_citas_medica/vendor/laravel/framework/src/Illuminate/Cookie/Middleware/AddQueuedCookiesToResponse.php(36): Illuminate/Pipeline/Pipeline->Illuminate/Pipeline/{closure}(Object(Illuminate/Http/Request))
#16 E:/Users/Josue/UDB/2026/DSS404/Laboratorio/Desafio 3/control_citas_medica/vendor/laravel/framework/src/Illuminate/Pipeline/Pipeline.php(219): Illuminate/Cookie/Middleware/AddQueuedCookiesToResponse->handle(Object(Illuminate/Http/Request), Object(Closure))
#17 E:/Users/Josue/UDB/2026/DSS404/Laboratorio/Desafio 3/control_citas_medica/vendor/laravel/framework/src/Illuminate/Cookie/Middleware/EncryptCookies.php(74): Illuminate/Pipeline/Pipeline->Illuminate/Pipeline/{closure}(Object(Illuminate/Http/Request))
#18 E:/Users/Josue/UDB/2026/DSS404/Laboratorio/Desafio 3/control_citas_medica/vendor/laravel/framework/src/Illuminate/Pipeline/Pipeline.php(219): Illuminate/Cookie/Middleware/EncryptCookies->handle(Object(Illuminate/Http/Request), Object(Closure))
#19 E:/Users/Josue/UDB/2026/DSS404/Laboratorio/Desafio 3/control_citas_medica/vendor/laravel/framework/src/Illuminate/Pipeline/Pipeline.php(137): Illuminate/Pipeline/Pipeline->Illuminate/Pipeline/{closure}(Object(Illuminate/Http/Request))
#20 E:/Users/Josue/UDB/2026/DSS404/Laboratorio/Desafio 3/control_citas_medica/vendor/laravel/framework/src/Illuminate/Routing/Router.php(821): Illuminate/Pipeline/Pipeline->then(Object(Closure))
#21 E:/Users/Josue/UDB/2026/DSS404/Laboratorio/Desafio 3/control_citas_medica/vendor/laravel/framework/src/Illuminate/Routing/Router.php(800): Illuminate/Routing/Router->runRouteWithinStack(Object(Illuminate/Routing/Route), Object(Illuminate/Http/Request))
#22 E:/Users/Josue/UDB/2026/DSS404/Laboratorio/Desafio 3/control_citas_medica/vendor/laravel/framework/src/Illuminate/Routing/Router.php(764): Illuminate/Routing/Router->runRoute(Object(Illuminate/Http/Request), Object(Illuminate/Routing/Route))
#23 E:/Users/Josue/UDB/2026/DSS404/Laboratorio/Desafio 3/control_citas_medica/vendor/laravel/framework/src/Illuminate/Routing/Router.php(753): Illuminate/Routing/Router->dispatchToRoute(Object(Illuminate/Http/Request))
#24 E:/Users/Josue/UDB/2026/DSS404/Laboratorio/Desafio 3/control_citas_medica/vendor/laravel/framework/src/Illuminate/Foundation/Http/Kernel.php(200): Illuminate/Routing/Router->dispatch(Object(Illuminate/Http/Request))
#25 E:/Users/Josue/UDB/2026/DSS404/Laboratorio/Desafio 3/control_citas_medica/vendor/laravel/framework/src/Illuminate/Pipeline/Pipeline.php(180): Illuminate/Foundation/Http/Kernel->Illuminate/Foundation/Http/{closure}(Object(Illuminate/Http/Request))
#26 E:/Users/Josue/UDB/2026/DSS404/Laboratorio/Desafio 3/control_citas_medica/vendor/laravel/framework/src/Illuminate/Foundation/Http/Middleware/TransformsRequest.php(21): Illuminate/Pipeline/Pipeline->Illuminate/Pipeline/{closure}(Object(Illuminate/Http/Request))
#27 E:/Users/Josue/UDB/2026/DSS404/Laboratorio/Desafio 3/control_citas_medica/vendor/laravel/framework/src/Illuminate/Foundation/Http/Middleware/ConvertEmptyStringsToNull.php(31): Illuminate/Foundation/Http/Middleware/TransformsRequest->handle(Object(Illuminate/Http/Request), Object(Closure))
#28 E:/Users/Josue/UDB/2026/DSS404/Laboratorio/Desafio 3/control_citas_medica/vendor/laravel/framework/src/Illuminate/Pipeline/Pipeline.php(219): Illuminate/Foundation/Http/Middleware/ConvertEmptyStringsToNull->handle(Object(Illuminate/Http/Request), Object(Closure))
#29 E:/Users/Josue/UDB/2026/DSS404/Laboratorio/Desafio 3/control_citas_medica/vendor/laravel/framework/src/Illuminate/Foundation/Http/Middleware/TransformsRequest.php(21): Illuminate/Pipeline/Pipeline->Illuminate/Pipeline/{closure}(Object(Illuminate/Http/Request))
#30 E:/Users/Josue/UDB/2026/DSS404/Laboratorio/Desafio 3/control_citas_medica/vendor/laravel/framework/src/Illuminate/Foundation/Http/Middleware/TrimStrings.php(51): Illuminate/Foundation/Http/Middleware/TransformsRequest->handle(Object(Illuminate/Http/Request), Object(Closure))
#31 E:/Users/Josue/UDB/2026/DSS404/Laboratorio/Desafio 3/control_citas_medica/vendor/laravel/framework/src/Illuminate/Pipeline/Pipeline.php(219): Illuminate/Foundation/Http/Middleware/TrimStrings->handle(Object(Illuminate/Http/Request), Object(Closure))
#32 E:/Users/Josue/UDB/2026/DSS404/Laboratorio/Desafio 3/control_citas_medica/vendor/laravel/framework/src/Illuminate/Http/Middleware/ValidatePostSize.php(27): Illuminate/Pipeline/Pipeline->Illuminate/Pipeline/{closure}(Object(Illuminate/Http/Request))
#33 E:/Users/Josue/UDB/2026/DSS404/Laboratorio/Desafio 3/control_citas_medica/vendor/laravel/framework/src/Illuminate/Pipeline/Pipeline.php(219): Illuminate/Http/Middleware/ValidatePostSize->handle(Object(Illuminate/Http/Request), Object(Closure))
#34 E:/Users/Josue/UDB/2026/DSS404/Laboratorio/Desafio 3/control_citas_medica/vendor/laravel/framework/src/Illuminate/Foundation/Http/Middleware/PreventRequestsDuringMaintenance.php(109): Illuminate/Pipeline/Pipeline->Illuminate/Pipeline/{closure}(Object(Illuminate/Http/Request))
#35 E:/Users/Josue/UDB/2026/DSS404/Laboratorio/Desafio 3/control_citas_medica/vendor/laravel/framework/src/Illuminate/Pipeline/Pipeline.php(219): Illuminate/Foundation/Http/Middleware/PreventRequestsDuringMaintenance->handle(Object(Illuminate/Http/Request), Object(Closure))
#36 E:/Users/Josue/UDB/2026/DSS404/Laboratorio/Desafio 3/control_citas_medica/vendor/laravel/framework/src/Illuminate/Http/Middleware/HandleCors.php(61): Illuminate/Pipeline/Pipeline->Illuminate/Pipeline/{closure}(Object(Illuminate/Http/Request))
#37 E:/Users/Josue/UDB/2026/DSS404/Laboratorio/Desafio 3/control_citas_medica/vendor/laravel/framework/src/Illuminate/Pipeline/Pipeline.php(219): Illuminate/Http/Middleware/HandleCors->handle(Object(Illuminate/Http/Request), Object(Closure))
#38 E:/Users/Josue/UDB/2026/DSS404/Laboratorio/Desafio 3/control_citas_medica/vendor/laravel/framework/src/Illuminate/Http/Middleware/TrustProxies.php(58): Illuminate/Pipeline/Pipeline->Illuminate/Pipeline/{closure}(Object(Illuminate/Http/Request))
#39 E:/Users/Josue/UDB/2026/DSS404/Laboratorio/Desafio 3/control_citas_medica/vendor/laravel/framework/src/Illuminate/Pipeline/Pipeline.php(219): Illuminate/Http/Middleware/TrustProxies->handle(Object(Illuminate/Http/Request), Object(Closure))
#40 E:/Users/Josue/UDB/2026/DSS404/Laboratorio/Desafio 3/control_citas_medica/vendor/laravel/framework/src/Illuminate/Foundation/Http/Middleware/InvokeDeferredCallbacks.php(22): Illuminate/Pipeline/Pipeline->Illuminate/Pipeline/{closure}(Object(Illuminate/Http/Request))
#41 E:/Users/Josue/UDB/2026/DSS404/Laboratorio/Desafio 3/control_citas_medica/vendor/laravel/framework/src/Illuminate/Pipeline/Pipeline.php(219): Illuminate/Foundation/Http/Middleware/InvokeDeferredCallbacks->handle(Object(Illuminate/Http/Request), Object(Closure))
#42 E:/Users/Josue/UDB/2026/DSS404/Laboratorio/Desafio 3/control_citas_medica/vendor/laravel/framework/src/Illuminate/Http/Middleware/ValidatePathEncoding.php(26): Illuminate/Pipeline/Pipeline->Illuminate/Pipeline/{closure}(Object(Illuminate/Http/Request))
#43 E:/Users/Josue/UDB/2026/DSS404/Laboratorio/Desafio 3/control_citas_medica/vendor/laravel/framework/src/Illuminate/Pipeline/Pipeline.php(219): Illuminate/Http/Middleware/ValidatePathEncoding->handle(Object(Illuminate/Http/Request), Object(Closure))
#44 E:/Users/Josue/UDB/2026/DSS404/Laboratorio/Desafio 3/control_citas_medica/vendor/laravel/framework/src/Illuminate/Pipeline/Pipeline.php(137): Illuminate/Pipeline/Pipeline->Illuminate/Pipeline/{closure}(Object(Illuminate/Http/Request))
#45 E:/Users/Josue/UDB/2026/DSS404/Laboratorio/Desafio 3/control_citas_medica/vendor/laravel/framework/src/Illuminate/Foundation/Http/Kernel.php(175): Illuminate/Pipeline/Pipeline->then(Object(Closure))
#46 E:/Users/Josue/UDB/2026/DSS404/Laboratorio/Desafio 3/control_citas_medica/vendor/laravel/framework/src/Illuminate/Foundation/Http/Kernel.php(144): Illuminate/Foundation/Http/Kernel->sendRequestThroughRouter(Object(Illuminate/Http/Request))
#47 E:/Users/Josue/UDB/2026/DSS404/Laboratorio/Desafio 3/control_citas_medica/vendor/laravel/framework/src/Illuminate/Foundation/Application.php(1220): Illuminate/Foundation/Http/Kernel->handle(Object(Illuminate/Http/Request))
#48 E:/Users/Josue/UDB/2026/DSS404/Laboratorio/Desafio 3/control_citas_medica/public/index.php(20): Illuminate/Foundation/Application->handleRequest(Object(Illuminate/Http/Request))
#49 E:/Users/Josue/UDB/2026/DSS404/Laboratorio/Desafio 3/control_citas_medica/vendor/laravel/framework/src/Illuminate/Foundation/resources/server.php(23): require_once('E://Users//Josue//...')
#50 {main}
"} 
[2026-05-24 03:10:58] local.ERROR: Call to undefined method App\Http\Controllers\AppointmentController::diagnose() {"userId":2,"exception":"[object] (Error(code: 0): Call to undefined method App\\Http\\Controllers\\AppointmentController::diagnose() at E:/Users/Josue/UDB/2026/DSS404/Laboratorio/Desafio 3/control_citas_medica/vendor/laravel/framework/src/Illuminate/Routing/ControllerDispatcher.php:46)
[stacktrace]
#0 E:/Users/Josue/UDB/2026/DSS404/Laboratorio/Desafio 3/control_citas_medica/vendor/laravel/framework/src/Illuminate/Routing/Route.php(265): Illuminate/Routing/ControllerDispatcher->dispatch(Object(Illuminate/Routing/Route), Object(App/Http/Controllers/AppointmentController), 'diagnose')
#1 E:/Users/Josue/UDB/2026/DSS404/Laboratorio/Desafio 3/control_citas_medica/vendor/laravel/framework/src/Illuminate/Routing/Route.php(211): Illuminate/Routing/Route->runController()
#2 E:/Users/Josue/UDB/2026/DSS404/Laboratorio/Desafio 3/control_citas_medica/vendor/laravel/framework/src/Illuminate/Routing/Router.php(822): Illuminate/Routing/Route->run()
#3 E:/Users/Josue/UDB/2026/DSS404/Laboratorio/Desafio 3/control_citas_medica/vendor/laravel/framework/src/Illuminate/Pipeline/Pipeline.php(180): Illuminate/Routing/Router->Illuminate/Routing/{closure}(Object(Illuminate/Http/Request))
#4 E:/Users/Josue/UDB/2026/DSS404/Laboratorio/Desafio 3/control_citas_medica/vendor/laravel/framework/src/Illuminate/Routing/Middleware/SubstituteBindings.php(50): Illuminate/Pipeline/Pipeline->Illuminate/Pipeline/{closure}(Object(Illuminate/Http/Request))
#5 E:/Users/Josue/UDB/2026/DSS404/Laboratorio/Desafio 3/control_citas_medica/vendor/laravel/framework/src/Illuminate/Pipeline/Pipeline.php(219): Illuminate/Routing/Middleware/SubstituteBindings->handle(Object(Illuminate/Http/Request), Object(Closure))
#6 E:/Users/Josue/UDB/2026/DSS404/Laboratorio/Desafio 3/control_citas_medica/vendor/laravel/framework/src/Illuminate/Auth/Middleware/Authenticate.php(63): Illuminate/Pipeline/Pipeline->Illuminate/Pipeline/{closure}(Object(Illuminate/Http/Request))
#7 E:/Users/Josue/UDB/2026/DSS404/Laboratorio/Desafio 3/control_citas_medica/vendor/laravel/framework/src/Illuminate/Pipeline/Pipeline.php(219): Illuminate/Auth/Middleware/Authenticate->handle(Object(Illuminate/Http/Request), Object(Closure))
#8 E:/Users/Josue/UDB/2026/DSS404/Laboratorio/Desafio 3/control_citas_medica/vendor/laravel/framework/src/Illuminate/Foundation/Http/Middleware/VerifyCsrfToken.php(87): Illuminate/Pipeline/Pipeline->Illuminate/Pipeline/{closure}(Object(Illuminate/Http/Request))
#9 E:/Users/Josue/UDB/2026/DSS404/Laboratorio/Desafio 3/control_citas_medica/vendor/laravel/framework/src/Illuminate/Pipeline/Pipeline.php(219): Illuminate/Foundation/Http/Middleware/VerifyCsrfToken->handle(Object(Illuminate/Http/Request), Object(Closure))
#10 E:/Users/Josue/UDB/2026/DSS404/Laboratorio/Desafio 3/control_citas_medica/vendor/laravel/framework/src/Illuminate/View/Middleware/ShareErrorsFromSession.php(48): Illuminate/Pipeline/Pipeline->Illuminate/Pipeline/{closure}(Object(Illuminate/Http/Request))
#11 E:/Users/Josue/UDB/2026/DSS404/Laboratorio/Desafio 3/control_citas_medica/vendor/laravel/framework/src/Illuminate/Pipeline/Pipeline.php(219): Illuminate/View/Middleware/ShareErrorsFromSession->handle(Object(Illuminate/Http/Request), Object(Closure))
#12 E:/Users/Josue/UDB/2026/DSS404/Laboratorio/Desafio 3/control_citas_medica/vendor/laravel/framework/src/Illuminate/Session/Middleware/StartSession.php(120): Illuminate/Pipeline/Pipeline->Illuminate/Pipeline/{closure}(Object(Illuminate/Http/Request))
#13 E:/Users/Josue/UDB/2026/DSS404/Laboratorio/Desafio 3/control_citas_medica/vendor/laravel/framework/src/Illuminate/Session/Middleware/StartSession.php(63): Illuminate/Session/Middleware/StartSession->handleStatefulRequest(Object(Illuminate/Http/Request), Object(Illuminate/Session/Store), Object(Closure))
#14 E:/Users/Josue/UDB/2026/DSS404/Laboratorio/Desafio 3/control_citas_medica/vendor/laravel/framework/src/Illuminate/Pipeline/Pipeline.php(219): Illuminate/Session/Middleware/StartSession->handle(Object(Illuminate/Http/Request), Object(Closure))
#15 E:/Users/Josue/UDB/2026/DSS404/Laboratorio/Desafio 3/control_citas_medica/vendor/laravel/framework/src/Illuminate/Cookie/Middleware/AddQueuedCookiesToResponse.php(36): Illuminate/Pipeline/Pipeline->Illuminate/Pipeline/{closure}(Object(Illuminate/Http/Request))
#16 E:/Users/Josue/UDB/2026/DSS404/Laboratorio/Desafio 3/control_citas_medica/vendor/laravel/framework/src/Illuminate/Pipeline/Pipeline.php(219): Illuminate/Cookie/Middleware/AddQueuedCookiesToResponse->handle(Object(Illuminate/Http/Request), Object(Closure))
#17 E:/Users/Josue/UDB/2026/DSS404/Laboratorio/Desafio 3/control_citas_medica/vendor/laravel/framework/src/Illuminate/Cookie/Middleware/EncryptCookies.php(74): Illuminate/Pipeline/Pipeline->Illuminate/Pipeline/{closure}(Object(Illuminate/Http/Request))
#18 E:/Users/Josue/UDB/2026/DSS404/Laboratorio/Desafio 3/control_citas_medica/vendor/laravel/framework/src/Illuminate/Pipeline/Pipeline.php(219): Illuminate/Cookie/Middleware/EncryptCookies->handle(Object(Illuminate/Http/Request), Object(Closure))
#19 E:/Users/Josue/UDB/2026/DSS404/Laboratorio/Desafio 3/control_citas_medica/vendor/laravel/framework/src/Illuminate/Pipeline/Pipeline.php(137): Illuminate/Pipeline/Pipeline->Illuminate/Pipeline/{closure}(Object(Illuminate/Http/Request))
#20 E:/Users/Josue/UDB/2026/DSS404/Laboratorio/Desafio 3/control_citas_medica/vendor/laravel/framework/src/Illuminate/Routing/Router.php(821): Illuminate/Pipeline/Pipeline->then(Object(Closure))
#21 E:/Users/Josue/UDB/2026/DSS404/Laboratorio/Desafio 3/control_citas_medica/vendor/laravel/framework/src/Illuminate/Routing/Router.php(800): Illuminate/Routing/Router->runRouteWithinStack(Object(Illuminate/Routing/Route), Object(Illuminate/Http/Request))
#22 E:/Users/Josue/UDB/2026/DSS404/Laboratorio/Desafio 3/control_citas_medica/vendor/laravel/framework/src/Illuminate/Routing/Router.php(764): Illuminate/Routing/Router->runRoute(Object(Illuminate/Http/Request), Object(Illuminate/Routing/Route))
#23 E:/Users/Josue/UDB/2026/DSS404/Laboratorio/Desafio 3/control_citas_medica/vendor/laravel/framework/src/Illuminate/Routing/Router.php(753): Illuminate/Routing/Router->dispatchToRoute(Object(Illuminate/Http/Request))
#24 E:/Users/Josue/UDB/2026/DSS404/Laboratorio/Desafio 3/control_citas_medica/vendor/laravel/framework/src/Illuminate/Foundation/Http/Kernel.php(200): Illuminate/Routing/Router->dispatch(Object(Illuminate/Http/Request))
#25 E:/Users/Josue/UDB/2026/DSS404/Laboratorio/Desafio 3/control_citas_medica/vendor/laravel/framework/src/Illuminate/Pipeline/Pipeline.php(180): Illuminate/Foundation/Http/Kernel->Illuminate/Foundation/Http/{closure}(Object(Illuminate/Http/Request))
#26 E:/Users/Josue/UDB/2026/DSS404/Laboratorio/Desafio 3/control_citas_medica/vendor/laravel/framework/src/Illuminate/Foundation/Http/Middleware/TransformsRequest.php(21): Illuminate/Pipeline/Pipeline->Illuminate/Pipeline/{closure}(Object(Illuminate/Http/Request))
#27 E:/Users/Josue/UDB/2026/DSS404/Laboratorio/Desafio 3/control_citas_medica/vendor/laravel/framework/src/Illuminate/Foundation/Http/Middleware/ConvertEmptyStringsToNull.php(31): Illuminate/Foundation/Http/Middleware/TransformsRequest->handle(Object(Illuminate/Http/Request), Object(Closure))
#28 E:/Users/Josue/UDB/2026/DSS404/Laboratorio/Desafio 3/control_citas_medica/vendor/laravel/framework/src/Illuminate/Pipeline/Pipeline.php(219): Illuminate/Foundation/Http/Middleware/ConvertEmptyStringsToNull->handle(Object(Illuminate/Http/Request), Object(Closure))
#29 E:/Users/Josue/UDB/2026/DSS404/Laboratorio/Desafio 3/control_citas_medica/vendor/laravel/framework/src/Illuminate/Foundation/Http/Middleware/TransformsRequest.php(21): Illuminate/Pipeline/Pipeline->Illuminate/Pipeline/{closure}(Object(Illuminate/Http/Request))
#30 E:/Users/Josue/UDB/2026/DSS404/Laboratorio/Desafio 3/control_citas_medica/vendor/laravel/framework/src/Illuminate/Foundation/Http/Middleware/TrimStrings.php(51): Illuminate/Foundation/Http/Middleware/TransformsRequest->handle(Object(Illuminate/Http/Request), Object(Closure))
#31 E:/Users/Josue/UDB/2026/DSS404/Laboratorio/Desafio 3/control_citas_medica/vendor/laravel/framework/src/Illuminate/Pipeline/Pipeline.php(219): Illuminate/Foundation/Http/Middleware/TrimStrings->handle(Object(Illuminate/Http/Request), Object(Closure))
#32 E:/Users/Josue/UDB/2026/DSS404/Laboratorio/Desafio 3/control_citas_medica/vendor/laravel/framework/src/Illuminate/Http/Middleware/ValidatePostSize.php(27): Illuminate/Pipeline/Pipeline->Illuminate/Pipeline/{closure}(Object(Illuminate/Http/Request))
#33 E:/Users/Josue/UDB/2026/DSS404/Laboratorio/Desafio 3/control_citas_medica/vendor/laravel/framework/src/Illuminate/Pipeline/Pipeline.php(219): Illuminate/Http/Middleware/ValidatePostSize->handle(Object(Illuminate/Http/Request), Object(Closure))
#34 E:/Users/Josue/UDB/2026/DSS404/Laboratorio/Desafio 3/control_citas_medica/vendor/laravel/framework/src/Illuminate/Foundation/Http/Middleware/PreventRequestsDuringMaintenance.php(109): Illuminate/Pipeline/Pipeline->Illuminate/Pipeline/{closure}(Object(Illuminate/Http/Request))
#35 E:/Users/Josue/UDB/2026/DSS404/Laboratorio/Desafio 3/control_citas_medica/vendor/laravel/framework/src/Illuminate/Pipeline/Pipeline.php(219): Illuminate/Foundation/Http/Middleware/PreventRequestsDuringMaintenance->handle(Object(Illuminate/Http/Request), Object(Closure))
#36 E:/Users/Josue/UDB/2026/DSS404/Laboratorio/Desafio 3/control_citas_medica/vendor/laravel/framework/src/Illuminate/Http/Middleware/HandleCors.php(61): Illuminate/Pipeline/Pipeline->Illuminate/Pipeline/{closure}(Object(Illuminate/Http/Request))
#37 E:/Users/Josue/UDB/2026/DSS404/Laboratorio/Desafio 3/control_citas_medica/vendor/laravel/framework/src/Illuminate/Pipeline/Pipeline.php(219): Illuminate/Http/Middleware/HandleCors->handle(Object(Illuminate/Http/Request), Object(Closure))
#38 E:/Users/Josue/UDB/2026/DSS404/Laboratorio/Desafio 3/control_citas_medica/vendor/laravel/framework/src/Illuminate/Http/Middleware/TrustProxies.php(58): Illuminate/Pipeline/Pipeline->Illuminate/Pipeline/{closure}(Object(Illuminate/Http/Request))
#39 E:/Users/Josue/UDB/2026/DSS404/Laboratorio/Desafio 3/control_citas_medica/vendor/laravel/framework/src/Illuminate/Pipeline/Pipeline.php(219): Illuminate/Http/Middleware/TrustProxies->handle(Object(Illuminate/Http/Request), Object(Closure))
#40 E:/Users/Josue/UDB/2026/DSS404/Laboratorio/Desafio 3/control_citas_medica/vendor/laravel/framework/src/Illuminate/Foundation/Http/Middleware/InvokeDeferredCallbacks.php(22): Illuminate/Pipeline/Pipeline->Illuminate/Pipeline/{closure}(Object(Illuminate/Http/Request))
#41 E:/Users/Josue/UDB/2026/DSS404/Laboratorio/Desafio 3/control_citas_medica/vendor/laravel/framework/src/Illuminate/Pipeline/Pipeline.php(219): Illuminate/Foundation/Http/Middleware/InvokeDeferredCallbacks->handle(Object(Illuminate/Http/Request), Object(Closure))
#42 E:/Users/Josue/UDB/2026/DSS404/Laboratorio/Desafio 3/control_citas_medica/vendor/laravel/framework/src/Illuminate/Http/Middleware/ValidatePathEncoding.php(26): Illuminate/Pipeline/Pipeline->Illuminate/Pipeline/{closure}(Object(Illuminate/Http/Request))
#43 E:/Users/Josue/UDB/2026/DSS404/Laboratorio/Desafio 3/control_citas_medica/vendor/laravel/framework/src/Illuminate/Pipeline/Pipeline.php(219): Illuminate/Http/Middleware/ValidatePathEncoding->handle(Object(Illuminate/Http/Request), Object(Closure))
#44 E:/Users/Josue/UDB/2026/DSS404/Laboratorio/Desafio 3/control_citas_medica/vendor/laravel/framework/src/Illuminate/Pipeline/Pipeline.php(137): Illuminate/Pipeline/Pipeline->Illuminate/Pipeline/{closure}(Object(Illuminate/Http/Request))
#45 E:/Users/Josue/UDB/2026/DSS404/Laboratorio/Desafio 3/control_citas_medica/vendor/laravel/framework/src/Illuminate/Foundation/Http/Kernel.php(175): Illuminate/Pipeline/Pipeline->then(Object(Closure))
#46 E:/Users/Josue/UDB/2026/DSS404/Laboratorio/Desafio 3/control_citas_medica/vendor/laravel/framework/src/Illuminate/Foundation/Http/Kernel.php(144): Illuminate/Foundation/Http/Kernel->sendRequestThroughRouter(Object(Illuminate/Http/Request))
#47 E:/Users/Josue/UDB/2026/DSS404/Laboratorio/Desafio 3/control_citas_medica/vendor/laravel/framework/src/Illuminate/Foundation/Application.php(1220): Illuminate/Foundation/Http/Kernel->handle(Object(Illuminate/Http/Request))
#48 E:/Users/Josue/UDB/2026/DSS404/Laboratorio/Desafio 3/control_citas_medica/public/index.php(20): Illuminate/Foundation/Application->handleRequest(Object(Illuminate/Http/Request))
#49 E:/Users/Josue/UDB/2026/DSS404/Laboratorio/Desafio 3/control_citas_medica/vendor/laravel/framework/src/Illuminate/Foundation/resources/server.php(23): require_once('E://Users//Josue//...')
#50 {main}
"} 
[2026-05-24 03:10:58] local.ERROR: Call to undefined method App\Http\Controllers\AppointmentController::diagnose() {"userId":2,"exception":"[object] (Error(code: 0): Call to undefined method App\\Http\\Controllers\\AppointmentController::diagnose() at E:/Users/Josue/UDB/2026/DSS404/Laboratorio/Desafio 3/control_citas_medica/vendor/laravel/framework/src/Illuminate/Routing/ControllerDispatcher.php:46)
[stacktrace]
#0 E:/Users/Josue/UDB/2026/DSS404/Laboratorio/Desafio 3/control_citas_medica/vendor/laravel/framework/src/Illuminate/Routing/Route.php(265): Illuminate/Routing/ControllerDispatcher->dispatch(Object(Illuminate/Routing/Route), Object(App/Http/Controllers/AppointmentController), 'diagnose')
#1 E:/Users/Josue/UDB/2026/DSS404/Laboratorio/Desafio 3/control_citas_medica/vendor/laravel/framework/src/Illuminate/Routing/Route.php(211): Illuminate/Routing/Route->runController()
#2 E:/Users/Josue/UDB/2026/DSS404/Laboratorio/Desafio 3/control_citas_medica/vendor/laravel/framework/src/Illuminate/Routing/Router.php(822): Illuminate/Routing/Route->run()
#3 E:/Users/Josue/UDB/2026/DSS404/Laboratorio/Desafio 3/control_citas_medica/vendor/laravel/framework/src/Illuminate/Pipeline/Pipeline.php(180): Illuminate/Routing/Router->Illuminate/Routing/{closure}(Object(Illuminate/Http/Request))
#4 E:/Users/Josue/UDB/2026/DSS404/Laboratorio/Desafio 3/control_citas_medica/vendor/laravel/framework/src/Illuminate/Routing/Middleware/SubstituteBindings.php(50): Illuminate/Pipeline/Pipeline->Illuminate/Pipeline/{closure}(Object(Illuminate/Http/Request))
#5 E:/Users/Josue/UDB/2026/DSS404/Laboratorio/Desafio 3/control_citas_medica/vendor/laravel/framework/src/Illuminate/Pipeline/Pipeline.php(219): Illuminate/Routing/Middleware/SubstituteBindings->handle(Object(Illuminate/Http/Request), Object(Closure))
#6 E:/Users/Josue/UDB/2026/DSS404/Laboratorio/Desafio 3/control_citas_medica/vendor/laravel/framework/src/Illuminate/Auth/Middleware/Authenticate.php(63): Illuminate/Pipeline/Pipeline->Illuminate/Pipeline/{closure}(Object(Illuminate/Http/Request))
#7 E:/Users/Josue/UDB/2026/DSS404/Laboratorio/Desafio 3/control_citas_medica/vendor/laravel/framework/src/Illuminate/Pipeline/Pipeline.php(219): Illuminate/Auth/Middleware/Authenticate->handle(Object(Illuminate/Http/Request), Object(Closure))
#8 E:/Users/Josue/UDB/2026/DSS404/Laboratorio/Desafio 3/control_citas_medica/vendor/laravel/framework/src/Illuminate/Foundation/Http/Middleware/VerifyCsrfToken.php(87): Illuminate/Pipeline/Pipeline->Illuminate/Pipeline/{closure}(Object(Illuminate/Http/Request))
#9 E:/Users/Josue/UDB/2026/DSS404/Laboratorio/Desafio 3/control_citas_medica/vendor/laravel/framework/src/Illuminate/Pipeline/Pipeline.php(219): Illuminate/Foundation/Http/Middleware/VerifyCsrfToken->handle(Object(Illuminate/Http/Request), Object(Closure))
#10 E:/Users/Josue/UDB/2026/DSS404/Laboratorio/Desafio 3/control_citas_medica/vendor/laravel/framework/src/Illuminate/View/Middleware/ShareErrorsFromSession.php(48): Illuminate/Pipeline/Pipeline->Illuminate/Pipeline/{closure}(Object(Illuminate/Http/Request))
#11 E:/Users/Josue/UDB/2026/DSS404/Laboratorio/Desafio 3/control_citas_medica/vendor/laravel/framework/src/Illuminate/Pipeline/Pipeline.php(219): Illuminate/View/Middleware/ShareErrorsFromSession->handle(Object(Illuminate/Http/Request), Object(Closure))
#12 E:/Users/Josue/UDB/2026/DSS404/Laboratorio/Desafio 3/control_citas_medica/vendor/laravel/framework/src/Illuminate/Session/Middleware/StartSession.php(120): Illuminate/Pipeline/Pipeline->Illuminate/Pipeline/{closure}(Object(Illuminate/Http/Request))
#13 E:/Users/Josue/UDB/2026/DSS404/Laboratorio/Desafio 3/control_citas_medica/vendor/laravel/framework/src/Illuminate/Session/Middleware/StartSession.php(63): Illuminate/Session/Middleware/StartSession->handleStatefulRequest(Object(Illuminate/Http/Request), Object(Illuminate/Session/Store), Object(Closure))
#14 E:/Users/Josue/UDB/2026/DSS404/Laboratorio/Desafio 3/control_citas_medica/vendor/laravel/framework/src/Illuminate/Pipeline/Pipeline.php(219): Illuminate/Session/Middleware/StartSession->handle(Object(Illuminate/Http/Request), Object(Closure))
#15 E:/Users/Josue/UDB/2026/DSS404/Laboratorio/Desafio 3/control_citas_medica/vendor/laravel/framework/src/Illuminate/Cookie/Middleware/AddQueuedCookiesToResponse.php(36): Illuminate/Pipeline/Pipeline->Illuminate/Pipeline/{closure}(Object(Illuminate/Http/Request))
#16 E:/Users/Josue/UDB/2026/DSS404/Laboratorio/Desafio 3/control_citas_medica/vendor/laravel/framework/src/Illuminate/Pipeline/Pipeline.php(219): Illuminate/Cookie/Middleware/AddQueuedCookiesToResponse->handle(Object(Illuminate/Http/Request), Object(Closure))
#17 E:/Users/Josue/UDB/2026/DSS404/Laboratorio/Desafio 3/control_citas_medica/vendor/laravel/framework/src/Illuminate/Cookie/Middleware/EncryptCookies.php(74): Illuminate/Pipeline/Pipeline->Illuminate/Pipeline/{closure}(Object(Illuminate/Http/Request))
#18 E:/Users/Josue/UDB/2026/DSS404/Laboratorio/Desafio 3/control_citas_medica/vendor/laravel/framework/src/Illuminate/Pipeline/Pipeline.php(219): Illuminate/Cookie/Middleware/EncryptCookies->handle(Object(Illuminate/Http/Request), Object(Closure))
#19 E:/Users/Josue/UDB/2026/DSS404/Laboratorio/Desafio 3/control_citas_medica/vendor/laravel/framework/src/Illuminate/Pipeline/Pipeline.php(137): Illuminate/Pipeline/Pipeline->Illuminate/Pipeline/{closure}(Object(Illuminate/Http/Request))
#20 E:/Users/Josue/UDB/2026/DSS404/Laboratorio/Desafio 3/control_citas_medica/vendor/laravel/framework/src/Illuminate/Routing/Router.php(821): Illuminate/Pipeline/Pipeline->then(Object(Closure))
#21 E:/Users/Josue/UDB/2026/DSS404/Laboratorio/Desafio 3/control_citas_medica/vendor/laravel/framework/src/Illuminate/Routing/Router.php(800): Illuminate/Routing/Router->runRouteWithinStack(Object(Illuminate/Routing/Route), Object(Illuminate/Http/Request))
#22 E:/Users/Josue/UDB/2026/DSS404/Laboratorio/Desafio 3/control_citas_medica/vendor/laravel/framework/src/Illuminate/Routing/Router.php(764): Illuminate/Routing/Router->runRoute(Object(Illuminate/Http/Request), Object(Illuminate/Routing/Route))
#23 E:/Users/Josue/UDB/2026/DSS404/Laboratorio/Desafio 3/control_citas_medica/vendor/laravel/framework/src/Illuminate/Routing/Router.php(753): Illuminate/Routing/Router->dispatchToRoute(Object(Illuminate/Http/Request))
#24 E:/Users/Josue/UDB/2026/DSS404/Laboratorio/Desafio 3/control_citas_medica/vendor/laravel/framework/src/Illuminate/Foundation/Http/Kernel.php(200): Illuminate/Routing/Router->dispatch(Object(Illuminate/Http/Request))
#25 E:/Users/Josue/UDB/2026/DSS404/Laboratorio/Desafio 3/control_citas_medica/vendor/laravel/framework/src/Illuminate/Pipeline/Pipeline.php(180): Illuminate/Foundation/Http/Kernel->Illuminate/Foundation/Http/{closure}(Object(Illuminate/Http/Request))
#26 E:/Users/Josue/UDB/2026/DSS404/Laboratorio/Desafio 3/control_citas_medica/vendor/laravel/framework/src/Illuminate/Foundation/Http/Middleware/TransformsRequest.php(21): Illuminate/Pipeline/Pipeline->Illuminate/Pipeline/{closure}(Object(Illuminate/Http/Request))
#27 E:/Users/Josue/UDB/2026/DSS404/Laboratorio/Desafio 3/control_citas_medica/vendor/laravel/framework/src/Illuminate/Foundation/Http/Middleware/ConvertEmptyStringsToNull.php(31): Illuminate/Foundation/Http/Middleware/TransformsRequest->handle(Object(Illuminate/Http/Request), Object(Closure))
#28 E:/Users/Josue/UDB/2026/DSS404/Laboratorio/Desafio 3/control_citas_medica/vendor/laravel/framework/src/Illuminate/Pipeline/Pipeline.php(219): Illuminate/Foundation/Http/Middleware/ConvertEmptyStringsToNull->handle(Object(Illuminate/Http/Request), Object(Closure))
#29 E:/Users/Josue/UDB/2026/DSS404/Laboratorio/Desafio 3/control_citas_medica/vendor/laravel/framework/src/Illuminate/Foundation/Http/Middleware/TransformsRequest.php(21): Illuminate/Pipeline/Pipeline->Illuminate/Pipeline/{closure}(Object(Illuminate/Http/Request))
#30 E:/Users/Josue/UDB/2026/DSS404/Laboratorio/Desafio 3/control_citas_medica/vendor/laravel/framework/src/Illuminate/Foundation/Http/Middleware/TrimStrings.php(51): Illuminate/Foundation/Http/Middleware/TransformsRequest->handle(Object(Illuminate/Http/Request), Object(Closure))
#31 E:/Users/Josue/UDB/2026/DSS404/Laboratorio/Desafio 3/control_citas_medica/vendor/laravel/framework/src/Illuminate/Pipeline/Pipeline.php(219): Illuminate/Foundation/Http/Middleware/TrimStrings->handle(Object(Illuminate/Http/Request), Object(Closure))
#32 E:/Users/Josue/UDB/2026/DSS404/Laboratorio/Desafio 3/control_citas_medica/vendor/laravel/framework/src/Illuminate/Http/Middleware/ValidatePostSize.php(27): Illuminate/Pipeline/Pipeline->Illuminate/Pipeline/{closure}(Object(Illuminate/Http/Request))
#33 E:/Users/Josue/UDB/2026/DSS404/Laboratorio/Desafio 3/control_citas_medica/vendor/laravel/framework/src/Illuminate/Pipeline/Pipeline.php(219): Illuminate/Http/Middleware/ValidatePostSize->handle(Object(Illuminate/Http/Request), Object(Closure))
#34 E:/Users/Josue/UDB/2026/DSS404/Laboratorio/Desafio 3/control_citas_medica/vendor/laravel/framework/src/Illuminate/Foundation/Http/Middleware/PreventRequestsDuringMaintenance.php(109): Illuminate/Pipeline/Pipeline->Illuminate/Pipeline/{closure}(Object(Illuminate/Http/Request))
#35 E:/Users/Josue/UDB/2026/DSS404/Laboratorio/Desafio 3/control_citas_medica/vendor/laravel/framework/src/Illuminate/Pipeline/Pipeline.php(219): Illuminate/Foundation/Http/Middleware/PreventRequestsDuringMaintenance->handle(Object(Illuminate/Http/Request), Object(Closure))
#36 E:/Users/Josue/UDB/2026/DSS404/Laboratorio/Desafio 3/control_citas_medica/vendor/laravel/framework/src/Illuminate/Http/Middleware/HandleCors.php(61): Illuminate/Pipeline/Pipeline->Illuminate/Pipeline/{closure}(Object(Illuminate/Http/Request))
#37 E:/Users/Josue/UDB/2026/DSS404/Laboratorio/Desafio 3/control_citas_medica/vendor/laravel/framework/src/Illuminate/Pipeline/Pipeline.php(219): Illuminate/Http/Middleware/HandleCors->handle(Object(Illuminate/Http/Request), Object(Closure))
#38 E:/Users/Josue/UDB/2026/DSS404/Laboratorio/Desafio 3/control_citas_medica/vendor/laravel/framework/src/Illuminate/Http/Middleware/TrustProxies.php(58): Illuminate/Pipeline/Pipeline->Illuminate/Pipeline/{closure}(Object(Illuminate/Http/Request))
#39 E:/Users/Josue/UDB/2026/DSS404/Laboratorio/Desafio 3/control_citas_medica/vendor/laravel/framework/src/Illuminate/Pipeline/Pipeline.php(219): Illuminate/Http/Middleware/TrustProxies->handle(Object(Illuminate/Http/Request), Object(Closure))
#40 E:/Users/Josue/UDB/2026/DSS404/Laboratorio/Desafio 3/control_citas_medica/vendor/laravel/framework/src/Illuminate/Foundation/Http/Middleware/InvokeDeferredCallbacks.php(22): Illuminate/Pipeline/Pipeline->Illuminate/Pipeline/{closure}(Object(Illuminate/Http/Request))
#41 E:/Users/Josue/UDB/2026/DSS404/Laboratorio/Desafio 3/control_citas_medica/vendor/laravel/framework/src/Illuminate/Pipeline/Pipeline.php(219): Illuminate/Foundation/Http/Middleware/InvokeDeferredCallbacks->handle(Object(Illuminate/Http/Request), Object(Closure))
#42 E:/Users/Josue/UDB/2026/DSS404/Laboratorio/Desafio 3/control_citas_medica/vendor/laravel/framework/src/Illuminate/Http/Middleware/ValidatePathEncoding.php(26): Illuminate/Pipeline/Pipeline->Illuminate/Pipeline/{closure}(Object(Illuminate/Http/Request))
#43 E:/Users/Josue/UDB/2026/DSS404/Laboratorio/Desafio 3/control_citas_medica/vendor/laravel/framework/src/Illuminate/Pipeline/Pipeline.php(219): Illuminate/Http/Middleware/ValidatePathEncoding->handle(Object(Illuminate/Http/Request), Object(Closure))
#44 E:/Users/Josue/UDB/2026/DSS404/Laboratorio/Desafio 3/control_citas_medica/vendor/laravel/framework/src/Illuminate/Pipeline/Pipeline.php(137): Illuminate/Pipeline/Pipeline->Illuminate/Pipeline/{closure}(Object(Illuminate/Http/Request))
#45 E:/Users/Josue/UDB/2026/DSS404/Laboratorio/Desafio 3/control_citas_medica/vendor/laravel/framework/src/Illuminate/Foundation/Http/Kernel.php(175): Illuminate/Pipeline/Pipeline->then(Object(Closure))
#46 E:/Users/Josue/UDB/2026/DSS404/Laboratorio/Desafio 3/control_citas_medica/vendor/laravel/framework/src/Illuminate/Foundation/Http/Kernel.php(144): Illuminate/Foundation/Http/Kernel->sendRequestThroughRouter(Object(Illuminate/Http/Request))
#47 E:/Users/Josue/UDB/2026/DSS404/Laboratorio/Desafio 3/control_citas_medica/vendor/laravel/framework/src/Illuminate/Foundation/Application.php(1220): Illuminate/Foundation/Http/Kernel->handle(Object(Illuminate/Http/Request))
#48 E:/Users/Josue/UDB/2026/DSS404/Laboratorio/Desafio 3/control_citas_medica/public/index.php(20): Illuminate/Foundation/Application->handleRequest(Object(Illuminate/Http/Request))
#49 E:/Users/Josue/UDB/2026/DSS404/Laboratorio/Desafio 3/control_citas_medica/vendor/laravel/framework/src/Illuminate/Foundation/resources/server.php(23): require_once('E://Users//Josue//...')
#50 {main}
"} 
[2026-05-24 03:10:59] local.ERROR: Call to undefined method App\Http\Controllers\AppointmentController::diagnose() {"userId":2,"exception":"[object] (Error(code: 0): Call to undefined method App\\Http\\Controllers\\AppointmentController::diagnose() at E:/Users/Josue/UDB/2026/DSS404/Laboratorio/Desafio 3/control_citas_medica/vendor/laravel/framework/src/Illuminate/Routing/ControllerDispatcher.php:46)
[stacktrace]
#0 E:/Users/Josue/UDB/2026/DSS404/Laboratorio/Desafio 3/control_citas_medica/vendor/laravel/framework/src/Illuminate/Routing/Route.php(265): Illuminate/Routing/ControllerDispatcher->dispatch(Object(Illuminate/Routing/Route), Object(App/Http/Controllers/AppointmentController), 'diagnose')
#1 E:/Users/Josue/UDB/2026/DSS404/Laboratorio/Desafio 3/control_citas_medica/vendor/laravel/framework/src/Illuminate/Routing/Route.php(211): Illuminate/Routing/Route->runController()
#2 E:/Users/Josue/UDB/2026/DSS404/Laboratorio/Desafio 3/control_citas_medica/vendor/laravel/framework/src/Illuminate/Routing/Router.php(822): Illuminate/Routing/Route->run()
#3 E:/Users/Josue/UDB/2026/DSS404/Laboratorio/Desafio 3/control_citas_medica/vendor/laravel/framework/src/Illuminate/Pipeline/Pipeline.php(180): Illuminate/Routing/Router->Illuminate/Routing/{closure}(Object(Illuminate/Http/Request))
#4 E:/Users/Josue/UDB/2026/DSS404/Laboratorio/Desafio 3/control_citas_medica/vendor/laravel/framework/src/Illuminate/Routing/Middleware/SubstituteBindings.php(50): Illuminate/Pipeline/Pipeline->Illuminate/Pipeline/{closure}(Object(Illuminate/Http/Request))
#5 E:/Users/Josue/UDB/2026/DSS404/Laboratorio/Desafio 3/control_citas_medica/vendor/laravel/framework/src/Illuminate/Pipeline/Pipeline.php(219): Illuminate/Routing/Middleware/SubstituteBindings->handle(Object(Illuminate/Http/Request), Object(Closure))
#6 E:/Users/Josue/UDB/2026/DSS404/Laboratorio/Desafio 3/control_citas_medica/vendor/laravel/framework/src/Illuminate/Auth/Middleware/Authenticate.php(63): Illuminate/Pipeline/Pipeline->Illuminate/Pipeline/{closure}(Object(Illuminate/Http/Request))
#7 E:/Users/Josue/UDB/2026/DSS404/Laboratorio/Desafio 3/control_citas_medica/vendor/laravel/framework/src/Illuminate/Pipeline/Pipeline.php(219): Illuminate/Auth/Middleware/Authenticate->handle(Object(Illuminate/Http/Request), Object(Closure))
#8 E:/Users/Josue/UDB/2026/DSS404/Laboratorio/Desafio 3/control_citas_medica/vendor/laravel/framework/src/Illuminate/Foundation/Http/Middleware/VerifyCsrfToken.php(87): Illuminate/Pipeline/Pipeline->Illuminate/Pipeline/{closure}(Object(Illuminate/Http/Request))
#9 E:/Users/Josue/UDB/2026/DSS404/Laboratorio/Desafio 3/control_citas_medica/vendor/laravel/framework/src/Illuminate/Pipeline/Pipeline.php(219): Illuminate/Foundation/Http/Middleware/VerifyCsrfToken->handle(Object(Illuminate/Http/Request), Object(Closure))
#10 E:/Users/Josue/UDB/2026/DSS404/Laboratorio/Desafio 3/control_citas_medica/vendor/laravel/framework/src/Illuminate/View/Middleware/ShareErrorsFromSession.php(48): Illuminate/Pipeline/Pipeline->Illuminate/Pipeline/{closure}(Object(Illuminate/Http/Request))
#11 E:/Users/Josue/UDB/2026/DSS404/Laboratorio/Desafio 3/control_citas_medica/vendor/laravel/framework/src/Illuminate/Pipeline/Pipeline.php(219): Illuminate/View/Middleware/ShareErrorsFromSession->handle(Object(Illuminate/Http/Request), Object(Closure))
#12 E:/Users/Josue/UDB/2026/DSS404/Laboratorio/Desafio 3/control_citas_medica/vendor/laravel/framework/src/Illuminate/Session/Middleware/StartSession.php(120): Illuminate/Pipeline/Pipeline->Illuminate/Pipeline/{closure}(Object(Illuminate/Http/Request))
#13 E:/Users/Josue/UDB/2026/DSS404/Laboratorio/Desafio 3/control_citas_medica/vendor/laravel/framework/src/Illuminate/Session/Middleware/StartSession.php(63): Illuminate/Session/Middleware/StartSession->handleStatefulRequest(Object(Illuminate/Http/Request), Object(Illuminate/Session/Store), Object(Closure))
#14 E:/Users/Josue/UDB/2026/DSS404/Laboratorio/Desafio 3/control_citas_medica/vendor/laravel/framework/src/Illuminate/Pipeline/Pipeline.php(219): Illuminate/Session/Middleware/StartSession->handle(Object(Illuminate/Http/Request), Object(Closure))
#15 E:/Users/Josue/UDB/2026/DSS404/Laboratorio/Desafio 3/control_citas_medica/vendor/laravel/framework/src/Illuminate/Cookie/Middleware/AddQueuedCookiesToResponse.php(36): Illuminate/Pipeline/Pipeline->Illuminate/Pipeline/{closure}(Object(Illuminate/Http/Request))
#16 E:/Users/Josue/UDB/2026/DSS404/Laboratorio/Desafio 3/control_citas_medica/vendor/laravel/framework/src/Illuminate/Pipeline/Pipeline.php(219): Illuminate/Cookie/Middleware/AddQueuedCookiesToResponse->handle(Object(Illuminate/Http/Request), Object(Closure))
#17 E:/Users/Josue/UDB/2026/DSS404/Laboratorio/Desafio 3/control_citas_medica/vendor/laravel/framework/src/Illuminate/Cookie/Middleware/EncryptCookies.php(74): Illuminate/Pipeline/Pipeline->Illuminate/Pipeline/{closure}(Object(Illuminate/Http/Request))
#18 E:/Users/Josue/UDB/2026/DSS404/Laboratorio/Desafio 3/control_citas_medica/vendor/laravel/framework/src/Illuminate/Pipeline/Pipeline.php(219): Illuminate/Cookie/Middleware/EncryptCookies->handle(Object(Illuminate/Http/Request), Object(Closure))
#19 E:/Users/Josue/UDB/2026/DSS404/Laboratorio/Desafio 3/control_citas_medica/vendor/laravel/framework/src/Illuminate/Pipeline/Pipeline.php(137): Illuminate/Pipeline/Pipeline->Illuminate/Pipeline/{closure}(Object(Illuminate/Http/Request))
#20 E:/Users/Josue/UDB/2026/DSS404/Laboratorio/Desafio 3/control_citas_medica/vendor/laravel/framework/src/Illuminate/Routing/Router.php(821): Illuminate/Pipeline/Pipeline->then(Object(Closure))
#21 E:/Users/Josue/UDB/2026/DSS404/Laboratorio/Desafio 3/control_citas_medica/vendor/laravel/framework/src/Illuminate/Routing/Router.php(800): Illuminate/Routing/Router->runRouteWithinStack(Object(Illuminate/Routing/Route), Object(Illuminate/Http/Request))
#22 E:/Users/Josue/UDB/2026/DSS404/Laboratorio/Desafio 3/control_citas_medica/vendor/laravel/framework/src/Illuminate/Routing/Router.php(764): Illuminate/Routing/Router->runRoute(Object(Illuminate/Http/Request), Object(Illuminate/Routing/Route))
#23 E:/Users/Josue/UDB/2026/DSS404/Laboratorio/Desafio 3/control_citas_medica/vendor/laravel/framework/src/Illuminate/Routing/Router.php(753): Illuminate/Routing/Router->dispatchToRoute(Object(Illuminate/Http/Request))
#24 E:/Users/Josue/UDB/2026/DSS404/Laboratorio/Desafio 3/control_citas_medica/vendor/laravel/framework/src/Illuminate/Foundation/Http/Kernel.php(200): Illuminate/Routing/Router->dispatch(Object(Illuminate/Http/Request))
#25 E:/Users/Josue/UDB/2026/DSS404/Laboratorio/Desafio 3/control_citas_medica/vendor/laravel/framework/src/Illuminate/Pipeline/Pipeline.php(180): Illuminate/Foundation/Http/Kernel->Illuminate/Foundation/Http/{closure}(Object(Illuminate/Http/Request))
#26 E:/Users/Josue/UDB/2026/DSS404/Laboratorio/Desafio 3/control_citas_medica/vendor/laravel/framework/src/Illuminate/Foundation/Http/Middleware/TransformsRequest.php(21): Illuminate/Pipeline/Pipeline->Illuminate/Pipeline/{closure}(Object(Illuminate/Http/Request))
#27 E:/Users/Josue/UDB/2026/DSS404/Laboratorio/Desafio 3/control_citas_medica/vendor/laravel/framework/src/Illuminate/Foundation/Http/Middleware/ConvertEmptyStringsToNull.php(31): Illuminate/Foundation/Http/Middleware/TransformsRequest->handle(Object(Illuminate/Http/Request), Object(Closure))
#28 E:/Users/Josue/UDB/2026/DSS404/Laboratorio/Desafio 3/control_citas_medica/vendor/laravel/framework/src/Illuminate/Pipeline/Pipeline.php(219): Illuminate/Foundation/Http/Middleware/ConvertEmptyStringsToNull->handle(Object(Illuminate/Http/Request), Object(Closure))
#29 E:/Users/Josue/UDB/2026/DSS404/Laboratorio/Desafio 3/control_citas_medica/vendor/laravel/framework/src/Illuminate/Foundation/Http/Middleware/TransformsRequest.php(21): Illuminate/Pipeline/Pipeline->Illuminate/Pipeline/{closure}(Object(Illuminate/Http/Request))
#30 E:/Users/Josue/UDB/2026/DSS404/Laboratorio/Desafio 3/control_citas_medica/vendor/laravel/framework/src/Illuminate/Foundation/Http/Middleware/TrimStrings.php(51): Illuminate/Foundation/Http/Middleware/TransformsRequest->handle(Object(Illuminate/Http/Request), Object(Closure))
#31 E:/Users/Josue/UDB/2026/DSS404/Laboratorio/Desafio 3/control_citas_medica/vendor/laravel/framework/src/Illuminate/Pipeline/Pipeline.php(219): Illuminate/Foundation/Http/Middleware/TrimStrings->handle(Object(Illuminate/Http/Request), Object(Closure))
#32 E:/Users/Josue/UDB/2026/DSS404/Laboratorio/Desafio 3/control_citas_medica/vendor/laravel/framework/src/Illuminate/Http/Middleware/ValidatePostSize.php(27): Illuminate/Pipeline/Pipeline->Illuminate/Pipeline/{closure}(Object(Illuminate/Http/Request))
#33 E:/Users/Josue/UDB/2026/DSS404/Laboratorio/Desafio 3/control_citas_medica/vendor/laravel/framework/src/Illuminate/Pipeline/Pipeline.php(219): Illuminate/Http/Middleware/ValidatePostSize->handle(Object(Illuminate/Http/Request), Object(Closure))
#34 E:/Users/Josue/UDB/2026/DSS404/Laboratorio/Desafio 3/control_citas_medica/vendor/laravel/framework/src/Illuminate/Foundation/Http/Middleware/PreventRequestsDuringMaintenance.php(109): Illuminate/Pipeline/Pipeline->Illuminate/Pipeline/{closure}(Object(Illuminate/Http/Request))
#35 E:/Users/Josue/UDB/2026/DSS404/Laboratorio/Desafio 3/control_citas_medica/vendor/laravel/framework/src/Illuminate/Pipeline/Pipeline.php(219): Illuminate/Foundation/Http/Middleware/PreventRequestsDuringMaintenance->handle(Object(Illuminate/Http/Request), Object(Closure))
#36 E:/Users/Josue/UDB/2026/DSS404/Laboratorio/Desafio 3/control_citas_medica/vendor/laravel/framework/src/Illuminate/Http/Middleware/HandleCors.php(61): Illuminate/Pipeline/Pipeline->Illuminate/Pipeline/{closure}(Object(Illuminate/Http/Request))
#37 E:/Users/Josue/UDB/2026/DSS404/Laboratorio/Desafio 3/control_citas_medica/vendor/laravel/framework/src/Illuminate/Pipeline/Pipeline.php(219): Illuminate/Http/Middleware/HandleCors->handle(Object(Illuminate/Http/Request), Object(Closure))
#38 E:/Users/Josue/UDB/2026/DSS404/Laboratorio/Desafio 3/control_citas_medica/vendor/laravel/framework/src/Illuminate/Http/Middleware/TrustProxies.php(58): Illuminate/Pipeline/Pipeline->Illuminate/Pipeline/{closure}(Object(Illuminate/Http/Request))
#39 E:/Users/Josue/UDB/2026/DSS404/Laboratorio/Desafio 3/control_citas_medica/vendor/laravel/framework/src/Illuminate/Pipeline/Pipeline.php(219): Illuminate/Http/Middleware/TrustProxies->handle(Object(Illuminate/Http/Request), Object(Closure))
#40 E:/Users/Josue/UDB/2026/DSS404/Laboratorio/Desafio 3/control_citas_medica/vendor/laravel/framework/src/Illuminate/Foundation/Http/Middleware/InvokeDeferredCallbacks.php(22): Illuminate/Pipeline/Pipeline->Illuminate/Pipeline/{closure}(Object(Illuminate/Http/Request))
#41 E:/Users/Josue/UDB/2026/DSS404/Laboratorio/Desafio 3/control_citas_medica/vendor/laravel/framework/src/Illuminate/Pipeline/Pipeline.php(219): Illuminate/Foundation/Http/Middleware/InvokeDeferredCallbacks->handle(Object(Illuminate/Http/Request), Object(Closure))
#42 E:/Users/Josue/UDB/2026/DSS404/Laboratorio/Desafio 3/control_citas_medica/vendor/laravel/framework/src/Illuminate/Http/Middleware/ValidatePathEncoding.php(26): Illuminate/Pipeline/Pipeline->Illuminate/Pipeline/{closure}(Object(Illuminate/Http/Request))
#43 E:/Users/Josue/UDB/2026/DSS404/Laboratorio/Desafio 3/control_citas_medica/vendor/laravel/framework/src/Illuminate/Pipeline/Pipeline.php(219): Illuminate/Http/Middleware/ValidatePathEncoding->handle(Object(Illuminate/Http/Request), Object(Closure))
#44 E:/Users/Josue/UDB/2026/DSS404/Laboratorio/Desafio 3/control_citas_medica/vendor/laravel/framework/src/Illuminate/Pipeline/Pipeline.php(137): Illuminate/Pipeline/Pipeline->Illuminate/Pipeline/{closure}(Object(Illuminate/Http/Request))
#45 E:/Users/Josue/UDB/2026/DSS404/Laboratorio/Desafio 3/control_citas_medica/vendor/laravel/framework/src/Illuminate/Foundation/Http/Kernel.php(175): Illuminate/Pipeline/Pipeline->then(Object(Closure))
#46 E:/Users/Josue/UDB/2026/DSS404/Laboratorio/Desafio 3/control_citas_medica/vendor/laravel/framework/src/Illuminate/Foundation/Http/Kernel.php(144): Illuminate/Foundation/Http/Kernel->sendRequestThroughRouter(Object(Illuminate/Http/Request))
#47 E:/Users/Josue/UDB/2026/DSS404/Laboratorio/Desafio 3/control_citas_medica/vendor/laravel/framework/src/Illuminate/Foundation/Application.php(1220): Illuminate/Foundation/Http/Kernel->handle(Object(Illuminate/Http/Request))
#48 E:/Users/Josue/UDB/2026/DSS404/Laboratorio/Desafio 3/control_citas_medica/public/index.php(20): Illuminate/Foundation/Application->handleRequest(Object(Illuminate/Http/Request))
#49 E:/Users/Josue/UDB/2026/DSS404/Laboratorio/Desafio 3/control_citas_medica/vendor/laravel/framework/src/Illuminate/Foundation/resources/server.php(23): require_once('E://Users//Josue//...')
#50 {main}
"} 
[2026-05-24 03:10:59] local.ERROR: Call to undefined method App\Http\Controllers\AppointmentController::diagnose() {"userId":2,"exception":"[object] (Error(code: 0): Call to undefined method App\\Http\\Controllers\\AppointmentController::diagnose() at E:/Users/Josue/UDB/2026/DSS404/Laboratorio/Desafio 3/control_citas_medica/vendor/laravel/framework/src/Illuminate/Routing/ControllerDispatcher.php:46)
[stacktrace]
#0 E:/Users/Josue/UDB/2026/DSS404/Laboratorio/Desafio 3/control_citas_medica/vendor/laravel/framework/src/Illuminate/Routing/Route.php(265): Illuminate/Routing/ControllerDispatcher->dispatch(Object(Illuminate/Routing/Route), Object(App/Http/Controllers/AppointmentController), 'diagnose')
#1 E:/Users/Josue/UDB/2026/DSS404/Laboratorio/Desafio 3/control_citas_medica/vendor/laravel/framework/src/Illuminate/Routing/Route.php(211): Illuminate/Routing/Route->runController()
#2 E:/Users/Josue/UDB/2026/DSS404/Laboratorio/Desafio 3/control_citas_medica/vendor/laravel/framework/src/Illuminate/Routing/Router.php(822): Illuminate/Routing/Route->run()
#3 E:/Users/Josue/UDB/2026/DSS404/Laboratorio/Desafio 3/control_citas_medica/vendor/laravel/framework/src/Illuminate/Pipeline/Pipeline.php(180): Illuminate/Routing/Router->Illuminate/Routing/{closure}(Object(Illuminate/Http/Request))
#4 E:/Users/Josue/UDB/2026/DSS404/Laboratorio/Desafio 3/control_citas_medica/vendor/laravel/framework/src/Illuminate/Routing/Middleware/SubstituteBindings.php(50): Illuminate/Pipeline/Pipeline->Illuminate/Pipeline/{closure}(Object(Illuminate/Http/Request))
#5 E:/Users/Josue/UDB/2026/DSS404/Laboratorio/Desafio 3/control_citas_medica/vendor/laravel/framework/src/Illuminate/Pipeline/Pipeline.php(219): Illuminate/Routing/Middleware/SubstituteBindings->handle(Object(Illuminate/Http/Request), Object(Closure))
#6 E:/Users/Josue/UDB/2026/DSS404/Laboratorio/Desafio 3/control_citas_medica/vendor/laravel/framework/src/Illuminate/Auth/Middleware/Authenticate.php(63): Illuminate/Pipeline/Pipeline->Illuminate/Pipeline/{closure}(Object(Illuminate/Http/Request))
#7 E:/Users/Josue/UDB/2026/DSS404/Laboratorio/Desafio 3/control_citas_medica/vendor/laravel/framework/src/Illuminate/Pipeline/Pipeline.php(219): Illuminate/Auth/Middleware/Authenticate->handle(Object(Illuminate/Http/Request), Object(Closure))
#8 E:/Users/Josue/UDB/2026/DSS404/Laboratorio/Desafio 3/control_citas_medica/vendor/laravel/framework/src/Illuminate/Foundation/Http/Middleware/VerifyCsrfToken.php(87): Illuminate/Pipeline/Pipeline->Illuminate/Pipeline/{closure}(Object(Illuminate/Http/Request))
#9 E:/Users/Josue/UDB/2026/DSS404/Laboratorio/Desafio 3/control_citas_medica/vendor/laravel/framework/src/Illuminate/Pipeline/Pipeline.php(219): Illuminate/Foundation/Http/Middleware/VerifyCsrfToken->handle(Object(Illuminate/Http/Request), Object(Closure))
#10 E:/Users/Josue/UDB/2026/DSS404/Laboratorio/Desafio 3/control_citas_medica/vendor/laravel/framework/src/Illuminate/View/Middleware/ShareErrorsFromSession.php(48): Illuminate/Pipeline/Pipeline->Illuminate/Pipeline/{closure}(Object(Illuminate/Http/Request))
#11 E:/Users/Josue/UDB/2026/DSS404/Laboratorio/Desafio 3/control_citas_medica/vendor/laravel/framework/src/Illuminate/Pipeline/Pipeline.php(219): Illuminate/View/Middleware/ShareErrorsFromSession->handle(Object(Illuminate/Http/Request), Object(Closure))
#12 E:/Users/Josue/UDB/2026/DSS404/Laboratorio/Desafio 3/control_citas_medica/vendor/laravel/framework/src/Illuminate/Session/Middleware/StartSession.php(120): Illuminate/Pipeline/Pipeline->Illuminate/Pipeline/{closure}(Object(Illuminate/Http/Request))
#13 E:/Users/Josue/UDB/2026/DSS404/Laboratorio/Desafio 3/control_citas_medica/vendor/laravel/framework/src/Illuminate/Session/Middleware/StartSession.php(63): Illuminate/Session/Middleware/StartSession->handleStatefulRequest(Object(Illuminate/Http/Request), Object(Illuminate/Session/Store), Object(Closure))
#14 E:/Users/Josue/UDB/2026/DSS404/Laboratorio/Desafio 3/control_citas_medica/vendor/laravel/framework/src/Illuminate/Pipeline/Pipeline.php(219): Illuminate/Session/Middleware/StartSession->handle(Object(Illuminate/Http/Request), Object(Closure))
#15 E:/Users/Josue/UDB/2026/DSS404/Laboratorio/Desafio 3/control_citas_medica/vendor/laravel/framework/src/Illuminate/Cookie/Middleware/AddQueuedCookiesToResponse.php(36): Illuminate/Pipeline/Pipeline->Illuminate/Pipeline/{closure}(Object(Illuminate/Http/Request))
#16 E:/Users/Josue/UDB/2026/DSS404/Laboratorio/Desafio 3/control_citas_medica/vendor/laravel/framework/src/Illuminate/Pipeline/Pipeline.php(219): Illuminate/Cookie/Middleware/AddQueuedCookiesToResponse->handle(Object(Illuminate/Http/Request), Object(Closure))
#17 E:/Users/Josue/UDB/2026/DSS404/Laboratorio/Desafio 3/control_citas_medica/vendor/laravel/framework/src/Illuminate/Cookie/Middleware/EncryptCookies.php(74): Illuminate/Pipeline/Pipeline->Illuminate/Pipeline/{closure}(Object(Illuminate/Http/Request))
#18 E:/Users/Josue/UDB/2026/DSS404/Laboratorio/Desafio 3/control_citas_medica/vendor/laravel/framework/src/Illuminate/Pipeline/Pipeline.php(219): Illuminate/Cookie/Middleware/EncryptCookies->handle(Object(Illuminate/Http/Request), Object(Closure))
#19 E:/Users/Josue/UDB/2026/DSS404/Laboratorio/Desafio 3/control_citas_medica/vendor/laravel/framework/src/Illuminate/Pipeline/Pipeline.php(137): Illuminate/Pipeline/Pipeline->Illuminate/Pipeline/{closure}(Object(Illuminate/Http/Request))
#20 E:/Users/Josue/UDB/2026/DSS404/Laboratorio/Desafio 3/control_citas_medica/vendor/laravel/framework/src/Illuminate/Routing/Router.php(821): Illuminate/Pipeline/Pipeline->then(Object(Closure))
#21 E:/Users/Josue/UDB/2026/DSS404/Laboratorio/Desafio 3/control_citas_medica/vendor/laravel/framework/src/Illuminate/Routing/Router.php(800): Illuminate/Routing/Router->runRouteWithinStack(Object(Illuminate/Routing/Route), Object(Illuminate/Http/Request))
#22 E:/Users/Josue/UDB/2026/DSS404/Laboratorio/Desafio 3/control_citas_medica/vendor/laravel/framework/src/Illuminate/Routing/Router.php(764): Illuminate/Routing/Router->runRoute(Object(Illuminate/Http/Request), Object(Illuminate/Routing/Route))
#23 E:/Users/Josue/UDB/2026/DSS404/Laboratorio/Desafio 3/control_citas_medica/vendor/laravel/framework/src/Illuminate/Routing/Router.php(753): Illuminate/Routing/Router->dispatchToRoute(Object(Illuminate/Http/Request))
#24 E:/Users/Josue/UDB/2026/DSS404/Laboratorio/Desafio 3/control_citas_medica/vendor/laravel/framework/src/Illuminate/Foundation/Http/Kernel.php(200): Illuminate/Routing/Router->dispatch(Object(Illuminate/Http/Request))
#25 E:/Users/Josue/UDB/2026/DSS404/Laboratorio/Desafio 3/control_citas_medica/vendor/laravel/framework/src/Illuminate/Pipeline/Pipeline.php(180): Illuminate/Foundation/Http/Kernel->Illuminate/Foundation/Http/{closure}(Object(Illuminate/Http/Request))
#26 E:/Users/Josue/UDB/2026/DSS404/Laboratorio/Desafio 3/control_citas_medica/vendor/laravel/framework/src/Illuminate/Foundation/Http/Middleware/TransformsRequest.php(21): Illuminate/Pipeline/Pipeline->Illuminate/Pipeline/{closure}(Object(Illuminate/Http/Request))
#27 E:/Users/Josue/UDB/2026/DSS404/Laboratorio/Desafio 3/control_citas_medica/vendor/laravel/framework/src/Illuminate/Foundation/Http/Middleware/ConvertEmptyStringsToNull.php(31): Illuminate/Foundation/Http/Middleware/TransformsRequest->handle(Object(Illuminate/Http/Request), Object(Closure))
#28 E:/Users/Josue/UDB/2026/DSS404/Laboratorio/Desafio 3/control_citas_medica/vendor/laravel/framework/src/Illuminate/Pipeline/Pipeline.php(219): Illuminate/Foundation/Http/Middleware/ConvertEmptyStringsToNull->handle(Object(Illuminate/Http/Request), Object(Closure))
#29 E:/Users/Josue/UDB/2026/DSS404/Laboratorio/Desafio 3/control_citas_medica/vendor/laravel/framework/src/Illuminate/Foundation/Http/Middleware/TransformsRequest.php(21): Illuminate/Pipeline/Pipeline->Illuminate/Pipeline/{closure}(Object(Illuminate/Http/Request))
#30 E:/Users/Josue/UDB/2026/DSS404/Laboratorio/Desafio 3/control_citas_medica/vendor/laravel/framework/src/Illuminate/Foundation/Http/Middleware/TrimStrings.php(51): Illuminate/Foundation/Http/Middleware/TransformsRequest->handle(Object(Illuminate/Http/Request), Object(Closure))
#31 E:/Users/Josue/UDB/2026/DSS404/Laboratorio/Desafio 3/control_citas_medica/vendor/laravel/framework/src/Illuminate/Pipeline/Pipeline.php(219): Illuminate/Foundation/Http/Middleware/TrimStrings->handle(Object(Illuminate/Http/Request), Object(Closure))
#32 E:/Users/Josue/UDB/2026/DSS404/Laboratorio/Desafio 3/control_citas_medica/vendor/laravel/framework/src/Illuminate/Http/Middleware/ValidatePostSize.php(27): Illuminate/Pipeline/Pipeline->Illuminate/Pipeline/{closure}(Object(Illuminate/Http/Request))
#33 E:/Users/Josue/UDB/2026/DSS404/Laboratorio/Desafio 3/control_citas_medica/vendor/laravel/framework/src/Illuminate/Pipeline/Pipeline.php(219): Illuminate/Http/Middleware/ValidatePostSize->handle(Object(Illuminate/Http/Request), Object(Closure))
#34 E:/Users/Josue/UDB/2026/DSS404/Laboratorio/Desafio 3/control_citas_medica/vendor/laravel/framework/src/Illuminate/Foundation/Http/Middleware/PreventRequestsDuringMaintenance.php(109): Illuminate/Pipeline/Pipeline->Illuminate/Pipeline/{closure}(Object(Illuminate/Http/Request))
#35 E:/Users/Josue/UDB/2026/DSS404/Laboratorio/Desafio 3/control_citas_medica/vendor/laravel/framework/src/Illuminate/Pipeline/Pipeline.php(219): Illuminate/Foundation/Http/Middleware/PreventRequestsDuringMaintenance->handle(Object(Illuminate/Http/Request), Object(Closure))
#36 E:/Users/Josue/UDB/2026/DSS404/Laboratorio/Desafio 3/control_citas_medica/vendor/laravel/framework/src/Illuminate/Http/Middleware/HandleCors.php(61): Illuminate/Pipeline/Pipeline->Illuminate/Pipeline/{closure}(Object(Illuminate/Http/Request))
#37 E:/Users/Josue/UDB/2026/DSS404/Laboratorio/Desafio 3/control_citas_medica/vendor/laravel/framework/src/Illuminate/Pipeline/Pipeline.php(219): Illuminate/Http/Middleware/HandleCors->handle(Object(Illuminate/Http/Request), Object(Closure))
#38 E:/Users/Josue/UDB/2026/DSS404/Laboratorio/Desafio 3/control_citas_medica/vendor/laravel/framework/src/Illuminate/Http/Middleware/TrustProxies.php(58): Illuminate/Pipeline/Pipeline->Illuminate/Pipeline/{closure}(Object(Illuminate/Http/Request))
#39 E:/Users/Josue/UDB/2026/DSS404/Laboratorio/Desafio 3/control_citas_medica/vendor/laravel/framework/src/Illuminate/Pipeline/Pipeline.php(219): Illuminate/Http/Middleware/TrustProxies->handle(Object(Illuminate/Http/Request), Object(Closure))
#40 E:/Users/Josue/UDB/2026/DSS404/Laboratorio/Desafio 3/control_citas_medica/vendor/laravel/framework/src/Illuminate/Foundation/Http/Middleware/InvokeDeferredCallbacks.php(22): Illuminate/Pipeline/Pipeline->Illuminate/Pipeline/{closure}(Object(Illuminate/Http/Request))
#41 E:/Users/Josue/UDB/2026/DSS404/Laboratorio/Desafio 3/control_citas_medica/vendor/laravel/framework/src/Illuminate/Pipeline/Pipeline.php(219): Illuminate/Foundation/Http/Middleware/InvokeDeferredCallbacks->handle(Object(Illuminate/Http/Request), Object(Closure))
#42 E:/Users/Josue/UDB/2026/DSS404/Laboratorio/Desafio 3/control_citas_medica/vendor/laravel/framework/src/Illuminate/Http/Middleware/ValidatePathEncoding.php(26): Illuminate/Pipeline/Pipeline->Illuminate/Pipeline/{closure}(Object(Illuminate/Http/Request))
#43 E:/Users/Josue/UDB/2026/DSS404/Laboratorio/Desafio 3/control_citas_medica/vendor/laravel/framework/src/Illuminate/Pipeline/Pipeline.php(219): Illuminate/Http/Middleware/ValidatePathEncoding->handle(Object(Illuminate/Http/Request), Object(Closure))
#44 E:/Users/Josue/UDB/2026/DSS404/Laboratorio/Desafio 3/control_citas_medica/vendor/laravel/framework/src/Illuminate/Pipeline/Pipeline.php(137): Illuminate/Pipeline/Pipeline->Illuminate/Pipeline/{closure}(Object(Illuminate/Http/Request))
#45 E:/Users/Josue/UDB/2026/DSS404/Laboratorio/Desafio 3/control_citas_medica/vendor/laravel/framework/src/Illuminate/Foundation/Http/Kernel.php(175): Illuminate/Pipeline/Pipeline->then(Object(Closure))
#46 E:/Users/Josue/UDB/2026/DSS404/Laboratorio/Desafio 3/control_citas_medica/vendor/laravel/framework/src/Illuminate/Foundation/Http/Kernel.php(144): Illuminate/Foundation/Http/Kernel->sendRequestThroughRouter(Object(Illuminate/Http/Request))
#47 E:/Users/Josue/UDB/2026/DSS404/Laboratorio/Desafio 3/control_citas_medica/vendor/laravel/framework/src/Illuminate/Foundation/Application.php(1220): Illuminate/Foundation/Http/Kernel->handle(Object(Illuminate/Http/Request))
#48 E:/Users/Josue/UDB/2026/DSS404/Laboratorio/Desafio 3/control_citas_medica/public/index.php(20): Illuminate/Foundation/Application->handleRequest(Object(Illuminate/Http/Request))
#49 E:/Users/Josue/UDB/2026/DSS404/Laboratorio/Desafio 3/control_citas_medica/vendor/laravel/framework/src/Illuminate/Foundation/resources/server.php(23): require_once('E://Users//Josue//...')
#50 {main}
"} 
[2026-05-24 03:11:00] local.ERROR: Call to undefined method App\Http\Controllers\AppointmentController::diagnose() {"userId":2,"exception":"[object] (Error(code: 0): Call to undefined method App\\Http\\Controllers\\AppointmentController::diagnose() at E:/Users/Josue/UDB/2026/DSS404/Laboratorio/Desafio 3/control_citas_medica/vendor/laravel/framework/src/Illuminate/Routing/ControllerDispatcher.php:46)
[stacktrace]
#0 E:/Users/Josue/UDB/2026/DSS404/Laboratorio/Desafio 3/control_citas_medica/vendor/laravel/framework/src/Illuminate/Routing/Route.php(265): Illuminate/Routing/ControllerDispatcher->dispatch(Object(Illuminate/Routing/Route), Object(App/Http/Controllers/AppointmentController), 'diagnose')
#1 E:/Users/Josue/UDB/2026/DSS404/Laboratorio/Desafio 3/control_citas_medica/vendor/laravel/framework/src/Illuminate/Routing/Route.php(211): Illuminate/Routing/Route->runController()
#2 E:/Users/Josue/UDB/2026/DSS404/Laboratorio/Desafio 3/control_citas_medica/vendor/laravel/framework/src/Illuminate/Routing/Router.php(822): Illuminate/Routing/Route->run()
#3 E:/Users/Josue/UDB/2026/DSS404/Laboratorio/Desafio 3/control_citas_medica/vendor/laravel/framework/src/Illuminate/Pipeline/Pipeline.php(180): Illuminate/Routing/Router->Illuminate/Routing/{closure}(Object(Illuminate/Http/Request))
#4 E:/Users/Josue/UDB/2026/DSS404/Laboratorio/Desafio 3/control_citas_medica/vendor/laravel/framework/src/Illuminate/Routing/Middleware/SubstituteBindings.php(50): Illuminate/Pipeline/Pipeline->Illuminate/Pipeline/{closure}(Object(Illuminate/Http/Request))
#5 E:/Users/Josue/UDB/2026/DSS404/Laboratorio/Desafio 3/control_citas_medica/vendor/laravel/framework/src/Illuminate/Pipeline/Pipeline.php(219): Illuminate/Routing/Middleware/SubstituteBindings->handle(Object(Illuminate/Http/Request), Object(Closure))
#6 E:/Users/Josue/UDB/2026/DSS404/Laboratorio/Desafio 3/control_citas_medica/vendor/laravel/framework/src/Illuminate/Auth/Middleware/Authenticate.php(63): Illuminate/Pipeline/Pipeline->Illuminate/Pipeline/{closure}(Object(Illuminate/Http/Request))
#7 E:/Users/Josue/UDB/2026/DSS404/Laboratorio/Desafio 3/control_citas_medica/vendor/laravel/framework/src/Illuminate/Pipeline/Pipeline.php(219): Illuminate/Auth/Middleware/Authenticate->handle(Object(Illuminate/Http/Request), Object(Closure))
#8 E:/Users/Josue/UDB/2026/DSS404/Laboratorio/Desafio 3/control_citas_medica/vendor/laravel/framework/src/Illuminate/Foundation/Http/Middleware/VerifyCsrfToken.php(87): Illuminate/Pipeline/Pipeline->Illuminate/Pipeline/{closure}(Object(Illuminate/Http/Request))
#9 E:/Users/Josue/UDB/2026/DSS404/Laboratorio/Desafio 3/control_citas_medica/vendor/laravel/framework/src/Illuminate/Pipeline/Pipeline.php(219): Illuminate/Foundation/Http/Middleware/VerifyCsrfToken->handle(Object(Illuminate/Http/Request), Object(Closure))
#10 E:/Users/Josue/UDB/2026/DSS404/Laboratorio/Desafio 3/control_citas_medica/vendor/laravel/framework/src/Illuminate/View/Middleware/ShareErrorsFromSession.php(48): Illuminate/Pipeline/Pipeline->Illuminate/Pipeline/{closure}(Object(Illuminate/Http/Request))
#11 E:/Users/Josue/UDB/2026/DSS404/Laboratorio/Desafio 3/control_citas_medica/vendor/laravel/framework/src/Illuminate/Pipeline/Pipeline.php(219): Illuminate/View/Middleware/ShareErrorsFromSession->handle(Object(Illuminate/Http/Request), Object(Closure))
#12 E:/Users/Josue/UDB/2026/DSS404/Laboratorio/Desafio 3/control_citas_medica/vendor/laravel/framework/src/Illuminate/Session/Middleware/StartSession.php(120): Illuminate/Pipeline/Pipeline->Illuminate/Pipeline/{closure}(Object(Illuminate/Http/Request))
#13 E:/Users/Josue/UDB/2026/DSS404/Laboratorio/Desafio 3/control_citas_medica/vendor/laravel/framework/src/Illuminate/Session/Middleware/StartSession.php(63): Illuminate/Session/Middleware/StartSession->handleStatefulRequest(Object(Illuminate/Http/Request), Object(Illuminate/Session/Store), Object(Closure))
#14 E:/Users/Josue/UDB/2026/DSS404/Laboratorio/Desafio 3/control_citas_medica/vendor/laravel/framework/src/Illuminate/Pipeline/Pipeline.php(219): Illuminate/Session/Middleware/StartSession->handle(Object(Illuminate/Http/Request), Object(Closure))
#15 E:/Users/Josue/UDB/2026/DSS404/Laboratorio/Desafio 3/control_citas_medica/vendor/laravel/framework/src/Illuminate/Cookie/Middleware/AddQueuedCookiesToResponse.php(36): Illuminate/Pipeline/Pipeline->Illuminate/Pipeline/{closure}(Object(Illuminate/Http/Request))
#16 E:/Users/Josue/UDB/2026/DSS404/Laboratorio/Desafio 3/control_citas_medica/vendor/laravel/framework/src/Illuminate/Pipeline/Pipeline.php(219): Illuminate/Cookie/Middleware/AddQueuedCookiesToResponse->handle(Object(Illuminate/Http/Request), Object(Closure))
#17 E:/Users/Josue/UDB/2026/DSS404/Laboratorio/Desafio 3/control_citas_medica/vendor/laravel/framework/src/Illuminate/Cookie/Middleware/EncryptCookies.php(74): Illuminate/Pipeline/Pipeline->Illuminate/Pipeline/{closure}(Object(Illuminate/Http/Request))
#18 E:/Users/Josue/UDB/2026/DSS404/Laboratorio/Desafio 3/control_citas_medica/vendor/laravel/framework/src/Illuminate/Pipeline/Pipeline.php(219): Illuminate/Cookie/Middleware/EncryptCookies->handle(Object(Illuminate/Http/Request), Object(Closure))
#19 E:/Users/Josue/UDB/2026/DSS404/Laboratorio/Desafio 3/control_citas_medica/vendor/laravel/framework/src/Illuminate/Pipeline/Pipeline.php(137): Illuminate/Pipeline/Pipeline->Illuminate/Pipeline/{closure}(Object(Illuminate/Http/Request))
#20 E:/Users/Josue/UDB/2026/DSS404/Laboratorio/Desafio 3/control_citas_medica/vendor/laravel/framework/src/Illuminate/Routing/Router.php(821): Illuminate/Pipeline/Pipeline->then(Object(Closure))
#21 E:/Users/Josue/UDB/2026/DSS404/Laboratorio/Desafio 3/control_citas_medica/vendor/laravel/framework/src/Illuminate/Routing/Router.php(800): Illuminate/Routing/Router->runRouteWithinStack(Object(Illuminate/Routing/Route), Object(Illuminate/Http/Request))
#22 E:/Users/Josue/UDB/2026/DSS404/Laboratorio/Desafio 3/control_citas_medica/vendor/laravel/framework/src/Illuminate/Routing/Router.php(764): Illuminate/Routing/Router->runRoute(Object(Illuminate/Http/Request), Object(Illuminate/Routing/Route))
#23 E:/Users/Josue/UDB/2026/DSS404/Laboratorio/Desafio 3/control_citas_medica/vendor/laravel/framework/src/Illuminate/Routing/Router.php(753): Illuminate/Routing/Router->dispatchToRoute(Object(Illuminate/Http/Request))
#24 E:/Users/Josue/UDB/2026/DSS404/Laboratorio/Desafio 3/control_citas_medica/vendor/laravel/framework/src/Illuminate/Foundation/Http/Kernel.php(200): Illuminate/Routing/Router->dispatch(Object(Illuminate/Http/Request))
#25 E:/Users/Josue/UDB/2026/DSS404/Laboratorio/Desafio 3/control_citas_medica/vendor/laravel/framework/src/Illuminate/Pipeline/Pipeline.php(180): Illuminate/Foundation/Http/Kernel->Illuminate/Foundation/Http/{closure}(Object(Illuminate/Http/Request))
#26 E:/Users/Josue/UDB/2026/DSS404/Laboratorio/Desafio 3/control_citas_medica/vendor/laravel/framework/src/Illuminate/Foundation/Http/Middleware/TransformsRequest.php(21): Illuminate/Pipeline/Pipeline->Illuminate/Pipeline/{closure}(Object(Illuminate/Http/Request))
#27 E:/Users/Josue/UDB/2026/DSS404/Laboratorio/Desafio 3/control_citas_medica/vendor/laravel/framework/src/Illuminate/Foundation/Http/Middleware/ConvertEmptyStringsToNull.php(31): Illuminate/Foundation/Http/Middleware/TransformsRequest->handle(Object(Illuminate/Http/Request), Object(Closure))
#28 E:/Users/Josue/UDB/2026/DSS404/Laboratorio/Desafio 3/control_citas_medica/vendor/laravel/framework/src/Illuminate/Pipeline/Pipeline.php(219): Illuminate/Foundation/Http/Middleware/ConvertEmptyStringsToNull->handle(Object(Illuminate/Http/Request), Object(Closure))
#29 E:/Users/Josue/UDB/2026/DSS404/Laboratorio/Desafio 3/control_citas_medica/vendor/laravel/framework/src/Illuminate/Foundation/Http/Middleware/TransformsRequest.php(21): Illuminate/Pipeline/Pipeline->Illuminate/Pipeline/{closure}(Object(Illuminate/Http/Request))
#30 E:/Users/Josue/UDB/2026/DSS404/Laboratorio/Desafio 3/control_citas_medica/vendor/laravel/framework/src/Illuminate/Foundation/Http/Middleware/TrimStrings.php(51): Illuminate/Foundation/Http/Middleware/TransformsRequest->handle(Object(Illuminate/Http/Request), Object(Closure))
#31 E:/Users/Josue/UDB/2026/DSS404/Laboratorio/Desafio 3/control_citas_medica/vendor/laravel/framework/src/Illuminate/Pipeline/Pipeline.php(219): Illuminate/Foundation/Http/Middleware/TrimStrings->handle(Object(Illuminate/Http/Request), Object(Closure))
#32 E:/Users/Josue/UDB/2026/DSS404/Laboratorio/Desafio 3/control_citas_medica/vendor/laravel/framework/src/Illuminate/Http/Middleware/ValidatePostSize.php(27): Illuminate/Pipeline/Pipeline->Illuminate/Pipeline/{closure}(Object(Illuminate/Http/Request))
#33 E:/Users/Josue/UDB/2026/DSS404/Laboratorio/Desafio 3/control_citas_medica/vendor/laravel/framework/src/Illuminate/Pipeline/Pipeline.php(219): Illuminate/Http/Middleware/ValidatePostSize->handle(Object(Illuminate/Http/Request), Object(Closure))
#34 E:/Users/Josue/UDB/2026/DSS404/Laboratorio/Desafio 3/control_citas_medica/vendor/laravel/framework/src/Illuminate/Foundation/Http/Middleware/PreventRequestsDuringMaintenance.php(109): Illuminate/Pipeline/Pipeline->Illuminate/Pipeline/{closure}(Object(Illuminate/Http/Request))
#35 E:/Users/Josue/UDB/2026/DSS404/Laboratorio/Desafio 3/control_citas_medica/vendor/laravel/framework/src/Illuminate/Pipeline/Pipeline.php(219): Illuminate/Foundation/Http/Middleware/PreventRequestsDuringMaintenance->handle(Object(Illuminate/Http/Request), Object(Closure))
#36 E:/Users/Josue/UDB/2026/DSS404/Laboratorio/Desafio 3/control_citas_medica/vendor/laravel/framework/src/Illuminate/Http/Middleware/HandleCors.php(61): Illuminate/Pipeline/Pipeline->Illuminate/Pipeline/{closure}(Object(Illuminate/Http/Request))
#37 E:/Users/Josue/UDB/2026/DSS404/Laboratorio/Desafio 3/control_citas_medica/vendor/laravel/framework/src/Illuminate/Pipeline/Pipeline.php(219): Illuminate/Http/Middleware/HandleCors->handle(Object(Illuminate/Http/Request), Object(Closure))
#38 E:/Users/Josue/UDB/2026/DSS404/Laboratorio/Desafio 3/control_citas_medica/vendor/laravel/framework/src/Illuminate/Http/Middleware/TrustProxies.php(58): Illuminate/Pipeline/Pipeline->Illuminate/Pipeline/{closure}(Object(Illuminate/Http/Request))
#39 E:/Users/Josue/UDB/2026/DSS404/Laboratorio/Desafio 3/control_citas_medica/vendor/laravel/framework/src/Illuminate/Pipeline/Pipeline.php(219): Illuminate/Http/Middleware/TrustProxies->handle(Object(Illuminate/Http/Request), Object(Closure))
#40 E:/Users/Josue/UDB/2026/DSS404/Laboratorio/Desafio 3/control_citas_medica/vendor/laravel/framework/src/Illuminate/Foundation/Http/Middleware/InvokeDeferredCallbacks.php(22): Illuminate/Pipeline/Pipeline->Illuminate/Pipeline/{closure}(Object(Illuminate/Http/Request))
#41 E:/Users/Josue/UDB/2026/DSS404/Laboratorio/Desafio 3/control_citas_medica/vendor/laravel/framework/src/Illuminate/Pipeline/Pipeline.php(219): Illuminate/Foundation/Http/Middleware/InvokeDeferredCallbacks->handle(Object(Illuminate/Http/Request), Object(Closure))
#42 E:/Users/Josue/UDB/2026/DSS404/Laboratorio/Desafio 3/control_citas_medica/vendor/laravel/framework/src/Illuminate/Http/Middleware/ValidatePathEncoding.php(26): Illuminate/Pipeline/Pipeline->Illuminate/Pipeline/{closure}(Object(Illuminate/Http/Request))
#43 E:/Users/Josue/UDB/2026/DSS404/Laboratorio/Desafio 3/control_citas_medica/vendor/laravel/framework/src/Illuminate/Pipeline/Pipeline.php(219): Illuminate/Http/Middleware/ValidatePathEncoding->handle(Object(Illuminate/Http/Request), Object(Closure))
#44 E:/Users/Josue/UDB/2026/DSS404/Laboratorio/Desafio 3/control_citas_medica/vendor/laravel/framework/src/Illuminate/Pipeline/Pipeline.php(137): Illuminate/Pipeline/Pipeline->Illuminate/Pipeline/{closure}(Object(Illuminate/Http/Request))
#45 E:/Users/Josue/UDB/2026/DSS404/Laboratorio/Desafio 3/control_citas_medica/vendor/laravel/framework/src/Illuminate/Foundation/Http/Kernel.php(175): Illuminate/Pipeline/Pipeline->then(Object(Closure))
#46 E:/Users/Josue/UDB/2026/DSS404/Laboratorio/Desafio 3/control_citas_medica/vendor/laravel/framework/src/Illuminate/Foundation/Http/Kernel.php(144): Illuminate/Foundation/Http/Kernel->sendRequestThroughRouter(Object(Illuminate/Http/Request))
#47 E:/Users/Josue/UDB/2026/DSS404/Laboratorio/Desafio 3/control_citas_medica/vendor/laravel/framework/src/Illuminate/Foundation/Application.php(1220): Illuminate/Foundation/Http/Kernel->handle(Object(Illuminate/Http/Request))
#48 E:/Users/Josue/UDB/2026/DSS404/Laboratorio/Desafio 3/control_citas_medica/public/index.php(20): Illuminate/Foundation/Application->handleRequest(Object(Illuminate/Http/Request))
#49 E:/Users/Josue/UDB/2026/DSS404/Laboratorio/Desafio 3/control_citas_medica/vendor/laravel/framework/src/Illuminate/Foundation/resources/server.php(23): require_once('E://Users//Josue//...')
#50 {main}
"} 
[2026-05-24 03:11:00] local.ERROR: Call to undefined method App\Http\Controllers\AppointmentController::diagnose() {"userId":2,"exception":"[object] (Error(code: 0): Call to undefined method App\\Http\\Controllers\\AppointmentController::diagnose() at E:/Users/Josue/UDB/2026/DSS404/Laboratorio/Desafio 3/control_citas_medica/vendor/laravel/framework/src/Illuminate/Routing/ControllerDispatcher.php:46)
[stacktrace]
#0 E:/Users/Josue/UDB/2026/DSS404/Laboratorio/Desafio 3/control_citas_medica/vendor/laravel/framework/src/Illuminate/Routing/Route.php(265): Illuminate/Routing/ControllerDispatcher->dispatch(Object(Illuminate/Routing/Route), Object(App/Http/Controllers/AppointmentController), 'diagnose')
#1 E:/Users/Josue/UDB/2026/DSS404/Laboratorio/Desafio 3/control_citas_medica/vendor/laravel/framework/src/Illuminate/Routing/Route.php(211): Illuminate/Routing/Route->runController()
#2 E:/Users/Josue/UDB/2026/DSS404/Laboratorio/Desafio 3/control_citas_medica/vendor/laravel/framework/src/Illuminate/Routing/Router.php(822): Illuminate/Routing/Route->run()
#3 E:/Users/Josue/UDB/2026/DSS404/Laboratorio/Desafio 3/control_citas_medica/vendor/laravel/framework/src/Illuminate/Pipeline/Pipeline.php(180): Illuminate/Routing/Router->Illuminate/Routing/{closure}(Object(Illuminate/Http/Request))
#4 E:/Users/Josue/UDB/2026/DSS404/Laboratorio/Desafio 3/control_citas_medica/vendor/laravel/framework/src/Illuminate/Routing/Middleware/SubstituteBindings.php(50): Illuminate/Pipeline/Pipeline->Illuminate/Pipeline/{closure}(Object(Illuminate/Http/Request))
#5 E:/Users/Josue/UDB/2026/DSS404/Laboratorio/Desafio 3/control_citas_medica/vendor/laravel/framework/src/Illuminate/Pipeline/Pipeline.php(219): Illuminate/Routing/Middleware/SubstituteBindings->handle(Object(Illuminate/Http/Request), Object(Closure))
#6 E:/Users/Josue/UDB/2026/DSS404/Laboratorio/Desafio 3/control_citas_medica/vendor/laravel/framework/src/Illuminate/Auth/Middleware/Authenticate.php(63): Illuminate/Pipeline/Pipeline->Illuminate/Pipeline/{closure}(Object(Illuminate/Http/Request))
#7 E:/Users/Josue/UDB/2026/DSS404/Laboratorio/Desafio 3/control_citas_medica/vendor/laravel/framework/src/Illuminate/Pipeline/Pipeline.php(219): Illuminate/Auth/Middleware/Authenticate->handle(Object(Illuminate/Http/Request), Object(Closure))
#8 E:/Users/Josue/UDB/2026/DSS404/Laboratorio/Desafio 3/control_citas_medica/vendor/laravel/framework/src/Illuminate/Foundation/Http/Middleware/VerifyCsrfToken.php(87): Illuminate/Pipeline/Pipeline->Illuminate/Pipeline/{closure}(Object(Illuminate/Http/Request))
#9 E:/Users/Josue/UDB/2026/DSS404/Laboratorio/Desafio 3/control_citas_medica/vendor/laravel/framework/src/Illuminate/Pipeline/Pipeline.php(219): Illuminate/Foundation/Http/Middleware/VerifyCsrfToken->handle(Object(Illuminate/Http/Request), Object(Closure))
#10 E:/Users/Josue/UDB/2026/DSS404/Laboratorio/Desafio 3/control_citas_medica/vendor/laravel/framework/src/Illuminate/View/Middleware/ShareErrorsFromSession.php(48): Illuminate/Pipeline/Pipeline->Illuminate/Pipeline/{closure}(Object(Illuminate/Http/Request))
#11 E:/Users/Josue/UDB/2026/DSS404/Laboratorio/Desafio 3/control_citas_medica/vendor/laravel/framework/src/Illuminate/Pipeline/Pipeline.php(219): Illuminate/View/Middleware/ShareErrorsFromSession->handle(Object(Illuminate/Http/Request), Object(Closure))
#12 E:/Users/Josue/UDB/2026/DSS404/Laboratorio/Desafio 3/control_citas_medica/vendor/laravel/framework/src/Illuminate/Session/Middleware/StartSession.php(120): Illuminate/Pipeline/Pipeline->Illuminate/Pipeline/{closure}(Object(Illuminate/Http/Request))
#13 E:/Users/Josue/UDB/2026/DSS404/Laboratorio/Desafio 3/control_citas_medica/vendor/laravel/framework/src/Illuminate/Session/Middleware/StartSession.php(63): Illuminate/Session/Middleware/StartSession->handleStatefulRequest(Object(Illuminate/Http/Request), Object(Illuminate/Session/Store), Object(Closure))
#14 E:/Users/Josue/UDB/2026/DSS404/Laboratorio/Desafio 3/control_citas_medica/vendor/laravel/framework/src/Illuminate/Pipeline/Pipeline.php(219): Illuminate/Session/Middleware/StartSession->handle(Object(Illuminate/Http/Request), Object(Closure))
#15 E:/Users/Josue/UDB/2026/DSS404/Laboratorio/Desafio 3/control_citas_medica/vendor/laravel/framework/src/Illuminate/Cookie/Middleware/AddQueuedCookiesToResponse.php(36): Illuminate/Pipeline/Pipeline->Illuminate/Pipeline/{closure}(Object(Illuminate/Http/Request))
#16 E:/Users/Josue/UDB/2026/DSS404/Laboratorio/Desafio 3/control_citas_medica/vendor/laravel/framework/src/Illuminate/Pipeline/Pipeline.php(219): Illuminate/Cookie/Middleware/AddQueuedCookiesToResponse->handle(Object(Illuminate/Http/Request), Object(Closure))
#17 E:/Users/Josue/UDB/2026/DSS404/Laboratorio/Desafio 3/control_citas_medica/vendor/laravel/framework/src/Illuminate/Cookie/Middleware/EncryptCookies.php(74): Illuminate/Pipeline/Pipeline->Illuminate/Pipeline/{closure}(Object(Illuminate/Http/Request))
#18 E:/Users/Josue/UDB/2026/DSS404/Laboratorio/Desafio 3/control_citas_medica/vendor/laravel/framework/src/Illuminate/Pipeline/Pipeline.php(219): Illuminate/Cookie/Middleware/EncryptCookies->handle(Object(Illuminate/Http/Request), Object(Closure))
#19 E:/Users/Josue/UDB/2026/DSS404/Laboratorio/Desafio 3/control_citas_medica/vendor/laravel/framework/src/Illuminate/Pipeline/Pipeline.php(137): Illuminate/Pipeline/Pipeline->Illuminate/Pipeline/{closure}(Object(Illuminate/Http/Request))
#20 E:/Users/Josue/UDB/2026/DSS404/Laboratorio/Desafio 3/control_citas_medica/vendor/laravel/framework/src/Illuminate/Routing/Router.php(821): Illuminate/Pipeline/Pipeline->then(Object(Closure))
#21 E:/Users/Josue/UDB/2026/DSS404/Laboratorio/Desafio 3/control_citas_medica/vendor/laravel/framework/src/Illuminate/Routing/Router.php(800): Illuminate/Routing/Router->runRouteWithinStack(Object(Illuminate/Routing/Route), Object(Illuminate/Http/Request))
#22 E:/Users/Josue/UDB/2026/DSS404/Laboratorio/Desafio 3/control_citas_medica/vendor/laravel/framework/src/Illuminate/Routing/Router.php(764): Illuminate/Routing/Router->runRoute(Object(Illuminate/Http/Request), Object(Illuminate/Routing/Route))
#23 E:/Users/Josue/UDB/2026/DSS404/Laboratorio/Desafio 3/control_citas_medica/vendor/laravel/framework/src/Illuminate/Routing/Router.php(753): Illuminate/Routing/Router->dispatchToRoute(Object(Illuminate/Http/Request))
#24 E:/Users/Josue/UDB/2026/DSS404/Laboratorio/Desafio 3/control_citas_medica/vendor/laravel/framework/src/Illuminate/Foundation/Http/Kernel.php(200): Illuminate/Routing/Router->dispatch(Object(Illuminate/Http/Request))
#25 E:/Users/Josue/UDB/2026/DSS404/Laboratorio/Desafio 3/control_citas_medica/vendor/laravel/framework/src/Illuminate/Pipeline/Pipeline.php(180): Illuminate/Foundation/Http/Kernel->Illuminate/Foundation/Http/{closure}(Object(Illuminate/Http/Request))
#26 E:/Users/Josue/UDB/2026/DSS404/Laboratorio/Desafio 3/control_citas_medica/vendor/laravel/framework/src/Illuminate/Foundation/Http/Middleware/TransformsRequest.php(21): Illuminate/Pipeline/Pipeline->Illuminate/Pipeline/{closure}(Object(Illuminate/Http/Request))
#27 E:/Users/Josue/UDB/2026/DSS404/Laboratorio/Desafio 3/control_citas_medica/vendor/laravel/framework/src/Illuminate/Foundation/Http/Middleware/ConvertEmptyStringsToNull.php(31): Illuminate/Foundation/Http/Middleware/TransformsRequest->handle(Object(Illuminate/Http/Request), Object(Closure))
#28 E:/Users/Josue/UDB/2026/DSS404/Laboratorio/Desafio 3/control_citas_medica/vendor/laravel/framework/src/Illuminate/Pipeline/Pipeline.php(219): Illuminate/Foundation/Http/Middleware/ConvertEmptyStringsToNull->handle(Object(Illuminate/Http/Request), Object(Closure))
#29 E:/Users/Josue/UDB/2026/DSS404/Laboratorio/Desafio 3/control_citas_medica/vendor/laravel/framework/src/Illuminate/Foundation/Http/Middleware/TransformsRequest.php(21): Illuminate/Pipeline/Pipeline->Illuminate/Pipeline/{closure}(Object(Illuminate/Http/Request))
#30 E:/Users/Josue/UDB/2026/DSS404/Laboratorio/Desafio 3/control_citas_medica/vendor/laravel/framework/src/Illuminate/Foundation/Http/Middleware/TrimStrings.php(51): Illuminate/Foundation/Http/Middleware/TransformsRequest->handle(Object(Illuminate/Http/Request), Object(Closure))
#31 E:/Users/Josue/UDB/2026/DSS404/Laboratorio/Desafio 3/control_citas_medica/vendor/laravel/framework/src/Illuminate/Pipeline/Pipeline.php(219): Illuminate/Foundation/Http/Middleware/TrimStrings->handle(Object(Illuminate/Http/Request), Object(Closure))
#32 E:/Users/Josue/UDB/2026/DSS404/Laboratorio/Desafio 3/control_citas_medica/vendor/laravel/framework/src/Illuminate/Http/Middleware/ValidatePostSize.php(27): Illuminate/Pipeline/Pipeline->Illuminate/Pipeline/{closure}(Object(Illuminate/Http/Request))
#33 E:/Users/Josue/UDB/2026/DSS404/Laboratorio/Desafio 3/control_citas_medica/vendor/laravel/framework/src/Illuminate/Pipeline/Pipeline.php(219): Illuminate/Http/Middleware/ValidatePostSize->handle(Object(Illuminate/Http/Request), Object(Closure))
#34 E:/Users/Josue/UDB/2026/DSS404/Laboratorio/Desafio 3/control_citas_medica/vendor/laravel/framework/src/Illuminate/Foundation/Http/Middleware/PreventRequestsDuringMaintenance.php(109): Illuminate/Pipeline/Pipeline->Illuminate/Pipeline/{closure}(Object(Illuminate/Http/Request))
#35 E:/Users/Josue/UDB/2026/DSS404/Laboratorio/Desafio 3/control_citas_medica/vendor/laravel/framework/src/Illuminate/Pipeline/Pipeline.php(219): Illuminate/Foundation/Http/Middleware/PreventRequestsDuringMaintenance->handle(Object(Illuminate/Http/Request), Object(Closure))
#36 E:/Users/Josue/UDB/2026/DSS404/Laboratorio/Desafio 3/control_citas_medica/vendor/laravel/framework/src/Illuminate/Http/Middleware/HandleCors.php(61): Illuminate/Pipeline/Pipeline->Illuminate/Pipeline/{closure}(Object(Illuminate/Http/Request))
#37 E:/Users/Josue/UDB/2026/DSS404/Laboratorio/Desafio 3/control_citas_medica/vendor/laravel/framework/src/Illuminate/Pipeline/Pipeline.php(219): Illuminate/Http/Middleware/HandleCors->handle(Object(Illuminate/Http/Request), Object(Closure))
#38 E:/Users/Josue/UDB/2026/DSS404/Laboratorio/Desafio 3/control_citas_medica/vendor/laravel/framework/src/Illuminate/Http/Middleware/TrustProxies.php(58): Illuminate/Pipeline/Pipeline->Illuminate/Pipeline/{closure}(Object(Illuminate/Http/Request))
#39 E:/Users/Josue/UDB/2026/DSS404/Laboratorio/Desafio 3/control_citas_medica/vendor/laravel/framework/src/Illuminate/Pipeline/Pipeline.php(219): Illuminate/Http/Middleware/TrustProxies->handle(Object(Illuminate/Http/Request), Object(Closure))
#40 E:/Users/Josue/UDB/2026/DSS404/Laboratorio/Desafio 3/control_citas_medica/vendor/laravel/framework/src/Illuminate/Foundation/Http/Middleware/InvokeDeferredCallbacks.php(22): Illuminate/Pipeline/Pipeline->Illuminate/Pipeline/{closure}(Object(Illuminate/Http/Request))
#41 E:/Users/Josue/UDB/2026/DSS404/Laboratorio/Desafio 3/control_citas_medica/vendor/laravel/framework/src/Illuminate/Pipeline/Pipeline.php(219): Illuminate/Foundation/Http/Middleware/InvokeDeferredCallbacks->handle(Object(Illuminate/Http/Request), Object(Closure))
#42 E:/Users/Josue/UDB/2026/DSS404/Laboratorio/Desafio 3/control_citas_medica/vendor/laravel/framework/src/Illuminate/Http/Middleware/ValidatePathEncoding.php(26): Illuminate/Pipeline/Pipeline->Illuminate/Pipeline/{closure}(Object(Illuminate/Http/Request))
#43 E:/Users/Josue/UDB/2026/DSS404/Laboratorio/Desafio 3/control_citas_medica/vendor/laravel/framework/src/Illuminate/Pipeline/Pipeline.php(219): Illuminate/Http/Middleware/ValidatePathEncoding->handle(Object(Illuminate/Http/Request), Object(Closure))
#44 E:/Users/Josue/UDB/2026/DSS404/Laboratorio/Desafio 3/control_citas_medica/vendor/laravel/framework/src/Illuminate/Pipeline/Pipeline.php(137): Illuminate/Pipeline/Pipeline->Illuminate/Pipeline/{closure}(Object(Illuminate/Http/Request))
#45 E:/Users/Josue/UDB/2026/DSS404/Laboratorio/Desafio 3/control_citas_medica/vendor/laravel/framework/src/Illuminate/Foundation/Http/Kernel.php(175): Illuminate/Pipeline/Pipeline->then(Object(Closure))
#46 E:/Users/Josue/UDB/2026/DSS404/Laboratorio/Desafio 3/control_citas_medica/vendor/laravel/framework/src/Illuminate/Foundation/Http/Kernel.php(144): Illuminate/Foundation/Http/Kernel->sendRequestThroughRouter(Object(Illuminate/Http/Request))
#47 E:/Users/Josue/UDB/2026/DSS404/Laboratorio/Desafio 3/control_citas_medica/vendor/laravel/framework/src/Illuminate/Foundation/Application.php(1220): Illuminate/Foundation/Http/Kernel->handle(Object(Illuminate/Http/Request))
#48 E:/Users/Josue/UDB/2026/DSS404/Laboratorio/Desafio 3/control_citas_medica/public/index.php(20): Illuminate/Foundation/Application->handleRequest(Object(Illuminate/Http/Request))
#49 E:/Users/Josue/UDB/2026/DSS404/Laboratorio/Desafio 3/control_citas_medica/vendor/laravel/framework/src/Illuminate/Foundation/resources/server.php(23): require_once('E://Users//Josue//...')
#50 {main}
"} 
[2026-05-24 03:15:12] local.ERROR: Call to undefined method App\Http\Controllers\AppointmentController::diagnose() {"userId":2,"exception":"[object] (Error(code: 0): Call to undefined method App\\Http\\Controllers\\AppointmentController::diagnose() at E:/Users/Josue/UDB/2026/DSS404/Laboratorio/Desafio 3/control_citas_medica/vendor/laravel/framework/src/Illuminate/Routing/ControllerDispatcher.php:46)
[stacktrace]
#0 E:/Users/Josue/UDB/2026/DSS404/Laboratorio/Desafio 3/control_citas_medica/vendor/laravel/framework/src/Illuminate/Routing/Route.php(265): Illuminate/Routing/ControllerDispatcher->dispatch(Object(Illuminate/Routing/Route), Object(App/Http/Controllers/AppointmentController), 'diagnose')
#1 E:/Users/Josue/UDB/2026/DSS404/Laboratorio/Desafio 3/control_citas_medica/vendor/laravel/framework/src/Illuminate/Routing/Route.php(211): Illuminate/Routing/Route->runController()
#2 E:/Users/Josue/UDB/2026/DSS404/Laboratorio/Desafio 3/control_citas_medica/vendor/laravel/framework/src/Illuminate/Routing/Router.php(822): Illuminate/Routing/Route->run()
#3 E:/Users/Josue/UDB/2026/DSS404/Laboratorio/Desafio 3/control_citas_medica/vendor/laravel/framework/src/Illuminate/Pipeline/Pipeline.php(180): Illuminate/Routing/Router->Illuminate/Routing/{closure}(Object(Illuminate/Http/Request))
#4 E:/Users/Josue/UDB/2026/DSS404/Laboratorio/Desafio 3/control_citas_medica/vendor/laravel/framework/src/Illuminate/Routing/Middleware/SubstituteBindings.php(50): Illuminate/Pipeline/Pipeline->Illuminate/Pipeline/{closure}(Object(Illuminate/Http/Request))
#5 E:/Users/Josue/UDB/2026/DSS404/Laboratorio/Desafio 3/control_citas_medica/vendor/laravel/framework/src/Illuminate/Pipeline/Pipeline.php(219): Illuminate/Routing/Middleware/SubstituteBindings->handle(Object(Illuminate/Http/Request), Object(Closure))
#6 E:/Users/Josue/UDB/2026/DSS404/Laboratorio/Desafio 3/control_citas_medica/vendor/laravel/framework/src/Illuminate/Auth/Middleware/Authenticate.php(63): Illuminate/Pipeline/Pipeline->Illuminate/Pipeline/{closure}(Object(Illuminate/Http/Request))
#7 E:/Users/Josue/UDB/2026/DSS404/Laboratorio/Desafio 3/control_citas_medica/vendor/laravel/framework/src/Illuminate/Pipeline/Pipeline.php(219): Illuminate/Auth/Middleware/Authenticate->handle(Object(Illuminate/Http/Request), Object(Closure))
#8 E:/Users/Josue/UDB/2026/DSS404/Laboratorio/Desafio 3/control_citas_medica/vendor/laravel/framework/src/Illuminate/Foundation/Http/Middleware/VerifyCsrfToken.php(87): Illuminate/Pipeline/Pipeline->Illuminate/Pipeline/{closure}(Object(Illuminate/Http/Request))
#9 E:/Users/Josue/UDB/2026/DSS404/Laboratorio/Desafio 3/control_citas_medica/vendor/laravel/framework/src/Illuminate/Pipeline/Pipeline.php(219): Illuminate/Foundation/Http/Middleware/VerifyCsrfToken->handle(Object(Illuminate/Http/Request), Object(Closure))
#10 E:/Users/Josue/UDB/2026/DSS404/Laboratorio/Desafio 3/control_citas_medica/vendor/laravel/framework/src/Illuminate/View/Middleware/ShareErrorsFromSession.php(48): Illuminate/Pipeline/Pipeline->Illuminate/Pipeline/{closure}(Object(Illuminate/Http/Request))
#11 E:/Users/Josue/UDB/2026/DSS404/Laboratorio/Desafio 3/control_citas_medica/vendor/laravel/framework/src/Illuminate/Pipeline/Pipeline.php(219): Illuminate/View/Middleware/ShareErrorsFromSession->handle(Object(Illuminate/Http/Request), Object(Closure))
#12 E:/Users/Josue/UDB/2026/DSS404/Laboratorio/Desafio 3/control_citas_medica/vendor/laravel/framework/src/Illuminate/Session/Middleware/StartSession.php(120): Illuminate/Pipeline/Pipeline->Illuminate/Pipeline/{closure}(Object(Illuminate/Http/Request))
#13 E:/Users/Josue/UDB/2026/DSS404/Laboratorio/Desafio 3/control_citas_medica/vendor/laravel/framework/src/Illuminate/Session/Middleware/StartSession.php(63): Illuminate/Session/Middleware/StartSession->handleStatefulRequest(Object(Illuminate/Http/Request), Object(Illuminate/Session/Store), Object(Closure))
#14 E:/Users/Josue/UDB/2026/DSS404/Laboratorio/Desafio 3/control_citas_medica/vendor/laravel/framework/src/Illuminate/Pipeline/Pipeline.php(219): Illuminate/Session/Middleware/StartSession->handle(Object(Illuminate/Http/Request), Object(Closure))
#15 E:/Users/Josue/UDB/2026/DSS404/Laboratorio/Desafio 3/control_citas_medica/vendor/laravel/framework/src/Illuminate/Cookie/Middleware/AddQueuedCookiesToResponse.php(36): Illuminate/Pipeline/Pipeline->Illuminate/Pipeline/{closure}(Object(Illuminate/Http/Request))
#16 E:/Users/Josue/UDB/2026/DSS404/Laboratorio/Desafio 3/control_citas_medica/vendor/laravel/framework/src/Illuminate/Pipeline/Pipeline.php(219): Illuminate/Cookie/Middleware/AddQueuedCookiesToResponse->handle(Object(Illuminate/Http/Request), Object(Closure))
#17 E:/Users/Josue/UDB/2026/DSS404/Laboratorio/Desafio 3/control_citas_medica/vendor/laravel/framework/src/Illuminate/Cookie/Middleware/EncryptCookies.php(74): Illuminate/Pipeline/Pipeline->Illuminate/Pipeline/{closure}(Object(Illuminate/Http/Request))
#18 E:/Users/Josue/UDB/2026/DSS404/Laboratorio/Desafio 3/control_citas_medica/vendor/laravel/framework/src/Illuminate/Pipeline/Pipeline.php(219): Illuminate/Cookie/Middleware/EncryptCookies->handle(Object(Illuminate/Http/Request), Object(Closure))
#19 E:/Users/Josue/UDB/2026/DSS404/Laboratorio/Desafio 3/control_citas_medica/vendor/laravel/framework/src/Illuminate/Pipeline/Pipeline.php(137): Illuminate/Pipeline/Pipeline->Illuminate/Pipeline/{closure}(Object(Illuminate/Http/Request))
#20 E:/Users/Josue/UDB/2026/DSS404/Laboratorio/Desafio 3/control_citas_medica/vendor/laravel/framework/src/Illuminate/Routing/Router.php(821): Illuminate/Pipeline/Pipeline->then(Object(Closure))
#21 E:/Users/Josue/UDB/2026/DSS404/Laboratorio/Desafio 3/control_citas_medica/vendor/laravel/framework/src/Illuminate/Routing/Router.php(800): Illuminate/Routing/Router->runRouteWithinStack(Object(Illuminate/Routing/Route), Object(Illuminate/Http/Request))
#22 E:/Users/Josue/UDB/2026/DSS404/Laboratorio/Desafio 3/control_citas_medica/vendor/laravel/framework/src/Illuminate/Routing/Router.php(764): Illuminate/Routing/Router->runRoute(Object(Illuminate/Http/Request), Object(Illuminate/Routing/Route))
#23 E:/Users/Josue/UDB/2026/DSS404/Laboratorio/Desafio 3/control_citas_medica/vendor/laravel/framework/src/Illuminate/Routing/Router.php(753): Illuminate/Routing/Router->dispatchToRoute(Object(Illuminate/Http/Request))
#24 E:/Users/Josue/UDB/2026/DSS404/Laboratorio/Desafio 3/control_citas_medica/vendor/laravel/framework/src/Illuminate/Foundation/Http/Kernel.php(200): Illuminate/Routing/Router->dispatch(Object(Illuminate/Http/Request))
#25 E:/Users/Josue/UDB/2026/DSS404/Laboratorio/Desafio 3/control_citas_medica/vendor/laravel/framework/src/Illuminate/Pipeline/Pipeline.php(180): Illuminate/Foundation/Http/Kernel->Illuminate/Foundation/Http/{closure}(Object(Illuminate/Http/Request))
#26 E:/Users/Josue/UDB/2026/DSS404/Laboratorio/Desafio 3/control_citas_medica/vendor/laravel/framework/src/Illuminate/Foundation/Http/Middleware/TransformsRequest.php(21): Illuminate/Pipeline/Pipeline->Illuminate/Pipeline/{closure}(Object(Illuminate/Http/Request))
#27 E:/Users/Josue/UDB/2026/DSS404/Laboratorio/Desafio 3/control_citas_medica/vendor/laravel/framework/src/Illuminate/Foundation/Http/Middleware/ConvertEmptyStringsToNull.php(31): Illuminate/Foundation/Http/Middleware/TransformsRequest->handle(Object(Illuminate/Http/Request), Object(Closure))
#28 E:/Users/Josue/UDB/2026/DSS404/Laboratorio/Desafio 3/control_citas_medica/vendor/laravel/framework/src/Illuminate/Pipeline/Pipeline.php(219): Illuminate/Foundation/Http/Middleware/ConvertEmptyStringsToNull->handle(Object(Illuminate/Http/Request), Object(Closure))
#29 E:/Users/Josue/UDB/2026/DSS404/Laboratorio/Desafio 3/control_citas_medica/vendor/laravel/framework/src/Illuminate/Foundation/Http/Middleware/TransformsRequest.php(21): Illuminate/Pipeline/Pipeline->Illuminate/Pipeline/{closure}(Object(Illuminate/Http/Request))
#30 E:/Users/Josue/UDB/2026/DSS404/Laboratorio/Desafio 3/control_citas_medica/vendor/laravel/framework/src/Illuminate/Foundation/Http/Middleware/TrimStrings.php(51): Illuminate/Foundation/Http/Middleware/TransformsRequest->handle(Object(Illuminate/Http/Request), Object(Closure))
#31 E:/Users/Josue/UDB/2026/DSS404/Laboratorio/Desafio 3/control_citas_medica/vendor/laravel/framework/src/Illuminate/Pipeline/Pipeline.php(219): Illuminate/Foundation/Http/Middleware/TrimStrings->handle(Object(Illuminate/Http/Request), Object(Closure))
#32 E:/Users/Josue/UDB/2026/DSS404/Laboratorio/Desafio 3/control_citas_medica/vendor/laravel/framework/src/Illuminate/Http/Middleware/ValidatePostSize.php(27): Illuminate/Pipeline/Pipeline->Illuminate/Pipeline/{closure}(Object(Illuminate/Http/Request))
#33 E:/Users/Josue/UDB/2026/DSS404/Laboratorio/Desafio 3/control_citas_medica/vendor/laravel/framework/src/Illuminate/Pipeline/Pipeline.php(219): Illuminate/Http/Middleware/ValidatePostSize->handle(Object(Illuminate/Http/Request), Object(Closure))
#34 E:/Users/Josue/UDB/2026/DSS404/Laboratorio/Desafio 3/control_citas_medica/vendor/laravel/framework/src/Illuminate/Foundation/Http/Middleware/PreventRequestsDuringMaintenance.php(109): Illuminate/Pipeline/Pipeline->Illuminate/Pipeline/{closure}(Object(Illuminate/Http/Request))
#35 E:/Users/Josue/UDB/2026/DSS404/Laboratorio/Desafio 3/control_citas_medica/vendor/laravel/framework/src/Illuminate/Pipeline/Pipeline.php(219): Illuminate/Foundation/Http/Middleware/PreventRequestsDuringMaintenance->handle(Object(Illuminate/Http/Request), Object(Closure))
#36 E:/Users/Josue/UDB/2026/DSS404/Laboratorio/Desafio 3/control_citas_medica/vendor/laravel/framework/src/Illuminate/Http/Middleware/HandleCors.php(61): Illuminate/Pipeline/Pipeline->Illuminate/Pipeline/{closure}(Object(Illuminate/Http/Request))
#37 E:/Users/Josue/UDB/2026/DSS404/Laboratorio/Desafio 3/control_citas_medica/vendor/laravel/framework/src/Illuminate/Pipeline/Pipeline.php(219): Illuminate/Http/Middleware/HandleCors->handle(Object(Illuminate/Http/Request), Object(Closure))
#38 E:/Users/Josue/UDB/2026/DSS404/Laboratorio/Desafio 3/control_citas_medica/vendor/laravel/framework/src/Illuminate/Http/Middleware/TrustProxies.php(58): Illuminate/Pipeline/Pipeline->Illuminate/Pipeline/{closure}(Object(Illuminate/Http/Request))
#39 E:/Users/Josue/UDB/2026/DSS404/Laboratorio/Desafio 3/control_citas_medica/vendor/laravel/framework/src/Illuminate/Pipeline/Pipeline.php(219): Illuminate/Http/Middleware/TrustProxies->handle(Object(Illuminate/Http/Request), Object(Closure))
#40 E:/Users/Josue/UDB/2026/DSS404/Laboratorio/Desafio 3/control_citas_medica/vendor/laravel/framework/src/Illuminate/Foundation/Http/Middleware/InvokeDeferredCallbacks.php(22): Illuminate/Pipeline/Pipeline->Illuminate/Pipeline/{closure}(Object(Illuminate/Http/Request))
#41 E:/Users/Josue/UDB/2026/DSS404/Laboratorio/Desafio 3/control_citas_medica/vendor/laravel/framework/src/Illuminate/Pipeline/Pipeline.php(219): Illuminate/Foundation/Http/Middleware/InvokeDeferredCallbacks->handle(Object(Illuminate/Http/Request), Object(Closure))
#42 E:/Users/Josue/UDB/2026/DSS404/Laboratorio/Desafio 3/control_citas_medica/vendor/laravel/framework/src/Illuminate/Http/Middleware/ValidatePathEncoding.php(26): Illuminate/Pipeline/Pipeline->Illuminate/Pipeline/{closure}(Object(Illuminate/Http/Request))
#43 E:/Users/Josue/UDB/2026/DSS404/Laboratorio/Desafio 3/control_citas_medica/vendor/laravel/framework/src/Illuminate/Pipeline/Pipeline.php(219): Illuminate/Http/Middleware/ValidatePathEncoding->handle(Object(Illuminate/Http/Request), Object(Closure))
#44 E:/Users/Josue/UDB/2026/DSS404/Laboratorio/Desafio 3/control_citas_medica/vendor/laravel/framework/src/Illuminate/Pipeline/Pipeline.php(137): Illuminate/Pipeline/Pipeline->Illuminate/Pipeline/{closure}(Object(Illuminate/Http/Request))
#45 E:/Users/Josue/UDB/2026/DSS404/Laboratorio/Desafio 3/control_citas_medica/vendor/laravel/framework/src/Illuminate/Foundation/Http/Kernel.php(175): Illuminate/Pipeline/Pipeline->then(Object(Closure))
#46 E:/Users/Josue/UDB/2026/DSS404/Laboratorio/Desafio 3/control_citas_medica/vendor/laravel/framework/src/Illuminate/Foundation/Http/Kernel.php(144): Illuminate/Foundation/Http/Kernel->sendRequestThroughRouter(Object(Illuminate/Http/Request))
#47 E:/Users/Josue/UDB/2026/DSS404/Laboratorio/Desafio 3/control_citas_medica/vendor/laravel/framework/src/Illuminate/Foundation/Application.php(1220): Illuminate/Foundation/Http/Kernel->handle(Object(Illuminate/Http/Request))
#48 E:/Users/Josue/UDB/2026/DSS404/Laboratorio/Desafio 3/control_citas_medica/public/index.php(20): Illuminate/Foundation/Application->handleRequest(Object(Illuminate/Http/Request))
#49 E:/Users/Josue/UDB/2026/DSS404/Laboratorio/Desafio 3/control_citas_medica/vendor/laravel/framework/src/Illuminate/Foundation/resources/server.php(23): require_once('E://Users//Josue//...')
#50 {main}
"} 
